<?xml version="1.0" encoding="ISO-8859-1"?>
 <resultfile>
   <header>
      <link id="28-24">
        <source_moteid>28</source_moteid>
        <dest_moteid>24</dest_moteid>
      </link>
      <filedate>Thu Jul 21 15:29:08 2011</filedate>
      <channels>
        <num_channels>4</num_channels>
        <channel_ids>11.12.13.14</channel_ids>
      </channels>
   </header>
   <data>
      <data_item mem_id="0000" data_id="ccc8">1100110011001000</data_item>
      <data_item mem_id="0010" data_id="084c">0000100001001100</data_item>
      <data_item mem_id="0020" data_id="4848">0100100001001000</data_item>
      <data_item mem_id="0030" data_id="08c8">0000100011001000</data_item>
      <data_item mem_id="0040" data_id="ccc8">1100110011001000</data_item>
      <data_item mem_id="0050" data_id="888c">1000100010001100</data_item>
      <data_item mem_id="0060" data_id="8c84">1000110010000100</data_item>
      <data_item mem_id="0070" data_id="448c">0100010010001100</data_item>
      <data_item mem_id="0080" data_id="ccac">1100110010101100</data_item>
      <data_item mem_id="0090" data_id="8c8c">1000110010001100</data_item>
      <data_item mem_id="00a0" data_id="8888">1000100010001000</data_item>
      <data_item mem_id="00b0" data_id="4848">0100100001001000</data_item>
      <data_item mem_id="00c0" data_id="c848">1100100001001000</data_item>
      <data_item mem_id="00d0" data_id="ccc8">1100110011001000</data_item>
      <data_item mem_id="00e0" data_id="c8c8">1100100011001000</data_item>
      <data_item mem_id="00f0" data_id="c088">1100000010001000</data_item>
      <data_item mem_id="0100" data_id="8484">1000010010000100</data_item>
      <data_item mem_id="0110" data_id="8c8c">1000110010001100</data_item>
      <data_item mem_id="0120" data_id="8ccc">1000110011001100</data_item>
      <data_item mem_id="0130" data_id="cc8c">1100110010001100</data_item>
      <data_item mem_id="0140" data_id="880c">1000100000001100</data_item>
      <data_item mem_id="0150" data_id="4848">0100100001001000</data_item>
      <data_item mem_id="0160" data_id="48c8">0100100011001000</data_item>
      <data_item mem_id="0170" data_id="c8cc">1100100011001100</data_item>
      <data_item mem_id="0180" data_id="8ccc">1000110011001100</data_item>
      <data_item mem_id="0190" data_id="8c84">1000110010000100</data_item>
      <data_item mem_id="01a0" data_id="c484">1100010010000100</data_item>
      <data_item mem_id="01b0" data_id="848c">1000010010001100</data_item>
      <data_item mem_id="01c0" data_id="8c8c">1000110010001100</data_item>
      <data_item mem_id="01d0" data_id="888c">1000100010001100</data_item>
      <data_item mem_id="01e0" data_id="c8c8">1100100011001000</data_item>
      <data_item mem_id="01f0" data_id="cc48">1100110001001000</data_item>
      <data_item mem_id="0200" data_id="cc48">1100110001001000</data_item>
      <data_item mem_id="0210" data_id="c8c8">1100100011001000</data_item>
      <data_item mem_id="0220" data_id="c880">1100100010000000</data_item>
      <data_item mem_id="0230" data_id="8484">1000010010000100</data_item>
      <data_item mem_id="0240" data_id="8c84">1000110010000100</data_item>
      <data_item mem_id="0250" data_id="8ccc">1000110011001100</data_item>
      <data_item mem_id="0260" data_id="cc8c">1100110010001100</data_item>
      <data_item mem_id="0270" data_id="8c08">1000110000001000</data_item>
      <data_item mem_id="0280" data_id="8848">1000100001001000</data_item>
      <data_item mem_id="0290" data_id="48c8">0100100011001000</data_item>
      <data_item mem_id="02a0" data_id="c8cc">1100100011001100</data_item>
      <data_item mem_id="02b0" data_id="ccc8">1100110011001000</data_item>
      <data_item mem_id="02c0" data_id="8880">1000100010000000</data_item>
      <data_item mem_id="02d0" data_id="c484">1100010010000100</data_item>
      <data_item mem_id="02e0" data_id="848c">1000010010001100</data_item>
      <data_item mem_id="02f0" data_id="8ccc">1000110011001100</data_item>
      <data_item mem_id="0300" data_id="c8cc">1100100011001100</data_item>
      <data_item mem_id="0310" data_id="c888">1100100010001000</data_item>
      <data_item mem_id="0320" data_id="4e48">0100111001001000</data_item>
      <data_item mem_id="0330" data_id="48c8">0100100011001000</data_item>
      <data_item mem_id="0340" data_id="ccc8">1100110011001000</data_item>
      <data_item mem_id="0350" data_id="c888">1100100010001000</data_item>
      <data_item mem_id="0360" data_id="8c8c">1000110010001100</data_item>
      <data_item mem_id="0370" data_id="88e4">1000100011100100</data_item>
      <data_item mem_id="0380" data_id="8cce">1000110011001110</data_item>
      <data_item mem_id="0390" data_id="8c8c">1000110010001100</data_item>
      <data_item mem_id="03a0" data_id="8c88">1000110010001000</data_item>
      <data_item mem_id="03b0" data_id="a848">1010100001001000</data_item>
      <data_item mem_id="03c0" data_id="48c8">0100100011001000</data_item>
      <data_item mem_id="03d0" data_id="488c">0100100010001100</data_item>
      <data_item mem_id="03e0" data_id="cc88">1100110010001000</data_item>
      <data_item mem_id="03f0" data_id="c880">1100100010000000</data_item>
      <data_item mem_id="0400" data_id="0084">0000000010000100</data_item>
      <data_item mem_id="0410" data_id="848c">1000010010001100</data_item>
      <data_item mem_id="0420" data_id="a88c">1010100010001100</data_item>
      <data_item mem_id="0430" data_id="cccc">1100110011001100</data_item>
      <data_item mem_id="0440" data_id="8888">1000100010001000</data_item>
      <data_item mem_id="0450" data_id="6c48">0110110001001000</data_item>
      <data_item mem_id="0460" data_id="4848">0100100001001000</data_item>
      <data_item mem_id="0470" data_id="cac8">1100101011001000</data_item>
      <data_item mem_id="0480" data_id="cc88">1100110010001000</data_item>
      <data_item mem_id="0490" data_id="cc8c">1100110010001100</data_item>
      <data_item mem_id="04a0" data_id="84c4">1000010011000100</data_item>
      <data_item mem_id="04b0" data_id="8c8c">1000110010001100</data_item>
      <data_item mem_id="04c0" data_id="8c8c">1000110010001100</data_item>
      <data_item mem_id="04d0" data_id="8c88">1000110010001000</data_item>
      <data_item mem_id="04e0" data_id="88c8">1000100011001000</data_item>
      <data_item mem_id="04f0" data_id="c8cc">1100100011001100</data_item>
      <data_item mem_id="0500" data_id="48cc">0100100011001100</data_item>
      <data_item mem_id="0510" data_id="c8c8">1100100011001000</data_item>
      <data_item mem_id="0520" data_id="c8c0">1100100011000000</data_item>
      <data_item mem_id="0530" data_id="8884">1000100010000100</data_item>
      <data_item mem_id="0540" data_id="848c">1000010010001100</data_item>
      <data_item mem_id="0550" data_id="848c">1000010010001100</data_item>
      <data_item mem_id="0560" data_id="cc8c">1100110010001100</data_item>
      <data_item mem_id="0570" data_id="848c">1000010010001100</data_item>
      <data_item mem_id="0580" data_id="0c08">0000110000001000</data_item>
      <data_item mem_id="0590" data_id="6848">0110100001001000</data_item>
      <data_item mem_id="05a0" data_id="c888">1100100010001000</data_item>
      <data_item mem_id="05b0" data_id="cccc">1100110011001100</data_item>
      <data_item mem_id="05c0" data_id="8888">1000100010001000</data_item>
      <data_item mem_id="05d0" data_id="84c0">1000010011000000</data_item>
      <data_item mem_id="05e0" data_id="8484">1000010010000100</data_item>
      <data_item mem_id="05f0" data_id="8c8c">1000110010001100</data_item>
      <data_item mem_id="0600" data_id="8c08">1000110000001000</data_item>
      <data_item mem_id="0610" data_id="8cc8">1000110011001000</data_item>
      <data_item mem_id="0620" data_id="c84c">1100100001001100</data_item>
      <data_item mem_id="0630" data_id="48c8">0100100011001000</data_item>
      <data_item mem_id="0640" data_id="c8c8">1100100011001000</data_item>
      <data_item mem_id="0650" data_id="c0c8">1100000011001000</data_item>
      <data_item mem_id="0660" data_id="888c">1000100010001100</data_item>
      <data_item mem_id="0670" data_id="848c">1000010010001100</data_item>
      <data_item mem_id="0680" data_id="808c">1000000010001100</data_item>
      <data_item mem_id="0690" data_id="cc8c">1100110010001100</data_item>
      <data_item mem_id="06a0" data_id="8c8c">1000110010001100</data_item>
      <data_item mem_id="06b0" data_id="0808">0000100000001000</data_item>
      <data_item mem_id="06c0" data_id="4848">0100100001001000</data_item>
      <data_item mem_id="06d0" data_id="80c8">1000000011001000</data_item>
      <data_item mem_id="06e0" data_id="ccc0">1100110011000000</data_item>
      <data_item mem_id="06f0" data_id="c8c8">1100100011001000</data_item>
      <data_item mem_id="0700" data_id="c040">1100000001000000</data_item>
      <data_item mem_id="0710" data_id="8484">1000010010000100</data_item>
      <data_item mem_id="0720" data_id="8c8c">1000110010001100</data_item>
      <data_item mem_id="0730" data_id="8ccc">1000110011001100</data_item>
      <data_item mem_id="0740" data_id="c888">1100100010001000</data_item>
      <data_item mem_id="0750" data_id="c84c">1100100001001100</data_item>
      <data_item mem_id="0760" data_id="4848">0100100001001000</data_item>
      <data_item mem_id="0770" data_id="48c8">0100100011001000</data_item>
      <data_item mem_id="0780" data_id="c8c8">1100100011001000</data_item>
      <data_item mem_id="0790" data_id="0ac8">0000101011001000</data_item>
      <data_item mem_id="07a0" data_id="0000">0000000000000000</data_item>
      <data_item mem_id="07b0" data_id="0800">0000100000000000</data_item>
      <data_item mem_id="07c0" data_id="0800">0000100000000000</data_item>
      <data_item mem_id="07d0" data_id="0000">0000000000000000</data_item>
      <data_item mem_id="07e0" data_id="0000">0000000000000000</data_item>
      <data_item mem_id="07f0" data_id="0000">0000000000000000</data_item>
      <data_item mem_id="0800" data_id="0008">0000000000001000</data_item>
      <data_item mem_id="0810" data_id="0000">0000000000000000</data_item>
      <data_item mem_id="0820" data_id="0000">0000000000000000</data_item>
      <data_item mem_id="0830" data_id="0000">0000000000000000</data_item>
      <data_item mem_id="0840" data_id="0000">0000000000000000</data_item>
      <data_item mem_id="0850" data_id="0000">0000000000000000</data_item>
      <data_item mem_id="0860" data_id="0000">0000000000000000</data_item>
      <data_item mem_id="0870" data_id="0004">0000000000000100</data_item>
      <data_item mem_id="0880" data_id="8c0c">1000110000001100</data_item>
      <data_item mem_id="0890" data_id="0000">0000000000000000</data_item>
      <data_item mem_id="08a0" data_id="48c8">0100100011001000</data_item>
      <data_item mem_id="08b0" data_id="88cc">1000100011001100</data_item>
      <data_item mem_id="08c0" data_id="8008">1000000000001000</data_item>
      <data_item mem_id="08d0" data_id="8804">1000100000000100</data_item>
      <data_item mem_id="08e0" data_id="c480">1100010010000000</data_item>
      <data_item mem_id="08f0" data_id="000c">0000000000001100</data_item>
      <data_item mem_id="0900" data_id="880c">1000100000001100</data_item>
      <data_item mem_id="0910" data_id="8808">1000100000001000</data_item>
      <data_item mem_id="0920" data_id="c800">1100100000000000</data_item>
      <data_item mem_id="0930" data_id="4c48">0100110001001000</data_item>
      <data_item mem_id="0940" data_id="0cc8">0000110011001000</data_item>
      <data_item mem_id="0950" data_id="8000">1000000000000000</data_item>
      <data_item mem_id="0960" data_id="c880">1100100010000000</data_item>
      <data_item mem_id="0970" data_id="0c84">0000110010000100</data_item>
      <data_item mem_id="0980" data_id="8884">1000100010000100</data_item>
      <data_item mem_id="0990" data_id="804c">1000000001001100</data_item>
      <data_item mem_id="09a0" data_id="8804">1000100000000100</data_item>
      <data_item mem_id="09b0" data_id="8c00">1000110000000000</data_item>
      <data_item mem_id="09c0" data_id="8000">1000000000000000</data_item>
      <data_item mem_id="09d0" data_id="0000">0000000000000000</data_item>
      <data_item mem_id="09e0" data_id="0808">0000100000001000</data_item>
      <data_item mem_id="09f0" data_id="0800">0000100000000000</data_item>
      <data_item mem_id="0a00" data_id="0000">0000000000000000</data_item>
      <data_item mem_id="0a10" data_id="0000">0000000000000000</data_item>
      <data_item mem_id="0a20" data_id="0080">0000000010000000</data_item>
      <data_item mem_id="0a30" data_id="0000">0000000000000000</data_item>
      <data_item mem_id="0a40" data_id="8800">1000100000000000</data_item>
      <data_item mem_id="0a50" data_id="0000">0000000000000000</data_item>
      <data_item mem_id="0a60" data_id="0000">0000000000000000</data_item>
      <data_item mem_id="0a70" data_id="0000">0000000000000000</data_item>
      <data_item mem_id="0a80" data_id="0000">0000000000000000</data_item>
      <data_item mem_id="0a90" data_id="0000">0000000000000000</data_item>
      <data_item mem_id="0aa0" data_id="0000">0000000000000000</data_item>
      <data_item mem_id="0ab0" data_id="0080">0000000010000000</data_item>
      <data_item mem_id="0ac0" data_id="0000">0000000000000000</data_item>
      <data_item mem_id="0ad0" data_id="0000">0000000000000000</data_item>
      <data_item mem_id="0ae0" data_id="0008">0000000000001000</data_item>
      <data_item mem_id="0af0" data_id="0000">0000000000000000</data_item>
      <data_item mem_id="0b00" data_id="0008">0000000000001000</data_item>
      <data_item mem_id="0b10" data_id="0000">0000000000000000</data_item>
      <data_item mem_id="0b20" data_id="0000">0000000000000000</data_item>
      <data_item mem_id="0b30" data_id="0000">0000000000000000</data_item>
      <data_item mem_id="0b40" data_id="0000">0000000000000000</data_item>
      <data_item mem_id="0b50" data_id="0000">0000000000000000</data_item>
      <data_item mem_id="0b60" data_id="0000">0000000000000000</data_item>
      <data_item mem_id="0b70" data_id="0000">0000000000000000</data_item>
      <data_item mem_id="0b80" data_id="0000">0000000000000000</data_item>
      <data_item mem_id="0b90" data_id="0000">0000000000000000</data_item>
      <data_item mem_id="0ba0" data_id="0000">0000000000000000</data_item>
      <data_item mem_id="0bb0" data_id="0000">0000000000000000</data_item>
      <data_item mem_id="0bc0" data_id="0080">0000000010000000</data_item>
      <data_item mem_id="0bd0" data_id="0000">0000000000000000</data_item>
      <data_item mem_id="0be0" data_id="0000">0000000000000000</data_item>
      <data_item mem_id="0bf0" data_id="0000">0000000000000000</data_item>
      <data_item mem_id="0c00" data_id="0000">0000000000000000</data_item>
      <data_item mem_id="0c10" data_id="0000">0000000000000000</data_item>
      <data_item mem_id="0c20" data_id="0000">0000000000000000</data_item>
      <data_item mem_id="0c30" data_id="0000">0000000000000000</data_item>
      <data_item mem_id="0c40" data_id="00c0">0000000011000000</data_item>
      <data_item mem_id="0c50" data_id="0000">0000000000000000</data_item>
      <data_item mem_id="0c60" data_id="0000">0000000000000000</data_item>
      <data_item mem_id="0c70" data_id="0000">0000000000000000</data_item>
      <data_item mem_id="0c80" data_id="0000">0000000000000000</data_item>
      <data_item mem_id="0c90" data_id="0000">0000000000000000</data_item>
      <data_item mem_id="0ca0" data_id="0000">0000000000000000</data_item>
      <data_item mem_id="0cb0" data_id="0000">0000000000000000</data_item>
      <data_item mem_id="0cc0" data_id="0000">0000000000000000</data_item>
      <data_item mem_id="0cd0" data_id="0000">0000000000000000</data_item>
      <data_item mem_id="0ce0" data_id="0000">0000000000000000</data_item>
      <data_item mem_id="0cf0" data_id="0000">0000000000000000</data_item>
      <data_item mem_id="0d00" data_id="0000">0000000000000000</data_item>
      <data_item mem_id="0d10" data_id="0000">0000000000000000</data_item>
      <data_item mem_id="0d20" data_id="0000">0000000000000000</data_item>
      <data_item mem_id="0d30" data_id="0000">0000000000000000</data_item>
      <data_item mem_id="0d40" data_id="0080">0000000010000000</data_item>
      <data_item mem_id="0d50" data_id="8000">1000000000000000</data_item>
      <data_item mem_id="0d60" data_id="0000">0000000000000000</data_item>
      <data_item mem_id="0d70" data_id="0000">0000000000000000</data_item>
      <data_item mem_id="0d80" data_id="0000">0000000000000000</data_item>
      <data_item mem_id="0d90" data_id="0000">0000000000000000</data_item>
      <data_item mem_id="0da0" data_id="088c">0000100010001100</data_item>
      <data_item mem_id="0db0" data_id="8c8c">1000110010001100</data_item>
      <data_item mem_id="0dc0" data_id="c48c">1100010010001100</data_item>
      <data_item mem_id="0dd0" data_id="ccac">1100110010101100</data_item>
      <data_item mem_id="0de0" data_id="8c88">1000110010001000</data_item>
      <data_item mem_id="0df0" data_id="0800">0000100000000000</data_item>
      <data_item mem_id="0e00" data_id="08c8">0000100011001000</data_item>
      <data_item mem_id="0e10" data_id="8880">1000100010000000</data_item>
      <data_item mem_id="0e20" data_id="84c8">1000010011001000</data_item>
      <data_item mem_id="0e30" data_id="8880">1000100010000000</data_item>
      <data_item mem_id="0e40" data_id="8080">1000000010000000</data_item>
      <data_item mem_id="0e50" data_id="8000">1000000000000000</data_item>
      <data_item mem_id="0e60" data_id="0c88">0000110010001000</data_item>
      <data_item mem_id="0e70" data_id="0ccc">0000110011001100</data_item>
      <data_item mem_id="0e80" data_id="8888">1000100010001000</data_item>
      <data_item mem_id="0e90" data_id="8844">1000100001000100</data_item>
      <data_item mem_id="0ea0" data_id="4848">0100100001001000</data_item>
      <data_item mem_id="0eb0" data_id="08c8">0000100011001000</data_item>
      <data_item mem_id="0ec0" data_id="c800">1100100000000000</data_item>
      <data_item mem_id="0ed0" data_id="888c">1000100010001100</data_item>
      <data_item mem_id="0ee0" data_id="0084">0000000010000100</data_item>
      <data_item mem_id="0ef0" data_id="c488">1100010010001000</data_item>
      <data_item mem_id="0f00" data_id="8c8c">1000110010001100</data_item>
      <data_item mem_id="0f10" data_id="888c">1000100010001100</data_item>
      <data_item mem_id="0f20" data_id="8880">1000100010000000</data_item>
      <data_item mem_id="0f30" data_id="c808">1100100000001000</data_item>
      <data_item mem_id="0f40" data_id="c048">1100000001001000</data_item>
      <data_item mem_id="0f50" data_id="ccc0">1100110011000000</data_item>
      <data_item mem_id="0f60" data_id="0888">0000100010001000</data_item>
      <data_item mem_id="0f70" data_id="8088">1000000010001000</data_item>
      <data_item mem_id="0f80" data_id="8084">1000000010000100</data_item>
      <data_item mem_id="0f90" data_id="888c">1000100010001100</data_item>
      <data_item mem_id="0fa0" data_id="8c08">1000110000001000</data_item>
      <data_item mem_id="0fb0" data_id="cc08">1100110000001000</data_item>
      <data_item mem_id="0fc0" data_id="800c">1000000000001100</data_item>
      <data_item mem_id="0fd0" data_id="0048">0000000001001000</data_item>
      <data_item mem_id="0fe0" data_id="4888">0100100010001000</data_item>
      <data_item mem_id="0ff0" data_id="c88c">1100100010001100</data_item>
      <data_item mem_id="1000" data_id="ccc0">1100110011000000</data_item>
      <data_item mem_id="1010" data_id="8c84">1000110010000100</data_item>
      <data_item mem_id="1020" data_id="84c4">1000010011000100</data_item>
      <data_item mem_id="1030" data_id="808c">1000000010001100</data_item>
      <data_item mem_id="1040" data_id="8c0c">1000110000001100</data_item>
      <data_item mem_id="1050" data_id="8880">1000100010000000</data_item>
      <data_item mem_id="1060" data_id="c8c0">1100100011000000</data_item>
      <data_item mem_id="1070" data_id="0c48">0000110001001000</data_item>
      <data_item mem_id="1080" data_id="8080">1000000010000000</data_item>
      <data_item mem_id="1090" data_id="8888">1000100010001000</data_item>
      <data_item mem_id="10a0" data_id="4000">0100000000000000</data_item>
      <data_item mem_id="10b0" data_id="0080">0000000010000000</data_item>
      <data_item mem_id="10c0" data_id="8800">1000100000000000</data_item>
      <data_item mem_id="10d0" data_id="0c08">0000110000001000</data_item>
      <data_item mem_id="10e0" data_id="0800">0000100000000000</data_item>
      <data_item mem_id="10f0" data_id="8808">1000100000001000</data_item>
      <data_item mem_id="1100" data_id="8808">1000100000001000</data_item>
      <data_item mem_id="1110" data_id="0088">0000000010001000</data_item>
      <data_item mem_id="1120" data_id="c000">1100000000000000</data_item>
      <data_item mem_id="1130" data_id="c488">1100010010001000</data_item>
      <data_item mem_id="1140" data_id="8880">1000100010000000</data_item>
      <data_item mem_id="1150" data_id="0084">0000000010000100</data_item>
      <data_item mem_id="1160" data_id="8008">1000000000001000</data_item>
      <data_item mem_id="1170" data_id="8800">1000100000000000</data_item>
      <data_item mem_id="1180" data_id="0088">0000000010001000</data_item>
      <data_item mem_id="1190" data_id="0048">0000000001001000</data_item>
      <data_item mem_id="11a0" data_id="0800">0000100000000000</data_item>
      <data_item mem_id="11b0" data_id="0800">0000100000000000</data_item>
      <data_item mem_id="11c0" data_id="8088">1000000010001000</data_item>
      <data_item mem_id="11d0" data_id="0c88">0000110010001000</data_item>
      <data_item mem_id="11e0" data_id="0084">0000000010000100</data_item>
      <data_item mem_id="11f0" data_id="0c44">0000110001000100</data_item>
      <data_item mem_id="1200" data_id="0480">0000010010000000</data_item>
      <data_item mem_id="1210" data_id="008c">0000000010001100</data_item>
      <data_item mem_id="1220" data_id="8c88">1000110010001000</data_item>
      <data_item mem_id="1230" data_id="8848">1000100001001000</data_item>
      <data_item mem_id="1240" data_id="48c8">0100100011001000</data_item>
      <data_item mem_id="1250" data_id="c8cc">1100100011001100</data_item>
      <data_item mem_id="1260" data_id="c8c8">1100100011001000</data_item>
      <data_item mem_id="1270" data_id="c8c0">1100100011000000</data_item>
      <data_item mem_id="1280" data_id="8884">1000100010000100</data_item>
      <data_item mem_id="1290" data_id="848c">1000010010001100</data_item>
      <data_item mem_id="12a0" data_id="8c8c">1000110010001100</data_item>
      <data_item mem_id="12b0" data_id="cccc">1100110011001100</data_item>
      <data_item mem_id="12c0" data_id="8c8c">1000110010001100</data_item>
      <data_item mem_id="12d0" data_id="0848">0000100001001000</data_item>
      <data_item mem_id="12e0" data_id="4848">0100100001001000</data_item>
      <data_item mem_id="12f0" data_id="c8c8">1100100011001000</data_item>
      <data_item mem_id="1300" data_id="cc8c">1100110010001100</data_item>
      <data_item mem_id="1310" data_id="cc8c">1100110010001100</data_item>
      <data_item mem_id="1320" data_id="84c4">1000010011000100</data_item>
      <data_item mem_id="1330" data_id="848c">1000010010001100</data_item>
      <data_item mem_id="1340" data_id="8cc8">1000110011001000</data_item>
      <data_item mem_id="1350" data_id="8cc8">1000110011001000</data_item>
      <data_item mem_id="1360" data_id="8888">1000100010001000</data_item>
      <data_item mem_id="1370" data_id="c8cc">1100100011001100</data_item>
      <data_item mem_id="1380" data_id="48cc">0100100011001100</data_item>
      <data_item mem_id="1390" data_id="ccc8">1100110011001000</data_item>
      <data_item mem_id="13a0" data_id="c8c8">1100100011001000</data_item>
      <data_item mem_id="13b0" data_id="8080">1000000010000000</data_item>
      <data_item mem_id="13c0" data_id="848c">1000010010001100</data_item>
      <data_item mem_id="13d0" data_id="848c">1000010010001100</data_item>
      <data_item mem_id="13e0" data_id="cccc">1100110011001100</data_item>
      <data_item mem_id="13f0" data_id="8c8c">1000110010001100</data_item>
      <data_item mem_id="1400" data_id="0808">0000100000001000</data_item>
      <data_item mem_id="1410" data_id="4848">0100100001001000</data_item>
      <data_item mem_id="1420" data_id="c8c8">1100100011001000</data_item>
      <data_item mem_id="1430" data_id="cccc">1100110011001100</data_item>
      <data_item mem_id="1440" data_id="c8c8">1100100011001000</data_item>
      <data_item mem_id="1450" data_id="84c4">1000010011000100</data_item>
      <data_item mem_id="1460" data_id="8484">1000010010000100</data_item>
      <data_item mem_id="1470" data_id="8c8c">1000110010001100</data_item>
      <data_item mem_id="1480" data_id="8cc8">1000110011001000</data_item>
      <data_item mem_id="1490" data_id="ccc8">1100110011001000</data_item>
      <data_item mem_id="14a0" data_id="c84c">1100100001001100</data_item>
      <data_item mem_id="14b0" data_id="4848">0100100001001000</data_item>
      <data_item mem_id="14c0" data_id="c8c8">1100100011001000</data_item>
      <data_item mem_id="14d0" data_id="c8c8">1100100011001000</data_item>
      <data_item mem_id="14e0" data_id="888c">1000100010001100</data_item>
      <data_item mem_id="14f0" data_id="8c8c">1000110010001100</data_item>
      <data_item mem_id="1500" data_id="c48c">1100010010001100</data_item>
      <data_item mem_id="1510" data_id="cc8c">1100110010001100</data_item>
      <data_item mem_id="1520" data_id="8c8c">1000110010001100</data_item>
      <data_item mem_id="1530" data_id="0888">0000100010001000</data_item>
      <data_item mem_id="1540" data_id="4848">0100100001001000</data_item>
      <data_item mem_id="1550" data_id="c8c8">1100100011001000</data_item>
      <data_item mem_id="1560" data_id="ccc8">1100110011001000</data_item>
      <data_item mem_id="1570" data_id="88c8">1000100011001000</data_item>
      <data_item mem_id="1580" data_id="c080">1100000010000000</data_item>
      <data_item mem_id="1590" data_id="8484">1000010010000100</data_item>
      <data_item mem_id="15a0" data_id="8c8c">1000110010001100</data_item>
      <data_item mem_id="15b0" data_id="8ccc">1000110011001100</data_item>
      <data_item mem_id="15c0" data_id="cc88">1100110010001000</data_item>
      <data_item mem_id="15d0" data_id="884c">1000100001001100</data_item>
      <data_item mem_id="15e0" data_id="4848">0100100001001000</data_item>
      <data_item mem_id="15f0" data_id="48c8">0100100011001000</data_item>
      <data_item mem_id="1600" data_id="c8cc">1100100011001100</data_item>
      <data_item mem_id="1610" data_id="888c">1000100010001100</data_item>
      <data_item mem_id="1620" data_id="0c84">0000110010000100</data_item>
      <data_item mem_id="1630" data_id="c48c">1100010010001100</data_item>
      <data_item mem_id="1640" data_id="8c8c">1000110010001100</data_item>
      <data_item mem_id="1650" data_id="8c0c">1000110000001100</data_item>
      <data_item mem_id="1660" data_id="8888">1000100010001000</data_item>
      <data_item mem_id="1670" data_id="c848">1100100001001000</data_item>
      <data_item mem_id="1680" data_id="c848">1100100001001000</data_item>
      <data_item mem_id="1690" data_id="cccc">1100110011001100</data_item>
      <data_item mem_id="16a0" data_id="c8c8">1100100011001000</data_item>
      <data_item mem_id="16b0" data_id="c080">1100000010000000</data_item>
      <data_item mem_id="16c0" data_id="8484">1000010010000100</data_item>
      <data_item mem_id="16d0" data_id="8c8c">1000110010001100</data_item>
      <data_item mem_id="16e0" data_id="8ccc">1000110011001100</data_item>
      <data_item mem_id="16f0" data_id="cc8c">1100110010001100</data_item>
      <data_item mem_id="1700" data_id="8c08">1000110000001000</data_item>
      <data_item mem_id="1710" data_id="0848">0000100001001000</data_item>
      <data_item mem_id="1720" data_id="48c8">0100100011001000</data_item>
      <data_item mem_id="1730" data_id="c8cc">1100100011001100</data_item>
      <data_item mem_id="1740" data_id="ccc8">1100110011001000</data_item>
      <data_item mem_id="1750" data_id="8884">1000100010000100</data_item>
      <data_item mem_id="1760" data_id="8484">1000010010000100</data_item>
      <data_item mem_id="1770" data_id="848c">1000010010001100</data_item>
      <data_item mem_id="1780" data_id="8c8c">1000110010001100</data_item>
      <data_item mem_id="1790" data_id="c888">1100100010001000</data_item>
      <data_item mem_id="17a0" data_id="c8c8">1100100011001000</data_item>
      <data_item mem_id="17b0" data_id="4c48">0100110001001000</data_item>
      <data_item mem_id="17c0" data_id="c8c8">1100100011001000</data_item>
      <data_item mem_id="17d0" data_id="c8c8">1100100011001000</data_item>
      <data_item mem_id="17e0" data_id="c888">1100100010001000</data_item>
      <data_item mem_id="17f0" data_id="8c84">1000110010000100</data_item>
      <data_item mem_id="1800" data_id="8c84">1000110010000100</data_item>
      <data_item mem_id="1810" data_id="0ccc">0000110011001100</data_item>
      <data_item mem_id="1820" data_id="888c">1000100010001100</data_item>
      <data_item mem_id="1830" data_id="8c08">1000110000001000</data_item>
      <data_item mem_id="1840" data_id="8848">1000100001001000</data_item>
      <data_item mem_id="1850" data_id="48c8">0100100011001000</data_item>
      <data_item mem_id="1860" data_id="c8cc">1100100011001100</data_item>
      <data_item mem_id="1870" data_id="ccc8">1100110011001000</data_item>
      <data_item mem_id="1880" data_id="c8c0">1100100011000000</data_item>
      <data_item mem_id="1890" data_id="8084">1000000010000100</data_item>
      <data_item mem_id="18a0" data_id="848c">1000010010001100</data_item>
      <data_item mem_id="18b0" data_id="8c8c">1000110010001100</data_item>
      <data_item mem_id="18c0" data_id="cccc">1100110011001100</data_item>
      <data_item mem_id="18d0" data_id="88ca">1000100011001010</data_item>
      <data_item mem_id="18e0" data_id="4448">0100010001001000</data_item>
      <data_item mem_id="18f0" data_id="0a48">0000101001001000</data_item>
      <data_item mem_id="1900" data_id="cacc">1100101011001100</data_item>
      <data_item mem_id="1910" data_id="c88e">1100100010001110</data_item>
      <data_item mem_id="1920" data_id="8c88">1000110010001000</data_item>
      <data_item mem_id="1930" data_id="84c4">1000010011000100</data_item>
      <data_item mem_id="1940" data_id="8ccc">1000110011001100</data_item>
      <data_item mem_id="1950" data_id="8c8c">1000110010001100</data_item>
      <data_item mem_id="1960" data_id="8c88">1000110010001000</data_item>
      <data_item mem_id="1970" data_id="8848">1000100001001000</data_item>
      <data_item mem_id="1980" data_id="4800">0100100000000000</data_item>
      <data_item mem_id="1990" data_id="0000">0000000000000000</data_item>
      <data_item mem_id="19a0" data_id="0000">0000000000000000</data_item>
      <data_item mem_id="19b0" data_id="0000">0000000000000000</data_item>
      <data_item mem_id="19c0" data_id="8000">1000000000000000</data_item>
      <data_item mem_id="19d0" data_id="8000">1000000000000000</data_item>
      <data_item mem_id="19e0" data_id="0000">0000000000000000</data_item>
      <data_item mem_id="19f0" data_id="0000">0000000000000000</data_item>
      <data_item mem_id="1a00" data_id="0080">0000000010000000</data_item>
      <data_item mem_id="1a10" data_id="0000">0000000000000000</data_item>
      <data_item mem_id="1a20" data_id="0000">0000000000000000</data_item>
      <data_item mem_id="1a30" data_id="0000">0000000000000000</data_item>
      <data_item mem_id="1a40" data_id="0000">0000000000000000</data_item>
      <data_item mem_id="1a50" data_id="0000">0000000000000000</data_item>
      <data_item mem_id="1a60" data_id="0000">0000000000000000</data_item>
      <data_item mem_id="1a70" data_id="0000">0000000000000000</data_item>
      <data_item mem_id="1a80" data_id="0800">0000100000000000</data_item>
      <data_item mem_id="1a90" data_id="0000">0000000000000000</data_item>
      <data_item mem_id="1aa0" data_id="0008">0000000000001000</data_item>
      <data_item mem_id="1ab0" data_id="0000">0000000000000000</data_item>
      <data_item mem_id="1ac0" data_id="0000">0000000000000000</data_item>
      <data_item mem_id="1ad0" data_id="8000">1000000000000000</data_item>
      <data_item mem_id="1ae0" data_id="0000">0000000000000000</data_item>
      <data_item mem_id="1af0" data_id="0000">0000000000000000</data_item>
      <data_item mem_id="1b00" data_id="0000">0000000000000000</data_item>
      <data_item mem_id="1b10" data_id="008c">0000000010001100</data_item>
      <data_item mem_id="1b20" data_id="000c">0000000000001100</data_item>
      <data_item mem_id="1b30" data_id="8c0c">1000110000001100</data_item>
      <data_item mem_id="1b40" data_id="0808">0000100000001000</data_item>
      <data_item mem_id="1b50" data_id="0048">0000000001001000</data_item>
      <data_item mem_id="1b60" data_id="c008">1100000000001000</data_item>
      <data_item mem_id="1b70" data_id="cccc">1100110011001100</data_item>
      <data_item mem_id="1b80" data_id="00c8">0000000011001000</data_item>
      <data_item mem_id="1b90" data_id="c080">1100000010000000</data_item>
      <data_item mem_id="1ba0" data_id="0484">0000010010000100</data_item>
      <data_item mem_id="1bb0" data_id="8c00">1000110000000000</data_item>
      <data_item mem_id="1bc0" data_id="0cc0">0000110011000000</data_item>
      <data_item mem_id="1bd0" data_id="00c8">0000000011001000</data_item>
      <data_item mem_id="1be0" data_id="c848">1100100001001000</data_item>
      <data_item mem_id="1bf0" data_id="0848">0000100001001000</data_item>
      <data_item mem_id="1c00" data_id="c800">1100100000000000</data_item>
      <data_item mem_id="1c10" data_id="c8c8">1100100011001000</data_item>
      <data_item mem_id="1c20" data_id="808c">1000000010001100</data_item>
      <data_item mem_id="1c30" data_id="4c80">0100110010000000</data_item>
      <data_item mem_id="1c40" data_id="048c">0000010010001100</data_item>
      <data_item mem_id="1c50" data_id="cc00">1100110000000000</data_item>
      <data_item mem_id="1c60" data_id="8c8c">1000110010001100</data_item>
      <data_item mem_id="1c70" data_id="8088">1000000010001000</data_item>
      <data_item mem_id="1c80" data_id="4840">0100100001000000</data_item>
      <data_item mem_id="1c90" data_id="0848">0000100001001000</data_item>
      <data_item mem_id="1ca0" data_id="cc0c">1100110000001100</data_item>
      <data_item mem_id="1cb0" data_id="c8c8">1100100011001000</data_item>
      <data_item mem_id="1cc0" data_id="0000">0000000000000000</data_item>
      <data_item mem_id="1cd0" data_id="8484">1000010010000100</data_item>
      <data_item mem_id="1ce0" data_id="000c">0000000000001100</data_item>
      <data_item mem_id="1cf0" data_id="88c8">1000100011001000</data_item>
      <data_item mem_id="1d00" data_id="8000">1000000000000000</data_item>
      <data_item mem_id="1d10" data_id="0000">0000000000000000</data_item>
      <data_item mem_id="1d20" data_id="0800">0000100000000000</data_item>
      <data_item mem_id="1d30" data_id="0000">0000000000000000</data_item>
      <data_item mem_id="1d40" data_id="0000">0000000000000000</data_item>
      <data_item mem_id="1d50" data_id="0000">0000000000000000</data_item>
      <data_item mem_id="1d60" data_id="0000">0000000000000000</data_item>
      <data_item mem_id="1d70" data_id="0000">0000000000000000</data_item>
      <data_item mem_id="1d80" data_id="0000">0000000000000000</data_item>
      <data_item mem_id="1d90" data_id="0000">0000000000000000</data_item>
      <data_item mem_id="1da0" data_id="0000">0000000000000000</data_item>
      <data_item mem_id="1db0" data_id="0800">0000100000000000</data_item>
      <data_item mem_id="1dc0" data_id="0000">0000000000000000</data_item>
      <data_item mem_id="1dd0" data_id="0000">0000000000000000</data_item>
      <data_item mem_id="1de0" data_id="0000">0000000000000000</data_item>
      <data_item mem_id="1df0" data_id="0000">0000000000000000</data_item>
      <data_item mem_id="1e00" data_id="0000">0000000000000000</data_item>
      <data_item mem_id="1e10" data_id="0000">0000000000000000</data_item>
      <data_item mem_id="1e20" data_id="0000">0000000000000000</data_item>
      <data_item mem_id="1e30" data_id="0800">0000100000000000</data_item>
      <data_item mem_id="1e40" data_id="0000">0000000000000000</data_item>
      <data_item mem_id="1e50" data_id="0000">0000000000000000</data_item>
      <data_item mem_id="1e60" data_id="0000">0000000000000000</data_item>
      <data_item mem_id="1e70" data_id="0000">0000000000000000</data_item>
      <data_item mem_id="1e80" data_id="0000">0000000000000000</data_item>
      <data_item mem_id="1e90" data_id="0000">0000000000000000</data_item>
      <data_item mem_id="1ea0" data_id="0c00">0000110000000000</data_item>
      <data_item mem_id="1eb0" data_id="0000">0000000000000000</data_item>
      <data_item mem_id="1ec0" data_id="0000">0000000000000000</data_item>
      <data_item mem_id="1ed0" data_id="0000">0000000000000000</data_item>
      <data_item mem_id="1ee0" data_id="0000">0000000000000000</data_item>
      <data_item mem_id="1ef0" data_id="0000">0000000000000000</data_item>
      <data_item mem_id="1f00" data_id="0080">0000000010000000</data_item>
      <data_item mem_id="1f10" data_id="0000">0000000000000000</data_item>
      <data_item mem_id="1f20" data_id="0000">0000000000000000</data_item>
      <data_item mem_id="1f30" data_id="0000">0000000000000000</data_item>
      <data_item mem_id="1f40" data_id="0000">0000000000000000</data_item>
      <data_item mem_id="1f50" data_id="0000">0000000000000000</data_item>
      <data_item mem_id="1f60" data_id="0000">0000000000000000</data_item>
      <data_item mem_id="1f70" data_id="0c00">0000110000000000</data_item>
      <data_item mem_id="1f80" data_id="0000">0000000000000000</data_item>
      <data_item mem_id="1f90" data_id="08c8">0000100011001000</data_item>
      <data_item mem_id="1fa0" data_id="c8cc">1100100011001100</data_item>
      <data_item mem_id="1fb0" data_id="ccc8">1100110011001000</data_item>
      <data_item mem_id="1fc0" data_id="cac0">1100101011000000</data_item>
      <data_item mem_id="1fd0" data_id="8000">1000000000000000</data_item>
      <data_item mem_id="1fe0" data_id="8080">1000000010000000</data_item>
      <data_item mem_id="1ff0" data_id="8088">1000000010001000</data_item>
      <data_item mem_id="2000" data_id="cc00">1100110000000000</data_item>
      <data_item mem_id="2010" data_id="8008">1000000000001000</data_item>
      <data_item mem_id="2020" data_id="0008">0000000000001000</data_item>
      <data_item mem_id="2030" data_id="0800">0000100000000000</data_item>
      <data_item mem_id="2040" data_id="0888">0000100010001000</data_item>
      <data_item mem_id="2050" data_id="8000">1000000000000000</data_item>
      <data_item mem_id="2060" data_id="8800">1000100000000000</data_item>
      <data_item mem_id="2070" data_id="8444">1000010001000100</data_item>
      <data_item mem_id="2080" data_id="08c8">0000100011001000</data_item>
      <data_item mem_id="2090" data_id="0008">0000000000001000</data_item>
      <data_item mem_id="20a0" data_id="8888">1000100010001000</data_item>
      <data_item mem_id="20b0" data_id="08c0">0000100011000000</data_item>
      <data_item mem_id="20c0" data_id="4048">0100000001001000</data_item>
      <data_item mem_id="20d0" data_id="0088">0000000010001000</data_item>
      <data_item mem_id="20e0" data_id="88c0">1000100011000000</data_item>
      <data_item mem_id="20f0" data_id="8804">1000100000000100</data_item>
      <data_item mem_id="2100" data_id="8000">1000000000000000</data_item>
      <data_item mem_id="2110" data_id="8088">1000000010001000</data_item>
      <data_item mem_id="2120" data_id="8880">1000100010000000</data_item>
      <data_item mem_id="2130" data_id="0888">0000100010001000</data_item>
      <data_item mem_id="2140" data_id="0880">0000100010000000</data_item>
      <data_item mem_id="2150" data_id="0800">0000100000000000</data_item>
      <data_item mem_id="2160" data_id="0800">0000100000000000</data_item>
      <data_item mem_id="2170" data_id="4048">0100000001001000</data_item>
      <data_item mem_id="2180" data_id="c080">1100000010000000</data_item>
      <data_item mem_id="2190" data_id="0000">0000000000000000</data_item>
      <data_item mem_id="21a0" data_id="0000">0000000000000000</data_item>
      <data_item mem_id="21b0" data_id="8000">1000000000000000</data_item>
      <data_item mem_id="21c0" data_id="0408">0000010000001000</data_item>
      <data_item mem_id="21d0" data_id="0808">0000100000001000</data_item>
      <data_item mem_id="21e0" data_id="88c8">1000100011001000</data_item>
      <data_item mem_id="21f0" data_id="c84c">1100100001001100</data_item>
      <data_item mem_id="2200" data_id="c8cc">1100100011001100</data_item>
      <data_item mem_id="2210" data_id="c8c8">1100100011001000</data_item>
      <data_item mem_id="2220" data_id="c8c8">1100100011001000</data_item>
      <data_item mem_id="2230" data_id="0884">0000100010000100</data_item>
      <data_item mem_id="2240" data_id="848c">1000010010001100</data_item>
      <data_item mem_id="2250" data_id="8488">1000010010001000</data_item>
      <data_item mem_id="2260" data_id="cc8c">1100110010001100</data_item>
      <data_item mem_id="2270" data_id="8c8c">1000110010001100</data_item>
      <data_item mem_id="2280" data_id="0808">0000100000001000</data_item>
      <data_item mem_id="2290" data_id="4808">0100100000001000</data_item>
      <data_item mem_id="22a0" data_id="c8c8">1100100011001000</data_item>
      <data_item mem_id="22b0" data_id="cccc">1100110011001100</data_item>
      <data_item mem_id="22c0" data_id="c8c8">1100100011001000</data_item>
      <data_item mem_id="22d0" data_id="c080">1100000010000000</data_item>
      <data_item mem_id="22e0" data_id="8480">1000010010000000</data_item>
      <data_item mem_id="22f0" data_id="8c8c">1000110010001100</data_item>
      <data_item mem_id="2300" data_id="8ccc">1000110011001100</data_item>
      <data_item mem_id="2310" data_id="ccc8">1100110011001000</data_item>
      <data_item mem_id="2320" data_id="c84c">1100100001001100</data_item>
      <data_item mem_id="2330" data_id="4848">0100100001001000</data_item>
      <data_item mem_id="2340" data_id="c8c8">1100100011001000</data_item>
      <data_item mem_id="2350" data_id="ccc8">1100110011001000</data_item>
      <data_item mem_id="2360" data_id="8888">1000100010001000</data_item>
      <data_item mem_id="2370" data_id="8c8c">1000110010001100</data_item>
      <data_item mem_id="2380" data_id="c48c">1100010010001100</data_item>
      <data_item mem_id="2390" data_id="cc8c">1100110010001100</data_item>
      <data_item mem_id="23a0" data_id="8c8c">1000110010001100</data_item>
      <data_item mem_id="23b0" data_id="8888">1000100010001000</data_item>
      <data_item mem_id="23c0" data_id="4848">0100100001001000</data_item>
      <data_item mem_id="23d0" data_id="c848">1100100001001000</data_item>
      <data_item mem_id="23e0" data_id="ccc8">1100110011001000</data_item>
      <data_item mem_id="23f0" data_id="88c8">1000100011001000</data_item>
      <data_item mem_id="2400" data_id="c080">1100000010000000</data_item>
      <data_item mem_id="2410" data_id="8484">1000010010000100</data_item>
      <data_item mem_id="2420" data_id="888c">1000100010001100</data_item>
      <data_item mem_id="2430" data_id="8ccc">1000110011001100</data_item>
      <data_item mem_id="2440" data_id="cc88">1100110010001000</data_item>
      <data_item mem_id="2450" data_id="8c08">1000110000001000</data_item>
      <data_item mem_id="2460" data_id="4848">0100100001001000</data_item>
      <data_item mem_id="2470" data_id="48c8">0100100011001000</data_item>
      <data_item mem_id="2480" data_id="c8cc">1100100011001100</data_item>
      <data_item mem_id="2490" data_id="cc8c">1100110010001100</data_item>
      <data_item mem_id="24a0" data_id="8c84">1000110010000100</data_item>
      <data_item mem_id="24b0" data_id="c484">1100010010000100</data_item>
      <data_item mem_id="24c0" data_id="8c8c">1000110010001100</data_item>
      <data_item mem_id="24d0" data_id="8c8c">1000110010001100</data_item>
      <data_item mem_id="24e0" data_id="8888">1000100010001000</data_item>
      <data_item mem_id="24f0" data_id="c8c8">1100100011001000</data_item>
      <data_item mem_id="2500" data_id="cc48">1100110001001000</data_item>
      <data_item mem_id="2510" data_id="ccc8">1100110011001000</data_item>
      <data_item mem_id="2520" data_id="c8c8">1100100011001000</data_item>
      <data_item mem_id="2530" data_id="c880">1100100010000000</data_item>
      <data_item mem_id="2540" data_id="8484">1000010010000100</data_item>
      <data_item mem_id="2550" data_id="8c84">1000110010000100</data_item>
      <data_item mem_id="2560" data_id="8ccc">1000110011001100</data_item>
      <data_item mem_id="2570" data_id="cc8c">1100110010001100</data_item>
      <data_item mem_id="2580" data_id="8c08">1000110000001000</data_item>
      <data_item mem_id="2590" data_id="2848">0010100001001000</data_item>
      <data_item mem_id="25a0" data_id="48c8">0100100011001000</data_item>
      <data_item mem_id="25b0" data_id="c8cc">1100100011001100</data_item>
      <data_item mem_id="25c0" data_id="ccc8">1100110011001000</data_item>
      <data_item mem_id="25d0" data_id="c8c4">1100100011000100</data_item>
      <data_item mem_id="25e0" data_id="c484">1100010010000100</data_item>
      <data_item mem_id="25f0" data_id="848c">1000010010001100</data_item>
      <data_item mem_id="2600" data_id="8c8c">1000110010001100</data_item>
      <data_item mem_id="2610" data_id="ccc8">1100110011001000</data_item>
      <data_item mem_id="2620" data_id="e8c8">1110100011001000</data_item>
      <data_item mem_id="2630" data_id="4c48">0100110001001000</data_item>
      <data_item mem_id="2640" data_id="c8c8">1100100011001000</data_item>
      <data_item mem_id="2650" data_id="c8c8">1100100011001000</data_item>
      <data_item mem_id="2660" data_id="c888">1100100010001000</data_item>
      <data_item mem_id="2670" data_id="8c8c">1000110010001100</data_item>
      <data_item mem_id="2680" data_id="8cc4">1000110011000100</data_item>
      <data_item mem_id="2690" data_id="8ccc">1000110011001100</data_item>
      <data_item mem_id="26a0" data_id="8c8c">1000110010001100</data_item>
      <data_item mem_id="26b0" data_id="8c08">1000110000001000</data_item>
      <data_item mem_id="26c0" data_id="8848">1000100001001000</data_item>
      <data_item mem_id="26d0" data_id="48c8">0100100011001000</data_item>
      <data_item mem_id="26e0" data_id="c8cc">1100100011001100</data_item>
      <data_item mem_id="26f0" data_id="ccc8">1100110011001000</data_item>
      <data_item mem_id="2700" data_id="c8c0">1100100011000000</data_item>
      <data_item mem_id="2710" data_id="8284">1000001010000100</data_item>
      <data_item mem_id="2720" data_id="848c">1000010010001100</data_item>
      <data_item mem_id="2730" data_id="8c8c">1000110010001100</data_item>
      <data_item mem_id="2740" data_id="cccc">1100110011001100</data_item>
      <data_item mem_id="2750" data_id="ac8c">1010110010001100</data_item>
      <data_item mem_id="2760" data_id="4c48">0100110001001000</data_item>
      <data_item mem_id="2770" data_id="4848">0100100001001000</data_item>
      <data_item mem_id="2780" data_id="c8c8">1100100011001000</data_item>
      <data_item mem_id="2790" data_id="cc8c">1100110010001100</data_item>
      <data_item mem_id="27a0" data_id="8c8c">1000110010001100</data_item>
      <data_item mem_id="27b0" data_id="8404">1000010000000100</data_item>
      <data_item mem_id="27c0" data_id="8c8c">1000110010001100</data_item>
      <data_item mem_id="27d0" data_id="8c8c">1000110010001100</data_item>
      <data_item mem_id="27e0" data_id="8c88">1000110010001000</data_item>
      <data_item mem_id="27f0" data_id="88c8">1000100011001000</data_item>
   </data>
 </resultfile>
