<?xml version="1.0" encoding="ISO-8859-1"?>
 <resultfile>
   <header>
      <link id="25-29">
        <source_moteid>25</source_moteid>
        <dest_moteid>29</dest_moteid>
      </link>
      <filedate>Thu Jul 21 18:27:30 2011</filedate>
      <channels>
        <num_channels>4</num_channels>
        <channel_ids>11.12.13.14</channel_ids>
      </channels>
   </header>
   <data>
      <data_item mem_id="0000" data_id="e6f6">1110011011110110</data_item>
      <data_item mem_id="0010" data_id="e6a6">1110011010100110</data_item>
      <data_item mem_id="0020" data_id="aeae">1010111010101110</data_item>
      <data_item mem_id="0030" data_id="acec">1010110011101100</data_item>
      <data_item mem_id="0040" data_id="ecee">1110110011101110</data_item>
      <data_item mem_id="0050" data_id="ee2e">1110111000101110</data_item>
      <data_item mem_id="0060" data_id="6e6a">0110111001101010</data_item>
      <data_item mem_id="0070" data_id="6aea">0110101011101010</data_item>
      <data_item mem_id="0080" data_id="cace">1100101011001110</data_item>
      <data_item mem_id="0090" data_id="cece">1100111011001110</data_item>
      <data_item mem_id="00a0" data_id="eee6">1110111011100110</data_item>
      <data_item mem_id="00b0" data_id="c6e6">1100011011100110</data_item>
      <data_item mem_id="00c0" data_id="aeae">1010111010101110</data_item>
      <data_item mem_id="00d0" data_id="6cee">0110110011101110</data_item>
      <data_item mem_id="00e0" data_id="eeee">1110111011101110</data_item>
      <data_item mem_id="00f0" data_id="eeee">1110111011101110</data_item>
      <data_item mem_id="0100" data_id="eeea">1110111011101010</data_item>
      <data_item mem_id="0110" data_id="aece">1010111011001110</data_item>
      <data_item mem_id="0120" data_id="ceee">1100111011101110</data_item>
      <data_item mem_id="0130" data_id="e6e6">1110011011100110</data_item>
      <data_item mem_id="0140" data_id="e6a6">1110011010100110</data_item>
      <data_item mem_id="0150" data_id="aeac">1010111010101100</data_item>
      <data_item mem_id="0160" data_id="acec">1010110011101100</data_item>
      <data_item mem_id="0170" data_id="ecee">1110110011101110</data_item>
      <data_item mem_id="0180" data_id="ee6e">1110111001101110</data_item>
      <data_item mem_id="0190" data_id="6e6a">0110111001101010</data_item>
      <data_item mem_id="01a0" data_id="6aea">0110101011101010</data_item>
      <data_item mem_id="01b0" data_id="cace">1100101011001110</data_item>
      <data_item mem_id="01c0" data_id="cece">1100111011001110</data_item>
      <data_item mem_id="01d0" data_id="ecc6">1110110011000110</data_item>
      <data_item mem_id="01e0" data_id="e466">1110010001100110</data_item>
      <data_item mem_id="01f0" data_id="86a6">1000011010100110</data_item>
      <data_item mem_id="0200" data_id="ac2c">1010110000101100</data_item>
      <data_item mem_id="0210" data_id="cce6">1100110011100110</data_item>
      <data_item mem_id="0220" data_id="eefe">1110111011111110</data_item>
      <data_item mem_id="0230" data_id="6e6e">0110111001101110</data_item>
      <data_item mem_id="0240" data_id="eaee">1110101011101110</data_item>
      <data_item mem_id="0250" data_id="eaee">1110101011101110</data_item>
      <data_item mem_id="0260" data_id="eeee">1110111011101110</data_item>
      <data_item mem_id="0270" data_id="eee7">1110111011100111</data_item>
      <data_item mem_id="0280" data_id="eeae">1110111010101110</data_item>
      <data_item mem_id="0290" data_id="acec">1010110011101100</data_item>
      <data_item mem_id="02a0" data_id="ecee">1110110011101110</data_item>
      <data_item mem_id="02b0" data_id="ee6e">1110111001101110</data_item>
      <data_item mem_id="02c0" data_id="7e6a">0111111001101010</data_item>
      <data_item mem_id="02d0" data_id="6bea">0110101111101010</data_item>
      <data_item mem_id="02e0" data_id="cace">1100101011001110</data_item>
      <data_item mem_id="02f0" data_id="cece">1100111011001110</data_item>
      <data_item mem_id="0300" data_id="eee6">1110111011100110</data_item>
      <data_item mem_id="0310" data_id="f6e7">1111011011100111</data_item>
      <data_item mem_id="0320" data_id="b7ae">1011011110101110</data_item>
      <data_item mem_id="0330" data_id="acac">1010110010101100</data_item>
      <data_item mem_id="0340" data_id="ecec">1110110011101100</data_item>
      <data_item mem_id="0350" data_id="eeee">1110111011101110</data_item>
      <data_item mem_id="0360" data_id="6e6e">0110111001101110</data_item>
      <data_item mem_id="0370" data_id="6a7a">0110101001111010</data_item>
      <data_item mem_id="0380" data_id="eaca">1110101011001010</data_item>
      <data_item mem_id="0390" data_id="cece">1100111011001110</data_item>
      <data_item mem_id="03a0" data_id="eeef">1110111011101111</data_item>
      <data_item mem_id="03b0" data_id="e7ee">1110011111101110</data_item>
      <data_item mem_id="03c0" data_id="eefe">1110111011111110</data_item>
      <data_item mem_id="03d0" data_id="eead">1110111010101101</data_item>
      <data_item mem_id="03e0" data_id="eece">1110111011001110</data_item>
      <data_item mem_id="03f0" data_id="ee6f">1110111001101111</data_item>
      <data_item mem_id="0400" data_id="6aea">0110101011101010</data_item>
      <data_item mem_id="0410" data_id="eace">1110101011001110</data_item>
      <data_item mem_id="0420" data_id="cede">1100111011011110</data_item>
      <data_item mem_id="0430" data_id="fee6">1111111011100110</data_item>
      <data_item mem_id="0440" data_id="e6e6">1110011011100110</data_item>
      <data_item mem_id="0450" data_id="a7ae">1010011110101110</data_item>
      <data_item mem_id="0460" data_id="acac">1010110010101100</data_item>
      <data_item mem_id="0470" data_id="6cec">0110110011101100</data_item>
      <data_item mem_id="0480" data_id="eeee">1110111011101110</data_item>
      <data_item mem_id="0490" data_id="6e7e">0110111001111110</data_item>
      <data_item mem_id="04a0" data_id="6a6a">0110101001101010</data_item>
      <data_item mem_id="04b0" data_id="eaca">1110101011001010</data_item>
      <data_item mem_id="04c0" data_id="cfce">1100111111001110</data_item>
      <data_item mem_id="04d0" data_id="cefe">1100111011111110</data_item>
      <data_item mem_id="04e0" data_id="e6e6">1110011011100110</data_item>
      <data_item mem_id="04f0" data_id="e6a6">1110011010100110</data_item>
      <data_item mem_id="0500" data_id="aeac">1010111010101100</data_item>
      <data_item mem_id="0510" data_id="ecec">1110110011101100</data_item>
      <data_item mem_id="0520" data_id="eeee">1110111011101110</data_item>
      <data_item mem_id="0530" data_id="ee6e">1110111001101110</data_item>
      <data_item mem_id="0540" data_id="eeee">1110111011101110</data_item>
      <data_item mem_id="0550" data_id="eeee">1110111011101110</data_item>
      <data_item mem_id="0560" data_id="eeee">1110111011101110</data_item>
      <data_item mem_id="0570" data_id="eee6">1110111011100110</data_item>
      <data_item mem_id="0580" data_id="e6ae">1110011010101110</data_item>
      <data_item mem_id="0590" data_id="acac">1010110010101100</data_item>
      <data_item mem_id="05a0" data_id="ecec">1110110011101100</data_item>
      <data_item mem_id="05b0" data_id="eeee">1110111011101110</data_item>
      <data_item mem_id="05c0" data_id="6e6e">0110111001101110</data_item>
      <data_item mem_id="05d0" data_id="6a6a">0110101001101010</data_item>
      <data_item mem_id="05e0" data_id="e8ca">1110100011001010</data_item>
      <data_item mem_id="05f0" data_id="cece">1100111011001110</data_item>
      <data_item mem_id="0600" data_id="cee6">1100111011100110</data_item>
      <data_item mem_id="0610" data_id="e6e6">1110011011100110</data_item>
      <data_item mem_id="0620" data_id="e6a6">1110011010100110</data_item>
      <data_item mem_id="0630" data_id="aeac">1010111010101100</data_item>
      <data_item mem_id="0640" data_id="acec">1010110011101100</data_item>
      <data_item mem_id="0650" data_id="ecee">1110110011101110</data_item>
      <data_item mem_id="0660" data_id="ee6e">1110111001101110</data_item>
      <data_item mem_id="0670" data_id="6f7a">0110111101111010</data_item>
      <data_item mem_id="0680" data_id="eaee">1110101011101110</data_item>
      <data_item mem_id="0690" data_id="cfce">1100111111001110</data_item>
      <data_item mem_id="06a0" data_id="eeee">1110111011101110</data_item>
      <data_item mem_id="06b0" data_id="eeee">1110111011101110</data_item>
      <data_item mem_id="06c0" data_id="eeee">1110111011101110</data_item>
      <data_item mem_id="06d0" data_id="eeec">1110111011101100</data_item>
      <data_item mem_id="06e0" data_id="faee">1111101011101110</data_item>
      <data_item mem_id="06f0" data_id="ee6e">1110111001101110</data_item>
      <data_item mem_id="0700" data_id="6a6a">0110101001101010</data_item>
      <data_item mem_id="0710" data_id="eaca">1110101011001010</data_item>
      <data_item mem_id="0720" data_id="cece">1100111011001110</data_item>
      <data_item mem_id="0730" data_id="ceee">1100111011101110</data_item>
      <data_item mem_id="0740" data_id="e6e6">1110011011100110</data_item>
      <data_item mem_id="0750" data_id="e6a6">1110011010100110</data_item>
      <data_item mem_id="0760" data_id="aeac">1010111010101100</data_item>
      <data_item mem_id="0770" data_id="acec">1010110011101100</data_item>
      <data_item mem_id="0780" data_id="ecee">1110110011101110</data_item>
      <data_item mem_id="0790" data_id="ee6e">1110111001101110</data_item>
      <data_item mem_id="07a0" data_id="6e6a">0110111001101010</data_item>
      <data_item mem_id="07b0" data_id="6aea">0110101011101010</data_item>
      <data_item mem_id="07c0" data_id="ca8e">1100101010001110</data_item>
      <data_item mem_id="07d0" data_id="cece">1100111011001110</data_item>
      <data_item mem_id="07e0" data_id="6ce6">0110110011100110</data_item>
      <data_item mem_id="07f0" data_id="c6e5">1100011011100101</data_item>
      <data_item mem_id="0800" data_id="aeae">1010111010101110</data_item>
      <data_item mem_id="0810" data_id="ad6e">1010110101101110</data_item>
      <data_item mem_id="0820" data_id="eeee">1110111011101110</data_item>
      <data_item mem_id="0830" data_id="feee">1111111011101110</data_item>
      <data_item mem_id="0840" data_id="eeea">1110111011101010</data_item>
      <data_item mem_id="0850" data_id="ee8e">1110111010001110</data_item>
      <data_item mem_id="0860" data_id="ceee">1100111011101110</data_item>
      <data_item mem_id="0870" data_id="e6e6">1110011011100110</data_item>
      <data_item mem_id="0880" data_id="e6a6">1110011010100110</data_item>
      <data_item mem_id="0890" data_id="aeac">1010111010101100</data_item>
      <data_item mem_id="08a0" data_id="acec">1010110011101100</data_item>
      <data_item mem_id="08b0" data_id="ccee">1100110011101110</data_item>
      <data_item mem_id="08c0" data_id="ee6e">1110111001101110</data_item>
      <data_item mem_id="08d0" data_id="6e6a">0110111001101010</data_item>
      <data_item mem_id="08e0" data_id="68ea">0110100011101010</data_item>
      <data_item mem_id="08f0" data_id="c8ce">1100100011001110</data_item>
      <data_item mem_id="0900" data_id="cece">1100111011001110</data_item>
      <data_item mem_id="0910" data_id="eee6">1110111011100110</data_item>
      <data_item mem_id="0920" data_id="e6e6">1110011011100110</data_item>
      <data_item mem_id="0930" data_id="a6ae">1010011010101110</data_item>
      <data_item mem_id="0940" data_id="acbc">1010110010111100</data_item>
      <data_item mem_id="0950" data_id="ecec">1110110011101100</data_item>
      <data_item mem_id="0960" data_id="eeef">1110111011101111</data_item>
      <data_item mem_id="0970" data_id="6e6e">0110111001101110</data_item>
      <data_item mem_id="0980" data_id="eaee">1110101011101110</data_item>
      <data_item mem_id="0990" data_id="eece">1110111011001110</data_item>
      <data_item mem_id="09a0" data_id="eefe">1110111011111110</data_item>
      <data_item mem_id="09b0" data_id="eeee">1110111011101110</data_item>
      <data_item mem_id="09c0" data_id="eeee">1110111011101110</data_item>
      <data_item mem_id="09d0" data_id="aeec">1010111011101100</data_item>
      <data_item mem_id="09e0" data_id="e4ee">1110010011101110</data_item>
      <data_item mem_id="09f0" data_id="ee6e">1110111001101110</data_item>
      <data_item mem_id="0a00" data_id="6e6a">0110111001101010</data_item>
      <data_item mem_id="0a10" data_id="6aea">0110101011101010</data_item>
      <data_item mem_id="0a20" data_id="cace">1100101011001110</data_item>
      <data_item mem_id="0a30" data_id="cece">1100111011001110</data_item>
      <data_item mem_id="0a40" data_id="eee6">1110111011100110</data_item>
      <data_item mem_id="0a50" data_id="e6e6">1110011011100110</data_item>
      <data_item mem_id="0a60" data_id="a6ae">1010011010101110</data_item>
      <data_item mem_id="0a70" data_id="2cac">0010110010101100</data_item>
      <data_item mem_id="0a80" data_id="e4ec">1110010011101100</data_item>
      <data_item mem_id="0a90" data_id="ee6e">1110111001101110</data_item>
      <data_item mem_id="0aa0" data_id="6e6e">0110111001101110</data_item>
      <data_item mem_id="0ab0" data_id="7a7a">0111101001111010</data_item>
      <data_item mem_id="0ac0" data_id="ebcb">1110101111001011</data_item>
      <data_item mem_id="0ad0" data_id="cece">1100111011001110</data_item>
      <data_item mem_id="0ae0" data_id="eeae">1110111010101110</data_item>
      <data_item mem_id="0af0" data_id="e6e6">1110011011100110</data_item>
      <data_item mem_id="0b00" data_id="ebae">1110101110101110</data_item>
      <data_item mem_id="0b10" data_id="eeae">1110111010101110</data_item>
      <data_item mem_id="0b20" data_id="6ece">0110111011001110</data_item>
      <data_item mem_id="0b30" data_id="e6dc">1110011011011100</data_item>
      <data_item mem_id="0b40" data_id="6eaa">0110111010101010</data_item>
      <data_item mem_id="0b50" data_id="e2ce">1110001011001110</data_item>
      <data_item mem_id="0b60" data_id="cece">1100111011001110</data_item>
      <data_item mem_id="0b70" data_id="eee6">1110111011100110</data_item>
      <data_item mem_id="0b80" data_id="e6e6">1110011011100110</data_item>
      <data_item mem_id="0b90" data_id="a7ae">1010011110101110</data_item>
      <data_item mem_id="0ba0" data_id="bdbc">1011110110111100</data_item>
      <data_item mem_id="0bb0" data_id="ecec">1110110011101100</data_item>
      <data_item mem_id="0bc0" data_id="eeee">1110111011101110</data_item>
      <data_item mem_id="0bd0" data_id="6e6e">0110111001101110</data_item>
      <data_item mem_id="0be0" data_id="606a">0110000001101010</data_item>
      <data_item mem_id="0bf0" data_id="eac2">1110101011000010</data_item>
      <data_item mem_id="0c00" data_id="cece">1100111011001110</data_item>
      <data_item mem_id="0c10" data_id="ceee">1100111011101110</data_item>
      <data_item mem_id="0c20" data_id="e4e6">1110010011100110</data_item>
      <data_item mem_id="0c30" data_id="e6a6">1110011010100110</data_item>
      <data_item mem_id="0c40" data_id="aead">1010111010101101</data_item>
      <data_item mem_id="0c50" data_id="adec">1010110111101100</data_item>
      <data_item mem_id="0c60" data_id="eeef">1110111011101111</data_item>
      <data_item mem_id="0c70" data_id="ee4e">1110111001001110</data_item>
      <data_item mem_id="0c80" data_id="eeee">1110111011101110</data_item>
      <data_item mem_id="0c90" data_id="feee">1111111011101110</data_item>
      <data_item mem_id="0ca0" data_id="eeee">1110111011101110</data_item>
      <data_item mem_id="0cb0" data_id="eee6">1110111011100110</data_item>
      <data_item mem_id="0cc0" data_id="e6ae">1110011010101110</data_item>
      <data_item mem_id="0cd0" data_id="acbc">1010110010111100</data_item>
      <data_item mem_id="0ce0" data_id="eced">1110110011101101</data_item>
      <data_item mem_id="0cf0" data_id="acee">1010110011101110</data_item>
      <data_item mem_id="0d00" data_id="6e6f">0110111001101111</data_item>
      <data_item mem_id="0d10" data_id="6b6a">0110101101101010</data_item>
      <data_item mem_id="0d20" data_id="ebcb">1110101111001011</data_item>
      <data_item mem_id="0d30" data_id="cece">1100111011001110</data_item>
      <data_item mem_id="0d40" data_id="cefe">1100111011111110</data_item>
      <data_item mem_id="0d50" data_id="f6e6">1111011011100110</data_item>
      <data_item mem_id="0d60" data_id="e6a7">1110011010100111</data_item>
      <data_item mem_id="0d70" data_id="afad">1010111110101101</data_item>
      <data_item mem_id="0d80" data_id="bcfc">1011110011111100</data_item>
      <data_item mem_id="0d90" data_id="ecee">1110110011101110</data_item>
      <data_item mem_id="0da0" data_id="ee6e">1110111001101110</data_item>
      <data_item mem_id="0db0" data_id="6e6a">0110111001101010</data_item>
      <data_item mem_id="0dc0" data_id="7aea">0111101011101010</data_item>
      <data_item mem_id="0dd0" data_id="cece">1100111011001110</data_item>
      <data_item mem_id="0de0" data_id="eeee">1110111011101110</data_item>
      <data_item mem_id="0df0" data_id="ffef">1111111111101111</data_item>
      <data_item mem_id="0e00" data_id="efee">1110111111101110</data_item>
      <data_item mem_id="0e10" data_id="eaec">1110101011101100</data_item>
      <data_item mem_id="0e20" data_id="efee">1110111111101110</data_item>
      <data_item mem_id="0e30" data_id="eeee">1110111011101110</data_item>
      <data_item mem_id="0e40" data_id="7e6a">0111111001101010</data_item>
      <data_item mem_id="0e50" data_id="eaca">1110101011001010</data_item>
      <data_item mem_id="0e60" data_id="cec6">1100111011000110</data_item>
      <data_item mem_id="0e70" data_id="ceee">1100111011101110</data_item>
      <data_item mem_id="0e80" data_id="e6e6">1110011011100110</data_item>
      <data_item mem_id="0e90" data_id="e6a6">1110011010100110</data_item>
      <data_item mem_id="0ea0" data_id="aeac">1010111010101100</data_item>
      <data_item mem_id="0eb0" data_id="acec">1010110011101100</data_item>
      <data_item mem_id="0ec0" data_id="ecee">1110110011101110</data_item>
      <data_item mem_id="0ed0" data_id="ee6e">1110111001101110</data_item>
      <data_item mem_id="0ee0" data_id="6e6a">0110111001101010</data_item>
      <data_item mem_id="0ef0" data_id="6aea">0110101011101010</data_item>
      <data_item mem_id="0f00" data_id="cace">1100101011001110</data_item>
      <data_item mem_id="0f10" data_id="cece">1100111011001110</data_item>
      <data_item mem_id="0f20" data_id="eef6">1110111011110110</data_item>
      <data_item mem_id="0f30" data_id="e6e7">1110011011100111</data_item>
      <data_item mem_id="0f40" data_id="aeae">1010111010101110</data_item>
      <data_item mem_id="0f50" data_id="acec">1010110011101100</data_item>
      <data_item mem_id="0f60" data_id="eeee">1110111011101110</data_item>
      <data_item mem_id="0f70" data_id="efee">1110111111101110</data_item>
      <data_item mem_id="0f80" data_id="eeee">1110111011101110</data_item>
      <data_item mem_id="0f90" data_id="eeee">1110111011101110</data_item>
      <data_item mem_id="0fa0" data_id="ceee">1100111011101110</data_item>
      <data_item mem_id="0fb0" data_id="eee6">1110111011100110</data_item>
      <data_item mem_id="0fc0" data_id="e6a7">1110011010100111</data_item>
      <data_item mem_id="0fd0" data_id="aeac">1010111010101100</data_item>
      <data_item mem_id="0fe0" data_id="acfd">1010110011111101</data_item>
      <data_item mem_id="0ff0" data_id="ecef">1110110011101111</data_item>
      <data_item mem_id="1000" data_id="ee6e">1110111001101110</data_item>
      <data_item mem_id="1010" data_id="6e6a">0110111001101010</data_item>
      <data_item mem_id="1020" data_id="6aea">0110101011101010</data_item>
      <data_item mem_id="1030" data_id="cacf">1100101011001111</data_item>
      <data_item mem_id="1040" data_id="ce9c">1100111010011100</data_item>
      <data_item mem_id="1050" data_id="eee6">1110111011100110</data_item>
      <data_item mem_id="1060" data_id="e6e6">1110011011100110</data_item>
      <data_item mem_id="1070" data_id="a6ae">1010011010101110</data_item>
      <data_item mem_id="1080" data_id="acac">1010110010101100</data_item>
      <data_item mem_id="1090" data_id="ecec">1110110011101100</data_item>
      <data_item mem_id="10a0" data_id="eeee">1110111011101110</data_item>
      <data_item mem_id="10b0" data_id="6e6e">0110111001101110</data_item>
      <data_item mem_id="10c0" data_id="68ee">0110100011101110</data_item>
      <data_item mem_id="10d0" data_id="eece">1110111011001110</data_item>
      <data_item mem_id="10e0" data_id="eeee">1110111011101110</data_item>
      <data_item mem_id="10f0" data_id="eeee">1110111011101110</data_item>
      <data_item mem_id="1100" data_id="eeee">1110111011101110</data_item>
      <data_item mem_id="1110" data_id="afec">1010111111101100</data_item>
      <data_item mem_id="1120" data_id="ecee">1110110011101110</data_item>
      <data_item mem_id="1130" data_id="ee6e">1110111001101110</data_item>
      <data_item mem_id="1140" data_id="6e6a">0110111001101010</data_item>
      <data_item mem_id="1150" data_id="6a7b">0110101001111011</data_item>
      <data_item mem_id="1160" data_id="cace">1100101011001110</data_item>
      <data_item mem_id="1170" data_id="cece">1100111011001110</data_item>
      <data_item mem_id="1180" data_id="eee6">1110111011100110</data_item>
      <data_item mem_id="1190" data_id="e6e6">1110011011100110</data_item>
      <data_item mem_id="11a0" data_id="a68e">1010011010001110</data_item>
      <data_item mem_id="11b0" data_id="acac">1010110010101100</data_item>
      <data_item mem_id="11c0" data_id="ecec">1110110011101100</data_item>
      <data_item mem_id="11d0" data_id="eeee">1110111011101110</data_item>
      <data_item mem_id="11e0" data_id="6e6e">0110111001101110</data_item>
      <data_item mem_id="11f0" data_id="6a6b">0110101001101011</data_item>
      <data_item mem_id="1200" data_id="eaca">1110101011001010</data_item>
      <data_item mem_id="1210" data_id="cece">1100111011001110</data_item>
      <data_item mem_id="1220" data_id="ceee">1100111011101110</data_item>
      <data_item mem_id="1230" data_id="e6e6">1110011011100110</data_item>
      <data_item mem_id="1240" data_id="efbc">1110111110111100</data_item>
      <data_item mem_id="1250" data_id="eeee">1110111011101110</data_item>
      <data_item mem_id="1260" data_id="eeee">1110111011101110</data_item>
      <data_item mem_id="1270" data_id="eeee">1110111011101110</data_item>
      <data_item mem_id="1280" data_id="6eea">0110111011101010</data_item>
      <data_item mem_id="1290" data_id="eace">1110101011001110</data_item>
      <data_item mem_id="12a0" data_id="cece">1100111011001110</data_item>
      <data_item mem_id="12b0" data_id="8ee4">1000111011100100</data_item>
      <data_item mem_id="12c0" data_id="f6e6">1111011011100110</data_item>
      <data_item mem_id="12d0" data_id="b6ae">1011011010101110</data_item>
      <data_item mem_id="12e0" data_id="acac">1010110010101100</data_item>
      <data_item mem_id="12f0" data_id="ecec">1110110011101100</data_item>
      <data_item mem_id="1300" data_id="eeee">1110111011101110</data_item>
      <data_item mem_id="1310" data_id="6e6e">0110111001101110</data_item>
      <data_item mem_id="1320" data_id="6a6a">0110101001101010</data_item>
      <data_item mem_id="1330" data_id="eaca">1110101011001010</data_item>
      <data_item mem_id="1340" data_id="cece">1100111011001110</data_item>
      <data_item mem_id="1350" data_id="ce6e">1100111001101110</data_item>
      <data_item mem_id="1360" data_id="e6e6">1110011011100110</data_item>
      <data_item mem_id="1370" data_id="e6a6">1110011010100110</data_item>
      <data_item mem_id="1380" data_id="afac">1010111110101100</data_item>
      <data_item mem_id="1390" data_id="acfc">1010110011111100</data_item>
      <data_item mem_id="13a0" data_id="eeee">1110111011101110</data_item>
      <data_item mem_id="13b0" data_id="ee7a">1110111001111010</data_item>
      <data_item mem_id="13c0" data_id="6eea">0110111011101010</data_item>
      <data_item mem_id="13d0" data_id="eeff">1110111011111111</data_item>
      <data_item mem_id="13e0" data_id="eeee">1110111011101110</data_item>
      <data_item mem_id="13f0" data_id="eeee">1110111011101110</data_item>
      <data_item mem_id="1400" data_id="e6ee">1110011011101110</data_item>
      <data_item mem_id="1410" data_id="aeac">1010111010101100</data_item>
      <data_item mem_id="1420" data_id="eced">1110110011101101</data_item>
      <data_item mem_id="1430" data_id="eeee">1110111011101110</data_item>
      <data_item mem_id="1440" data_id="6e6e">0110111001101110</data_item>
      <data_item mem_id="1450" data_id="6a6a">0110101001101010</data_item>
      <data_item mem_id="1460" data_id="ebdb">1110101111011011</data_item>
      <data_item mem_id="1470" data_id="cede">1100111011011110</data_item>
      <data_item mem_id="1480" data_id="ceee">1100111011101110</data_item>
      <data_item mem_id="1490" data_id="e6f7">1110011011110111</data_item>
      <data_item mem_id="14a0" data_id="e6a6">1110011010100110</data_item>
      <data_item mem_id="14b0" data_id="aeac">1010111010101100</data_item>
      <data_item mem_id="14c0" data_id="adfc">1010110111111100</data_item>
      <data_item mem_id="14d0" data_id="ecee">1110110011101110</data_item>
      <data_item mem_id="14e0" data_id="ee6f">1110111001101111</data_item>
      <data_item mem_id="14f0" data_id="6e6a">0110111001101010</data_item>
      <data_item mem_id="1500" data_id="6aea">0110101011101010</data_item>
      <data_item mem_id="1510" data_id="cece">1100111011001110</data_item>
      <data_item mem_id="1520" data_id="ceae">1100111010101110</data_item>
      <data_item mem_id="1530" data_id="eee6">1110111011100110</data_item>
      <data_item mem_id="1540" data_id="eeee">1110111011101110</data_item>
      <data_item mem_id="1550" data_id="eeee">1110111011101110</data_item>
      <data_item mem_id="1560" data_id="eeee">1110111011101110</data_item>
      <data_item mem_id="1570" data_id="eeee">1110111011101110</data_item>
      <data_item mem_id="1580" data_id="6e6a">0110111001101010</data_item>
      <data_item mem_id="1590" data_id="eaca">1110101011001010</data_item>
      <data_item mem_id="15a0" data_id="cece">1100111011001110</data_item>
      <data_item mem_id="15b0" data_id="ceee">1100111011101110</data_item>
      <data_item mem_id="15c0" data_id="e6e6">1110011011100110</data_item>
      <data_item mem_id="15d0" data_id="e6a6">1110011010100110</data_item>
      <data_item mem_id="15e0" data_id="beac">1011111010101100</data_item>
      <data_item mem_id="15f0" data_id="acec">1010110011101100</data_item>
      <data_item mem_id="1600" data_id="ecee">1110110011101110</data_item>
      <data_item mem_id="1610" data_id="ef6e">1110111101101110</data_item>
      <data_item mem_id="1620" data_id="6e7b">0110111001111011</data_item>
      <data_item mem_id="1630" data_id="6aea">0110101011101010</data_item>
      <data_item mem_id="1640" data_id="cade">1100101011011110</data_item>
      <data_item mem_id="1650" data_id="cdee">1100110111101110</data_item>
      <data_item mem_id="1660" data_id="eee6">1110111011100110</data_item>
      <data_item mem_id="1670" data_id="e6e6">1110011011100110</data_item>
      <data_item mem_id="1680" data_id="a7ae">1010011110101110</data_item>
      <data_item mem_id="1690" data_id="adec">1010110111101100</data_item>
      <data_item mem_id="16a0" data_id="eeea">1110111011101010</data_item>
      <data_item mem_id="16b0" data_id="eeee">1110111011101110</data_item>
      <data_item mem_id="16c0" data_id="eeee">1110111011101110</data_item>
      <data_item mem_id="16d0" data_id="eeee">1110111011101110</data_item>
      <data_item mem_id="16e0" data_id="ceee">1100111011101110</data_item>
      <data_item mem_id="16f0" data_id="eeee">1110111011101110</data_item>
      <data_item mem_id="1700" data_id="e6e6">1110011011100110</data_item>
      <data_item mem_id="1710" data_id="aeac">1010111010101100</data_item>
      <data_item mem_id="1720" data_id="acec">1010110011101100</data_item>
      <data_item mem_id="1730" data_id="ecee">1110110011101110</data_item>
      <data_item mem_id="1740" data_id="ee6e">1110111001101110</data_item>
      <data_item mem_id="1750" data_id="6e6a">0110111001101010</data_item>
      <data_item mem_id="1760" data_id="6aea">0110101011101010</data_item>
      <data_item mem_id="1770" data_id="cace">1100101011001110</data_item>
      <data_item mem_id="1780" data_id="cece">1100111011001110</data_item>
      <data_item mem_id="1790" data_id="eef6">1110111011110110</data_item>
      <data_item mem_id="17a0" data_id="e6e6">1110011011100110</data_item>
      <data_item mem_id="17b0" data_id="a6ae">1010011010101110</data_item>
      <data_item mem_id="17c0" data_id="acac">1010110010101100</data_item>
      <data_item mem_id="17d0" data_id="eccc">1110110011001100</data_item>
      <data_item mem_id="17e0" data_id="eeee">1110111011101110</data_item>
      <data_item mem_id="17f0" data_id="6e6e">0110111001101110</data_item>
      <data_item mem_id="1800" data_id="6aea">0110101011101010</data_item>
      <data_item mem_id="1810" data_id="fece">1111111011001110</data_item>
      <data_item mem_id="1820" data_id="ceee">1100111011101110</data_item>
      <data_item mem_id="1830" data_id="eeee">1110111011101110</data_item>
      <data_item mem_id="1840" data_id="feee">1111111011101110</data_item>
      <data_item mem_id="1850" data_id="eeae">1110111010101110</data_item>
      <data_item mem_id="1860" data_id="ecee">1110110011101110</data_item>
      <data_item mem_id="1870" data_id="eeef">1110111011101111</data_item>
      <data_item mem_id="1880" data_id="6e6a">0110111001101010</data_item>
      <data_item mem_id="1890" data_id="6aea">0110101011101010</data_item>
      <data_item mem_id="18a0" data_id="cace">1100101011001110</data_item>
      <data_item mem_id="18b0" data_id="cece">1100111011001110</data_item>
      <data_item mem_id="18c0" data_id="eee6">1110111011100110</data_item>
      <data_item mem_id="18d0" data_id="e6e6">1110011011100110</data_item>
      <data_item mem_id="18e0" data_id="a6ae">1010011010101110</data_item>
      <data_item mem_id="18f0" data_id="acac">1010110010101100</data_item>
      <data_item mem_id="1900" data_id="ecec">1110110011101100</data_item>
      <data_item mem_id="1910" data_id="eeef">1110111011101111</data_item>
      <data_item mem_id="1920" data_id="6e6e">0110111001101110</data_item>
      <data_item mem_id="1930" data_id="6a6a">0110101001101010</data_item>
      <data_item mem_id="1940" data_id="eaca">1110101011001010</data_item>
      <data_item mem_id="1950" data_id="cece">1100111011001110</data_item>
      <data_item mem_id="1960" data_id="ceee">1100111011101110</data_item>
      <data_item mem_id="1970" data_id="e7e6">1110011111100110</data_item>
      <data_item mem_id="1980" data_id="eebe">1110111010111110</data_item>
      <data_item mem_id="1990" data_id="aefc">1010111011111100</data_item>
      <data_item mem_id="19a0" data_id="edee">1110110111101110</data_item>
      <data_item mem_id="19b0" data_id="ceef">1100111011101111</data_item>
      <data_item mem_id="19c0" data_id="eeee">1110111011101110</data_item>
      <data_item mem_id="19d0" data_id="eade">1110101011011110</data_item>
      <data_item mem_id="19e0" data_id="cfcc">1100111111001100</data_item>
      <data_item mem_id="19f0" data_id="eef6">1110111011110110</data_item>
      <data_item mem_id="1a00" data_id="e7f6">1110011111110110</data_item>
      <data_item mem_id="1a10" data_id="a7af">1010011110101111</data_item>
      <data_item mem_id="1a20" data_id="adad">1010110110101101</data_item>
      <data_item mem_id="1a30" data_id="ecec">1110110011101100</data_item>
      <data_item mem_id="1a40" data_id="eeee">1110111011101110</data_item>
      <data_item mem_id="1a50" data_id="6e6e">0110111001101110</data_item>
      <data_item mem_id="1a60" data_id="6a6a">0110101001101010</data_item>
      <data_item mem_id="1a70" data_id="ebca">1110101111001010</data_item>
      <data_item mem_id="1a80" data_id="cece">1100111011001110</data_item>
      <data_item mem_id="1a90" data_id="ceee">1100111011101110</data_item>
      <data_item mem_id="1aa0" data_id="e6e6">1110011011100110</data_item>
      <data_item mem_id="1ab0" data_id="e6a6">1110011010100110</data_item>
      <data_item mem_id="1ac0" data_id="aeac">1010111010101100</data_item>
      <data_item mem_id="1ad0" data_id="acec">1010110011101100</data_item>
      <data_item mem_id="1ae0" data_id="ecee">1110110011101110</data_item>
      <data_item mem_id="1af0" data_id="ee6e">1110111001101110</data_item>
      <data_item mem_id="1b00" data_id="6eea">0110111011101010</data_item>
      <data_item mem_id="1b10" data_id="eeee">1110111011101110</data_item>
      <data_item mem_id="1b20" data_id="eeee">1110111011101110</data_item>
      <data_item mem_id="1b30" data_id="efee">1110111111101110</data_item>
      <data_item mem_id="1b40" data_id="f7fe">1111011111111110</data_item>
      <data_item mem_id="1b50" data_id="afac">1010111110101100</data_item>
      <data_item mem_id="1b60" data_id="ecec">1110110011101100</data_item>
      <data_item mem_id="1b70" data_id="eeee">1110111011101110</data_item>
      <data_item mem_id="1b80" data_id="6e6e">0110111001101110</data_item>
      <data_item mem_id="1b90" data_id="6a6a">0110101001101010</data_item>
      <data_item mem_id="1ba0" data_id="eaca">1110101011001010</data_item>
      <data_item mem_id="1bb0" data_id="cece">1100111011001110</data_item>
      <data_item mem_id="1bc0" data_id="ceee">1100111011101110</data_item>
      <data_item mem_id="1bd0" data_id="e6e6">1110011011100110</data_item>
      <data_item mem_id="1be0" data_id="eea6">1110111010100110</data_item>
      <data_item mem_id="1bf0" data_id="aeac">1010111010101100</data_item>
      <data_item mem_id="1c00" data_id="acec">1010110011101100</data_item>
      <data_item mem_id="1c10" data_id="ecee">1110110011101110</data_item>
      <data_item mem_id="1c20" data_id="6e6e">0110111001101110</data_item>
      <data_item mem_id="1c30" data_id="6e6a">0110111001101010</data_item>
      <data_item mem_id="1c40" data_id="6aea">0110101011101010</data_item>
      <data_item mem_id="1c50" data_id="cace">1100101011001110</data_item>
      <data_item mem_id="1c60" data_id="5eea">0101111011101010</data_item>
      <data_item mem_id="1c70" data_id="eee6">1110111011100110</data_item>
      <data_item mem_id="1c80" data_id="e6ee">1110011011101110</data_item>
      <data_item mem_id="1c90" data_id="aeee">1010111011101110</data_item>
      <data_item mem_id="1ca0" data_id="eeee">1110111011101110</data_item>
      <data_item mem_id="1cb0" data_id="eeee">1110111011101110</data_item>
      <data_item mem_id="1cc0" data_id="ee6e">1110111001101110</data_item>
      <data_item mem_id="1cd0" data_id="eaea">1110101011101010</data_item>
      <data_item mem_id="1ce0" data_id="cece">1100111011001110</data_item>
      <data_item mem_id="1cf0" data_id="deea">1101111011101010</data_item>
      <data_item mem_id="1d00" data_id="e6e6">1110011011100110</data_item>
      <data_item mem_id="1d10" data_id="e6a6">1110011010100110</data_item>
      <data_item mem_id="1d20" data_id="aeac">1010111010101100</data_item>
      <data_item mem_id="1d30" data_id="acfc">1010110011111100</data_item>
      <data_item mem_id="1d40" data_id="ecee">1110110011101110</data_item>
      <data_item mem_id="1d50" data_id="ee6e">1110111001101110</data_item>
      <data_item mem_id="1d60" data_id="6e7b">0110111001111011</data_item>
      <data_item mem_id="1d70" data_id="6aeb">0110101011101011</data_item>
      <data_item mem_id="1d80" data_id="da4e">1101101001001110</data_item>
      <data_item mem_id="1d90" data_id="5ece">0101111011001110</data_item>
      <data_item mem_id="1da0" data_id="eef6">1110111011110110</data_item>
      <data_item mem_id="1db0" data_id="f6e6">1111011011100110</data_item>
      <data_item mem_id="1dc0" data_id="a6ae">1010011010101110</data_item>
      <data_item mem_id="1dd0" data_id="acec">1010110011101100</data_item>
      <data_item mem_id="1de0" data_id="e4ee">1110010011101110</data_item>
      <data_item mem_id="1df0" data_id="e6ee">1110011011101110</data_item>
      <data_item mem_id="1e00" data_id="6efe">0110111011111110</data_item>
      <data_item mem_id="1e10" data_id="eeef">1110111011101111</data_item>
      <data_item mem_id="1e20" data_id="eeee">1110111011101110</data_item>
      <data_item mem_id="1e30" data_id="eece">1110111011001110</data_item>
      <data_item mem_id="1e40" data_id="e6f6">1110011011110110</data_item>
      <data_item mem_id="1e50" data_id="aeac">1010111010101100</data_item>
      <data_item mem_id="1e60" data_id="acec">1010110011101100</data_item>
      <data_item mem_id="1e70" data_id="ecee">1110110011101110</data_item>
      <data_item mem_id="1e80" data_id="ee6e">1110111001101110</data_item>
      <data_item mem_id="1e90" data_id="6e6a">0110111001101010</data_item>
      <data_item mem_id="1ea0" data_id="6aea">0110101011101010</data_item>
      <data_item mem_id="1eb0" data_id="cade">1100101011011110</data_item>
      <data_item mem_id="1ec0" data_id="cece">1100111011001110</data_item>
      <data_item mem_id="1ed0" data_id="eee6">1110111011100110</data_item>
      <data_item mem_id="1ee0" data_id="e6e6">1110011011100110</data_item>
      <data_item mem_id="1ef0" data_id="a6ae">1010011010101110</data_item>
      <data_item mem_id="1f00" data_id="acac">1010110010101100</data_item>
      <data_item mem_id="1f10" data_id="fcec">1111110011101100</data_item>
      <data_item mem_id="1f20" data_id="eeee">1110111011101110</data_item>
      <data_item mem_id="1f30" data_id="6e6e">0110111001101110</data_item>
      <data_item mem_id="1f40" data_id="7a6a">0111101001101010</data_item>
      <data_item mem_id="1f50" data_id="eade">1110101011011110</data_item>
      <data_item mem_id="1f60" data_id="ceee">1100111011101110</data_item>
      <data_item mem_id="1f70" data_id="eeee">1110111011101110</data_item>
      <data_item mem_id="1f80" data_id="eeef">1110111011101111</data_item>
      <data_item mem_id="1f90" data_id="eeee">1110111011101110</data_item>
      <data_item mem_id="1fa0" data_id="edee">1110110111101110</data_item>
      <data_item mem_id="1fb0" data_id="eeee">1110111011101110</data_item>
      <data_item mem_id="1fc0" data_id="6e6e">0110111001101110</data_item>
      <data_item mem_id="1fd0" data_id="6aea">0110101011101010</data_item>
      <data_item mem_id="1fe0" data_id="cace">1100101011001110</data_item>
      <data_item mem_id="1ff0" data_id="cece">1100111011001110</data_item>
      <data_item mem_id="2000" data_id="eee6">1110111011100110</data_item>
      <data_item mem_id="2010" data_id="e6e6">1110011011100110</data_item>
      <data_item mem_id="2020" data_id="a6ae">1010011010101110</data_item>
      <data_item mem_id="2030" data_id="acac">1010110010101100</data_item>
      <data_item mem_id="2040" data_id="ecec">1110110011101100</data_item>
      <data_item mem_id="2050" data_id="eeee">1110111011101110</data_item>
      <data_item mem_id="2060" data_id="6e4e">0110111001001110</data_item>
      <data_item mem_id="2070" data_id="6b6a">0110101101101010</data_item>
      <data_item mem_id="2080" data_id="eaca">1110101011001010</data_item>
      <data_item mem_id="2090" data_id="dece">1101111011001110</data_item>
      <data_item mem_id="20a0" data_id="ceee">1100111011101110</data_item>
      <data_item mem_id="20b0" data_id="e6e6">1110011011100110</data_item>
      <data_item mem_id="20c0" data_id="e6af">1110011010101111</data_item>
      <data_item mem_id="20d0" data_id="aeec">1010111011101100</data_item>
      <data_item mem_id="20e0" data_id="e4ee">1110010011101110</data_item>
      <data_item mem_id="20f0" data_id="e6ee">1110011011101110</data_item>
      <data_item mem_id="2100" data_id="eeee">1110111011101110</data_item>
      <data_item mem_id="2110" data_id="feef">1111111011101111</data_item>
      <data_item mem_id="2120" data_id="fece">1111111011001110</data_item>
      <data_item mem_id="2130" data_id="eeee">1110111011101110</data_item>
      <data_item mem_id="2140" data_id="e6f6">1110011011110110</data_item>
      <data_item mem_id="2150" data_id="a6ae">1010011010101110</data_item>
      <data_item mem_id="2160" data_id="acec">1010110011101100</data_item>
      <data_item mem_id="2170" data_id="ecec">1110110011101100</data_item>
      <data_item mem_id="2180" data_id="eeee">1110111011101110</data_item>
      <data_item mem_id="2190" data_id="6e6e">0110111001101110</data_item>
      <data_item mem_id="21a0" data_id="6a6a">0110101001101010</data_item>
      <data_item mem_id="21b0" data_id="eaca">1110101011001010</data_item>
      <data_item mem_id="21c0" data_id="cede">1100111011011110</data_item>
      <data_item mem_id="21d0" data_id="ceee">1100111011101110</data_item>
      <data_item mem_id="21e0" data_id="e6e6">1110011011100110</data_item>
      <data_item mem_id="21f0" data_id="c6a6">1100011010100110</data_item>
      <data_item mem_id="2200" data_id="aeac">1010111010101100</data_item>
      <data_item mem_id="2210" data_id="acec">1010110011101100</data_item>
      <data_item mem_id="2220" data_id="ecee">1110110011101110</data_item>
      <data_item mem_id="2230" data_id="ee6f">1110111001101111</data_item>
      <data_item mem_id="2240" data_id="7efa">0111111011111010</data_item>
      <data_item mem_id="2250" data_id="eaee">1110101011101110</data_item>
      <data_item mem_id="2260" data_id="cee6">1100111011100110</data_item>
      <data_item mem_id="2270" data_id="eeee">1110111011101110</data_item>
      <data_item mem_id="2280" data_id="ceee">1100111011101110</data_item>
      <data_item mem_id="2290" data_id="efae">1110111110101110</data_item>
      <data_item mem_id="22a0" data_id="edec">1110110111101100</data_item>
      <data_item mem_id="22b0" data_id="eeee">1110111011101110</data_item>
      <data_item mem_id="22c0" data_id="6e6e">0110111001101110</data_item>
      <data_item mem_id="22d0" data_id="7a6b">0111101001101011</data_item>
      <data_item mem_id="22e0" data_id="e8da">1110100011011010</data_item>
      <data_item mem_id="22f0" data_id="cece">1100111011001110</data_item>
      <data_item mem_id="2300" data_id="ceee">1100111011101110</data_item>
      <data_item mem_id="2310" data_id="e6e6">1110011011100110</data_item>
      <data_item mem_id="2320" data_id="e6b6">1110011010110110</data_item>
      <data_item mem_id="2330" data_id="beac">1011111010101100</data_item>
      <data_item mem_id="2340" data_id="acec">1010110011101100</data_item>
      <data_item mem_id="2350" data_id="ecae">1110110010101110</data_item>
      <data_item mem_id="2360" data_id="ee6e">1110111001101110</data_item>
      <data_item mem_id="2370" data_id="6f6a">0110111101101010</data_item>
      <data_item mem_id="2380" data_id="6aea">0110101011101010</data_item>
      <data_item mem_id="2390" data_id="cace">1100101011001110</data_item>
      <data_item mem_id="23a0" data_id="cece">1100111011001110</data_item>
      <data_item mem_id="23b0" data_id="eee6">1110111011100110</data_item>
      <data_item mem_id="23c0" data_id="e6e6">1110011011100110</data_item>
      <data_item mem_id="23d0" data_id="aeee">1010111011101110</data_item>
      <data_item mem_id="23e0" data_id="eeee">1110111011101110</data_item>
      <data_item mem_id="23f0" data_id="6cee">0110110011101110</data_item>
      <data_item mem_id="2400" data_id="ce6e">1100111001101110</data_item>
      <data_item mem_id="2410" data_id="eaea">1110101011101010</data_item>
      <data_item mem_id="2420" data_id="cece">1100111011001110</data_item>
      <data_item mem_id="2430" data_id="ceee">1100111011101110</data_item>
      <data_item mem_id="2440" data_id="e6e6">1110011011100110</data_item>
      <data_item mem_id="2450" data_id="e6a6">1110011010100110</data_item>
      <data_item mem_id="2460" data_id="aeac">1010111010101100</data_item>
      <data_item mem_id="2470" data_id="2cac">0010110010101100</data_item>
      <data_item mem_id="2480" data_id="ecee">1110110011101110</data_item>
      <data_item mem_id="2490" data_id="ee6e">1110111001101110</data_item>
      <data_item mem_id="24a0" data_id="6e6a">0110111001101010</data_item>
      <data_item mem_id="24b0" data_id="6afa">0110101011111010</data_item>
      <data_item mem_id="24c0" data_id="cace">1100101011001110</data_item>
      <data_item mem_id="24d0" data_id="cece">1100111011001110</data_item>
      <data_item mem_id="24e0" data_id="eee6">1110111011100110</data_item>
      <data_item mem_id="24f0" data_id="e6e6">1110011011100110</data_item>
      <data_item mem_id="2500" data_id="a6ae">1010011010101110</data_item>
      <data_item mem_id="2510" data_id="acac">1010110010101100</data_item>
      <data_item mem_id="2520" data_id="ecee">1110110011101110</data_item>
      <data_item mem_id="2530" data_id="eeee">1110111011101110</data_item>
      <data_item mem_id="2540" data_id="6eee">0110111011101110</data_item>
      <data_item mem_id="2550" data_id="eaee">1110101011101110</data_item>
      <data_item mem_id="2560" data_id="eeee">1110111011101110</data_item>
      <data_item mem_id="2570" data_id="eefe">1110111011111110</data_item>
      <data_item mem_id="2580" data_id="eee6">1110111011100110</data_item>
      <data_item mem_id="2590" data_id="eea7">1110111010100111</data_item>
      <data_item mem_id="25a0" data_id="acec">1010110011101100</data_item>
      <data_item mem_id="25b0" data_id="ecee">1110110011101110</data_item>
      <data_item mem_id="25c0" data_id="ee6e">1110111001101110</data_item>
      <data_item mem_id="25d0" data_id="6e6a">0110111001101010</data_item>
      <data_item mem_id="25e0" data_id="6aea">0110101011101010</data_item>
      <data_item mem_id="25f0" data_id="cace">1100101011001110</data_item>
      <data_item mem_id="2600" data_id="cece">1100111011001110</data_item>
      <data_item mem_id="2610" data_id="eee6">1110111011100110</data_item>
      <data_item mem_id="2620" data_id="f6e4">1111011011100100</data_item>
      <data_item mem_id="2630" data_id="84ae">1000010010101110</data_item>
      <data_item mem_id="2640" data_id="acbc">1010110010111100</data_item>
      <data_item mem_id="2650" data_id="ecec">1110110011101100</data_item>
      <data_item mem_id="2660" data_id="eee6">1110111011100110</data_item>
      <data_item mem_id="2670" data_id="6e6e">0110111001101110</data_item>
      <data_item mem_id="2680" data_id="6a6a">0110101001101010</data_item>
      <data_item mem_id="2690" data_id="eace">1110101011001110</data_item>
      <data_item mem_id="26a0" data_id="cece">1100111011001110</data_item>
      <data_item mem_id="26b0" data_id="eaee">1110101011101110</data_item>
      <data_item mem_id="26c0" data_id="e6ef">1110011011101111</data_item>
      <data_item mem_id="26d0" data_id="feee">1111111011101110</data_item>
      <data_item mem_id="26e0" data_id="ecee">1110110011101110</data_item>
      <data_item mem_id="26f0" data_id="eeee">1110111011101110</data_item>
      <data_item mem_id="2700" data_id="ee6e">1110111001101110</data_item>
      <data_item mem_id="2710" data_id="6aea">0110101011101010</data_item>
      <data_item mem_id="2720" data_id="cace">1100101011001110</data_item>
      <data_item mem_id="2730" data_id="cece">1100111011001110</data_item>
      <data_item mem_id="2740" data_id="eee6">1110111011100110</data_item>
      <data_item mem_id="2750" data_id="e2e7">1110001011100111</data_item>
      <data_item mem_id="2760" data_id="a6ae">1010011010101110</data_item>
      <data_item mem_id="2770" data_id="acac">1010110010101100</data_item>
      <data_item mem_id="2780" data_id="fc6c">1111110001101100</data_item>
      <data_item mem_id="2790" data_id="eeef">1110111011101111</data_item>
      <data_item mem_id="27a0" data_id="6e6e">0110111001101110</data_item>
      <data_item mem_id="27b0" data_id="6a6a">0110101001101010</data_item>
      <data_item mem_id="27c0" data_id="eaca">1110101011001010</data_item>
      <data_item mem_id="27d0" data_id="cece">1100111011001110</data_item>
      <data_item mem_id="27e0" data_id="ceee">1100111011101110</data_item>
      <data_item mem_id="27f0" data_id="e6e6">1110011011100110</data_item>
   </data>
 </resultfile>
