<?xml version="1.0" encoding="ISO-8859-1"?>
 <resultfile>
   <header>
      <link id="28-26">
        <source_moteid>28</source_moteid>
        <dest_moteid>26</dest_moteid>
      </link>
      <filedate>Thu Jul 21 15:29:21 2011</filedate>
      <channels>
        <num_channels>4</num_channels>
        <channel_ids>11.12.13.14</channel_ids>
      </channels>
   </header>
   <data>
      <data_item mem_id="0000" data_id="cdcd">1100110111001101</data_item>
      <data_item mem_id="0010" data_id="094d">0000100101001101</data_item>
      <data_item mem_id="0020" data_id="5d59">0101110101011001</data_item>
      <data_item mem_id="0030" data_id="19d9">0001100111011001</data_item>
      <data_item mem_id="0040" data_id="dd9d">1101110110011101</data_item>
      <data_item mem_id="0050" data_id="9cdc">1001110011011100</data_item>
      <data_item mem_id="0060" data_id="ddc5">1101110111000101</data_item>
      <data_item mem_id="0070" data_id="55dd">0101010111011101</data_item>
      <data_item mem_id="0080" data_id="dd9d">1101110110011101</data_item>
      <data_item mem_id="0090" data_id="dddd">1101110111011101</data_item>
      <data_item mem_id="00a0" data_id="cdd9">1100110111011001</data_item>
      <data_item mem_id="00b0" data_id="4d59">0100110101011001</data_item>
      <data_item mem_id="00c0" data_id="d959">1101100101011001</data_item>
      <data_item mem_id="00d0" data_id="d9d8">1101100111011000</data_item>
      <data_item mem_id="00e0" data_id="dddc">1101110111011100</data_item>
      <data_item mem_id="00f0" data_id="d49d">1101010010011101</data_item>
      <data_item mem_id="0100" data_id="9595">1001010110010101</data_item>
      <data_item mem_id="0110" data_id="9d9d">1001110110011101</data_item>
      <data_item mem_id="0120" data_id="9ddd">1001110111011101</data_item>
      <data_item mem_id="0130" data_id="cdcd">1100110111001101</data_item>
      <data_item mem_id="0140" data_id="c94d">1100100101001101</data_item>
      <data_item mem_id="0150" data_id="5959">0101100101011001</data_item>
      <data_item mem_id="0160" data_id="59d9">0101100111011001</data_item>
      <data_item mem_id="0170" data_id="d9dd">1101100111011101</data_item>
      <data_item mem_id="0180" data_id="9cdc">1001110011011100</data_item>
      <data_item mem_id="0190" data_id="9c90">1001110010010000</data_item>
      <data_item mem_id="01a0" data_id="d5d5">1101010111010101</data_item>
      <data_item mem_id="01b0" data_id="959d">1001010110011101</data_item>
      <data_item mem_id="01c0" data_id="99dd">1001100111011101</data_item>
      <data_item mem_id="01d0" data_id="d9cd">1101100111001101</data_item>
      <data_item mem_id="01e0" data_id="c9d9">1100100111011001</data_item>
      <data_item mem_id="01f0" data_id="dd5d">1101110101011101</data_item>
      <data_item mem_id="0200" data_id="dd59">1101110101011001</data_item>
      <data_item mem_id="0210" data_id="dddc">1101110111011100</data_item>
      <data_item mem_id="0220" data_id="dc95">1101110010010101</data_item>
      <data_item mem_id="0230" data_id="9495">1001010010010101</data_item>
      <data_item mem_id="0240" data_id="9d95">1001110110010101</data_item>
      <data_item mem_id="0250" data_id="9ddd">1001110111011101</data_item>
      <data_item mem_id="0260" data_id="cddd">1100110111011101</data_item>
      <data_item mem_id="0270" data_id="cd49">1100110101001001</data_item>
      <data_item mem_id="0280" data_id="dd59">1101110101011001</data_item>
      <data_item mem_id="0290" data_id="59d9">0101100111011001</data_item>
      <data_item mem_id="02a0" data_id="d9dd">1101100111011101</data_item>
      <data_item mem_id="02b0" data_id="dcdc">1101110011011100</data_item>
      <data_item mem_id="02c0" data_id="9c94">1001110010010100</data_item>
      <data_item mem_id="02d0" data_id="d595">1101010110010101</data_item>
      <data_item mem_id="02e0" data_id="919d">1001000110011101</data_item>
      <data_item mem_id="02f0" data_id="9dd9">1001110111011001</data_item>
      <data_item mem_id="0300" data_id="d9c9">1101100111001001</data_item>
      <data_item mem_id="0310" data_id="c9c9">1100100111001001</data_item>
      <data_item mem_id="0320" data_id="4d5d">0100110101011101</data_item>
      <data_item mem_id="0330" data_id="59c9">0101100111001001</data_item>
      <data_item mem_id="0340" data_id="dddd">1101110111011101</data_item>
      <data_item mem_id="0350" data_id="9d9d">1001110110011101</data_item>
      <data_item mem_id="0360" data_id="9c9d">1001110010011101</data_item>
      <data_item mem_id="0370" data_id="9dd1">1001110111010001</data_item>
      <data_item mem_id="0380" data_id="8ddd">1000110111011101</data_item>
      <data_item mem_id="0390" data_id="9ddd">1001110111011101</data_item>
      <data_item mem_id="03a0" data_id="cdc9">1100110111001001</data_item>
      <data_item mem_id="03b0" data_id="d949">1101100101001001</data_item>
      <data_item mem_id="03c0" data_id="5999">0101100110011001</data_item>
      <data_item mem_id="03d0" data_id="599c">0101100110011100</data_item>
      <data_item mem_id="03e0" data_id="ccdd">1100110011011101</data_item>
      <data_item mem_id="03f0" data_id="dc94">1101110010010100</data_item>
      <data_item mem_id="0400" data_id="d5d5">1101010111010101</data_item>
      <data_item mem_id="0410" data_id="959d">1001010110011101</data_item>
      <data_item mem_id="0420" data_id="999d">1001100110011101</data_item>
      <data_item mem_id="0430" data_id="ddcd">1101110111001101</data_item>
      <data_item mem_id="0440" data_id="c9cd">1100100111001101</data_item>
      <data_item mem_id="0450" data_id="4d59">0100110101011001</data_item>
      <data_item mem_id="0460" data_id="5959">0101100101011001</data_item>
      <data_item mem_id="0470" data_id="d9d9">1101100111011001</data_item>
      <data_item mem_id="0480" data_id="dd98">1101110110011000</data_item>
      <data_item mem_id="0490" data_id="dc9c">1101110010011100</data_item>
      <data_item mem_id="04a0" data_id="94c5">1001010011000101</data_item>
      <data_item mem_id="04b0" data_id="dd9c">1101110110011100</data_item>
      <data_item mem_id="04c0" data_id="9ddd">1001110111011101</data_item>
      <data_item mem_id="04d0" data_id="ddc9">1101110111001001</data_item>
      <data_item mem_id="04e0" data_id="d9c9">1101100111001001</data_item>
      <data_item mem_id="04f0" data_id="dddd">1101110111011101</data_item>
      <data_item mem_id="0500" data_id="59dd">0101100111011101</data_item>
      <data_item mem_id="0510" data_id="d9dc">1101100111011100</data_item>
      <data_item mem_id="0520" data_id="dc94">1101110010010100</data_item>
      <data_item mem_id="0530" data_id="9dd4">1001110111010100</data_item>
      <data_item mem_id="0540" data_id="945d">1001010001011101</data_item>
      <data_item mem_id="0550" data_id="959d">1001010110011101</data_item>
      <data_item mem_id="0560" data_id="dccd">1101110011001101</data_item>
      <data_item mem_id="0570" data_id="c58d">1100010110001101</data_item>
      <data_item mem_id="0580" data_id="4d5d">0100110101011101</data_item>
      <data_item mem_id="0590" data_id="5959">0101100101011001</data_item>
      <data_item mem_id="05a0" data_id="c9d9">1100100111011001</data_item>
      <data_item mem_id="05b0" data_id="dddc">1101110111011100</data_item>
      <data_item mem_id="05c0" data_id="9c9c">1001110010011100</data_item>
      <data_item mem_id="05d0" data_id="94d1">1001010011010001</data_item>
      <data_item mem_id="05e0" data_id="d595">1101010110010101</data_item>
      <data_item mem_id="05f0" data_id="9d9d">1001110110011101</data_item>
      <data_item mem_id="0600" data_id="9dd9">1001110111011001</data_item>
      <data_item mem_id="0610" data_id="cdc9">1100110111001001</data_item>
      <data_item mem_id="0620" data_id="c95d">1100100101011101</data_item>
      <data_item mem_id="0630" data_id="5dd9">0101110111011001</data_item>
      <data_item mem_id="0640" data_id="d9dd">1101100111011101</data_item>
      <data_item mem_id="0650" data_id="cddd">1100110111011101</data_item>
      <data_item mem_id="0660" data_id="9d9c">1001110110011100</data_item>
      <data_item mem_id="0670" data_id="959d">1001010110011101</data_item>
      <data_item mem_id="0680" data_id="949d">1001010010011101</data_item>
      <data_item mem_id="0690" data_id="dd9d">1101110110011101</data_item>
      <data_item mem_id="06a0" data_id="cdcd">1100110111001101</data_item>
      <data_item mem_id="06b0" data_id="4999">0100100110011001</data_item>
      <data_item mem_id="06c0" data_id="491d">0100100100011101</data_item>
      <data_item mem_id="06d0" data_id="c9d9">1100100111011001</data_item>
      <data_item mem_id="06e0" data_id="dddc">1101110111011100</data_item>
      <data_item mem_id="06f0" data_id="dcdc">1101110011011100</data_item>
      <data_item mem_id="0700" data_id="d455">1101010001010101</data_item>
      <data_item mem_id="0710" data_id="9595">1001010110010101</data_item>
      <data_item mem_id="0720" data_id="9d9d">1001110110011101</data_item>
      <data_item mem_id="0730" data_id="9ddd">1001110111011101</data_item>
      <data_item mem_id="0740" data_id="4989">0100100110001001</data_item>
      <data_item mem_id="0750" data_id="c84d">1100100001001101</data_item>
      <data_item mem_id="0760" data_id="5d59">0101110101011001</data_item>
      <data_item mem_id="0770" data_id="59d9">0101100111011001</data_item>
      <data_item mem_id="0780" data_id="c9dc">1100100111011100</data_item>
      <data_item mem_id="0790" data_id="88dc">1000100011011100</data_item>
      <data_item mem_id="07a0" data_id="9c94">1001110010010100</data_item>
      <data_item mem_id="07b0" data_id="9d9d">1001110110011101</data_item>
      <data_item mem_id="07c0" data_id="8ccd">1000110011001101</data_item>
      <data_item mem_id="07d0" data_id="ddd9">1101110111011001</data_item>
      <data_item mem_id="07e0" data_id="d9dd">1101100111011101</data_item>
      <data_item mem_id="07f0" data_id="d559">1101010101011001</data_item>
      <data_item mem_id="0800" data_id="d959">1101100101011001</data_item>
      <data_item mem_id="0810" data_id="ddd8">1101110111011000</data_item>
      <data_item mem_id="0820" data_id="9cdc">1001110011011100</data_item>
      <data_item mem_id="0830" data_id="9485">1001010010000101</data_item>
      <data_item mem_id="0840" data_id="d495">1101010010010101</data_item>
      <data_item mem_id="0850" data_id="9c9c">1001110010011100</data_item>
      <data_item mem_id="0860" data_id="8ddd">1000110111011101</data_item>
      <data_item mem_id="0870" data_id="cdcd">1100110111001101</data_item>
      <data_item mem_id="0880" data_id="9d4d">1001110101001101</data_item>
      <data_item mem_id="0890" data_id="5d59">0101110101011001</data_item>
      <data_item mem_id="08a0" data_id="59d9">0101100111011001</data_item>
      <data_item mem_id="08b0" data_id="d9dd">1101100111011101</data_item>
      <data_item mem_id="08c0" data_id="dcdc">1101110011011100</data_item>
      <data_item mem_id="08d0" data_id="9cd4">1001110011010100</data_item>
      <data_item mem_id="08e0" data_id="d5d5">1101010111010101</data_item>
      <data_item mem_id="08f0" data_id="959d">1001010110011101</data_item>
      <data_item mem_id="0900" data_id="9cd9">1001110011011001</data_item>
      <data_item mem_id="0910" data_id="ddcd">1101110111001101</data_item>
      <data_item mem_id="0920" data_id="cddd">1100110111011101</data_item>
      <data_item mem_id="0930" data_id="5d5d">0101110101011101</data_item>
      <data_item mem_id="0940" data_id="ddd9">1101110111011001</data_item>
      <data_item mem_id="0950" data_id="dcdd">1101110011011101</data_item>
      <data_item mem_id="0960" data_id="dcdd">1101110011011101</data_item>
      <data_item mem_id="0970" data_id="9cd5">1001110011010101</data_item>
      <data_item mem_id="0980" data_id="9995">1001100110010101</data_item>
      <data_item mem_id="0990" data_id="9ddd">1001110111011101</data_item>
      <data_item mem_id="09a0" data_id="8dcd">1000110111001101</data_item>
      <data_item mem_id="09b0" data_id="c949">1100100101001001</data_item>
      <data_item mem_id="09c0" data_id="d959">1101100101011001</data_item>
      <data_item mem_id="09d0" data_id="59d9">0101100111011001</data_item>
      <data_item mem_id="09e0" data_id="d9dd">1101100111011101</data_item>
      <data_item mem_id="09f0" data_id="dcdc">1101110011011100</data_item>
      <data_item mem_id="0a00" data_id="9894">1001100010010100</data_item>
      <data_item mem_id="0a10" data_id="9595">1001010110010101</data_item>
      <data_item mem_id="0a20" data_id="9499">1001010010011001</data_item>
      <data_item mem_id="0a30" data_id="9d9d">1001110110011101</data_item>
      <data_item mem_id="0a40" data_id="99c9">1001100111001001</data_item>
      <data_item mem_id="0a50" data_id="c9c9">1100100111001001</data_item>
      <data_item mem_id="0a60" data_id="4d58">0100110101011000</data_item>
      <data_item mem_id="0a70" data_id="59d9">0101100111011001</data_item>
      <data_item mem_id="0a80" data_id="dd5d">1101110101011101</data_item>
      <data_item mem_id="0a90" data_id="9d8c">1001110110001100</data_item>
      <data_item mem_id="0aa0" data_id="9c9c">1001110010011100</data_item>
      <data_item mem_id="0ab0" data_id="94dd">1001010011011101</data_item>
      <data_item mem_id="0ac0" data_id="cdd9">1100110111011001</data_item>
      <data_item mem_id="0ad0" data_id="9cdd">1001110011011101</data_item>
      <data_item mem_id="0ae0" data_id="cdc9">1100110111001001</data_item>
      <data_item mem_id="0af0" data_id="5959">0101100101011001</data_item>
      <data_item mem_id="0b00" data_id="59c8">0101100111001000</data_item>
      <data_item mem_id="0b10" data_id="d9cd">1101100111001101</data_item>
      <data_item mem_id="0b20" data_id="ccdc">1100110011011100</data_item>
      <data_item mem_id="0b30" data_id="dc90">1101110010010000</data_item>
      <data_item mem_id="0b40" data_id="9785">1001011110000101</data_item>
      <data_item mem_id="0b50" data_id="b49d">1011010010011101</data_item>
      <data_item mem_id="0b60" data_id="9dbd">1001110110111101</data_item>
      <data_item mem_id="0b70" data_id="fdcd">1111110111001101</data_item>
      <data_item mem_id="0b80" data_id="edc9">1110110111001001</data_item>
      <data_item mem_id="0b90" data_id="4d59">0100110101011001</data_item>
      <data_item mem_id="0ba0" data_id="5019">0101000000011001</data_item>
      <data_item mem_id="0bb0" data_id="d9d9">1101100111011001</data_item>
      <data_item mem_id="0bc0" data_id="9d9c">1001110110011100</data_item>
      <data_item mem_id="0bd0" data_id="9c9c">1001110010011100</data_item>
      <data_item mem_id="0be0" data_id="94d5">1001010011010101</data_item>
      <data_item mem_id="0bf0" data_id="c18d">1100000110001101</data_item>
      <data_item mem_id="0c00" data_id="9d9d">1001110110011101</data_item>
      <data_item mem_id="0c10" data_id="d1d9">1101000111011001</data_item>
      <data_item mem_id="0c20" data_id="c9c9">1100100111001001</data_item>
      <data_item mem_id="0c30" data_id="c95d">1100100101011101</data_item>
      <data_item mem_id="0c40" data_id="d9dd">1101100111011101</data_item>
      <data_item mem_id="0c50" data_id="dddc">1101110111011100</data_item>
      <data_item mem_id="0c60" data_id="dddc">1101110111011100</data_item>
      <data_item mem_id="0c70" data_id="9595">1001010110010101</data_item>
      <data_item mem_id="0c80" data_id="959c">1001010110011100</data_item>
      <data_item mem_id="0c90" data_id="9d9c">1001110110011100</data_item>
      <data_item mem_id="0ca0" data_id="cdcd">1100110111001101</data_item>
      <data_item mem_id="0cb0" data_id="cdc9">1100110111001001</data_item>
      <data_item mem_id="0cc0" data_id="4959">0100100101011001</data_item>
      <data_item mem_id="0cd0" data_id="5919">0101100100011001</data_item>
      <data_item mem_id="0ce0" data_id="d9d8">1101100111011000</data_item>
      <data_item mem_id="0cf0" data_id="dddc">1101110111011100</data_item>
      <data_item mem_id="0d00" data_id="dc9c">1101110010011100</data_item>
      <data_item mem_id="0d10" data_id="94d5">1001010011010101</data_item>
      <data_item mem_id="0d20" data_id="d595">1101010110010101</data_item>
      <data_item mem_id="0d30" data_id="9d9d">1001110110011101</data_item>
      <data_item mem_id="0d40" data_id="9dd9">1001110111011001</data_item>
      <data_item mem_id="0d50" data_id="cdc8">1100110111001000</data_item>
      <data_item mem_id="0d60" data_id="c95d">1100100101011101</data_item>
      <data_item mem_id="0d70" data_id="5dd9">0101110111011001</data_item>
      <data_item mem_id="0d80" data_id="ddd9">1101110111011001</data_item>
      <data_item mem_id="0d90" data_id="dcdd">1101110011011101</data_item>
      <data_item mem_id="0da0" data_id="9d9c">1001110110011100</data_item>
      <data_item mem_id="0db0" data_id="9d9d">1001110110011101</data_item>
      <data_item mem_id="0dc0" data_id="c59d">1100010110011101</data_item>
      <data_item mem_id="0dd0" data_id="dc8d">1101110010001101</data_item>
      <data_item mem_id="0de0" data_id="cdcd">1100110111001101</data_item>
      <data_item mem_id="0df0" data_id="49d9">0100100111011001</data_item>
      <data_item mem_id="0e00" data_id="49d9">0100100111011001</data_item>
      <data_item mem_id="0e10" data_id="d9d9">1101100111011001</data_item>
      <data_item mem_id="0e20" data_id="dddc">1101110111011100</data_item>
      <data_item mem_id="0e30" data_id="cccc">1100110011001100</data_item>
      <data_item mem_id="0e40" data_id="d4d5">1101010011010101</data_item>
      <data_item mem_id="0e50" data_id="8595">1000010110010101</data_item>
      <data_item mem_id="0e60" data_id="9d9d">1001110110011101</data_item>
      <data_item mem_id="0e70" data_id="9ddd">1001110111011101</data_item>
      <data_item mem_id="0e80" data_id="cdc9">1100110111001001</data_item>
      <data_item mem_id="0e90" data_id="c94d">1100100101001101</data_item>
      <data_item mem_id="0ea0" data_id="5d59">0101110101011001</data_item>
      <data_item mem_id="0eb0" data_id="58d9">0101100011011001</data_item>
      <data_item mem_id="0ec0" data_id="d9dd">1101100111011101</data_item>
      <data_item mem_id="0ed0" data_id="9cdc">1001110011011100</data_item>
      <data_item mem_id="0ee0" data_id="9c95">1001110010010101</data_item>
      <data_item mem_id="0ef0" data_id="d5cd">1101010111001101</data_item>
      <data_item mem_id="0f00" data_id="9d9c">1001110110011100</data_item>
      <data_item mem_id="0f10" data_id="cddd">1100110111011101</data_item>
      <data_item mem_id="0f20" data_id="d9d9">1101100111011001</data_item>
      <data_item mem_id="0f30" data_id="d919">1101100100011001</data_item>
      <data_item mem_id="0f40" data_id="d948">1101100101001000</data_item>
      <data_item mem_id="0f50" data_id="dcd8">1101110011011000</data_item>
      <data_item mem_id="0f60" data_id="dcdc">1101110011011100</data_item>
      <data_item mem_id="0f70" data_id="d489">1101010010001001</data_item>
      <data_item mem_id="0f80" data_id="9595">1001010110010101</data_item>
      <data_item mem_id="0f90" data_id="dd9d">1101110110011101</data_item>
      <data_item mem_id="0fa0" data_id="9d9c">1001110110011100</data_item>
      <data_item mem_id="0fb0" data_id="cd0c">1100110100001100</data_item>
      <data_item mem_id="0fc0" data_id="cc4c">1100110001001100</data_item>
      <data_item mem_id="0fd0" data_id="5159">0101000101011001</data_item>
      <data_item mem_id="0fe0" data_id="59d9">0101100111011001</data_item>
      <data_item mem_id="0ff0" data_id="d9dd">1101100111011101</data_item>
      <data_item mem_id="1000" data_id="dcd8">1101110011011000</data_item>
      <data_item mem_id="1010" data_id="8c94">1000110010010100</data_item>
      <data_item mem_id="1020" data_id="d5d5">1101010111010101</data_item>
      <data_item mem_id="1030" data_id="958d">1001010110001101</data_item>
      <data_item mem_id="1040" data_id="9d9d">1001110110011101</data_item>
      <data_item mem_id="1050" data_id="c9c9">1100100111001001</data_item>
      <data_item mem_id="1060" data_id="c9c9">1100100111001001</data_item>
      <data_item mem_id="1070" data_id="5d5d">0101110101011101</data_item>
      <data_item mem_id="1080" data_id="ddd8">1101110111011000</data_item>
      <data_item mem_id="1090" data_id="dddd">1101110111011101</data_item>
      <data_item mem_id="10a0" data_id="dc9d">1101110010011101</data_item>
      <data_item mem_id="10b0" data_id="9595">1001010110010101</data_item>
      <data_item mem_id="10c0" data_id="9d95">1001110110010101</data_item>
      <data_item mem_id="10d0" data_id="9ddd">1001110111011101</data_item>
      <data_item mem_id="10e0" data_id="8dcd">1000110111001101</data_item>
      <data_item mem_id="10f0" data_id="cd49">1100110101001001</data_item>
      <data_item mem_id="1100" data_id="d959">1101100101011001</data_item>
      <data_item mem_id="1110" data_id="5dd9">0101110111011001</data_item>
      <data_item mem_id="1120" data_id="d99d">1101100110011101</data_item>
      <data_item mem_id="1130" data_id="dcdc">1101110011011100</data_item>
      <data_item mem_id="1140" data_id="dc94">1101110010010100</data_item>
      <data_item mem_id="1150" data_id="d5c5">1101010111000101</data_item>
      <data_item mem_id="1160" data_id="959d">1001010110011101</data_item>
      <data_item mem_id="1170" data_id="999d">1001100110011101</data_item>
      <data_item mem_id="1180" data_id="ddcd">1101110111001101</data_item>
      <data_item mem_id="1190" data_id="c9c9">1100100111001001</data_item>
      <data_item mem_id="11a0" data_id="4d5d">0100110101011101</data_item>
      <data_item mem_id="11b0" data_id="5959">0101100101011001</data_item>
      <data_item mem_id="11c0" data_id="d9dd">1101100111011101</data_item>
      <data_item mem_id="11d0" data_id="dd9c">1101110110011100</data_item>
      <data_item mem_id="11e0" data_id="9d9d">1001110110011101</data_item>
      <data_item mem_id="11f0" data_id="9dd5">1001110111010101</data_item>
      <data_item mem_id="1200" data_id="ddcd">1101110111001101</data_item>
      <data_item mem_id="1210" data_id="9ddd">1001110111011101</data_item>
      <data_item mem_id="1220" data_id="9dc9">1001110111001001</data_item>
      <data_item mem_id="1230" data_id="d949">1101100101001001</data_item>
      <data_item mem_id="1240" data_id="59d9">0101100111011001</data_item>
      <data_item mem_id="1250" data_id="d9dd">1101100111011101</data_item>
      <data_item mem_id="1260" data_id="d8dc">1101100011011100</data_item>
      <data_item mem_id="1270" data_id="dcd4">1101110011010100</data_item>
      <data_item mem_id="1280" data_id="8d95">1000110110010101</data_item>
      <data_item mem_id="1290" data_id="948d">1001010010001101</data_item>
      <data_item mem_id="12a0" data_id="9d9d">1001110110011101</data_item>
      <data_item mem_id="12b0" data_id="ddcd">1101110111001101</data_item>
      <data_item mem_id="12c0" data_id="cdcd">1100110111001101</data_item>
      <data_item mem_id="12d0" data_id="485d">0100100001011101</data_item>
      <data_item mem_id="12e0" data_id="5859">0101100001011001</data_item>
      <data_item mem_id="12f0" data_id="d9d9">1101100111011001</data_item>
      <data_item mem_id="1300" data_id="dddc">1101110111011100</data_item>
      <data_item mem_id="1310" data_id="dcdc">1101110011011100</data_item>
      <data_item mem_id="1320" data_id="d4d5">1101010011010101</data_item>
      <data_item mem_id="1330" data_id="d59d">1101010110011101</data_item>
      <data_item mem_id="1340" data_id="9ddd">1001110111011101</data_item>
      <data_item mem_id="1350" data_id="dd98">1101110110011000</data_item>
      <data_item mem_id="1360" data_id="cccd">1100110011001101</data_item>
      <data_item mem_id="1370" data_id="dcdd">1101110011011101</data_item>
      <data_item mem_id="1380" data_id="5cdd">0101110011011101</data_item>
      <data_item mem_id="1390" data_id="dddd">1101110111011101</data_item>
      <data_item mem_id="13a0" data_id="dcdc">1101110011011100</data_item>
      <data_item mem_id="13b0" data_id="d5d4">1101010111010100</data_item>
      <data_item mem_id="13c0" data_id="95dd">1001010111011101</data_item>
      <data_item mem_id="13d0" data_id="859d">1000010110011101</data_item>
      <data_item mem_id="13e0" data_id="ddcc">1101110111001100</data_item>
      <data_item mem_id="13f0" data_id="cdcd">1100110111001101</data_item>
      <data_item mem_id="1400" data_id="495d">0100100101011101</data_item>
      <data_item mem_id="1410" data_id="5959">0101100101011001</data_item>
      <data_item mem_id="1420" data_id="c9d9">1100100111011001</data_item>
      <data_item mem_id="1430" data_id="dddc">1101110111011100</data_item>
      <data_item mem_id="1440" data_id="dcdc">1101110011011100</data_item>
      <data_item mem_id="1450" data_id="d4d5">1101010011010101</data_item>
      <data_item mem_id="1460" data_id="d595">1101010110010101</data_item>
      <data_item mem_id="1470" data_id="9d9d">1001110110011101</data_item>
      <data_item mem_id="1480" data_id="99dd">1001100111011101</data_item>
      <data_item mem_id="1490" data_id="c8c9">1100100011001001</data_item>
      <data_item mem_id="14a0" data_id="cd5d">1100110101011101</data_item>
      <data_item mem_id="14b0" data_id="5d59">0101110101011001</data_item>
      <data_item mem_id="14c0" data_id="d9dd">1101100111011101</data_item>
      <data_item mem_id="14d0" data_id="dddd">1101110111011101</data_item>
      <data_item mem_id="14e0" data_id="dd9c">1101110110011100</data_item>
      <data_item mem_id="14f0" data_id="dddd">1101110111011101</data_item>
      <data_item mem_id="1500" data_id="d59d">1101010110011101</data_item>
      <data_item mem_id="1510" data_id="dd9d">1101110110011101</data_item>
      <data_item mem_id="1520" data_id="cdcd">1100110111001101</data_item>
      <data_item mem_id="1530" data_id="49d9">0100100111011001</data_item>
      <data_item mem_id="1540" data_id="4959">0100100101011001</data_item>
      <data_item mem_id="1550" data_id="d959">1101100101011001</data_item>
      <data_item mem_id="1560" data_id="dddc">1101110111011100</data_item>
      <data_item mem_id="1570" data_id="dcdc">1101110011011100</data_item>
      <data_item mem_id="1580" data_id="9495">1001010010010101</data_item>
      <data_item mem_id="1590" data_id="9595">1001010110010101</data_item>
      <data_item mem_id="15a0" data_id="9d9d">1001110110011101</data_item>
      <data_item mem_id="15b0" data_id="9ddd">1001110111011101</data_item>
      <data_item mem_id="15c0" data_id="cdc9">1100110111001001</data_item>
      <data_item mem_id="15d0" data_id="c94d">1100100101001101</data_item>
      <data_item mem_id="15e0" data_id="4d59">0100110101011001</data_item>
      <data_item mem_id="15f0" data_id="59d9">0101100111011001</data_item>
      <data_item mem_id="1600" data_id="d9cd">1101100111001101</data_item>
      <data_item mem_id="1610" data_id="9cdc">1001110011011100</data_item>
      <data_item mem_id="1620" data_id="9c95">1001110010010101</data_item>
      <data_item mem_id="1630" data_id="d5dd">1101010111011101</data_item>
      <data_item mem_id="1640" data_id="8d98">1000110110011000</data_item>
      <data_item mem_id="1650" data_id="cddc">1100110111011100</data_item>
      <data_item mem_id="1660" data_id="d9d9">1101100111011001</data_item>
      <data_item mem_id="1670" data_id="c959">1100100101011001</data_item>
      <data_item mem_id="1680" data_id="d959">1101100101011001</data_item>
      <data_item mem_id="1690" data_id="dcdd">1101110011011101</data_item>
      <data_item mem_id="16a0" data_id="dcdc">1101110011011100</data_item>
      <data_item mem_id="16b0" data_id="9495">1001010010010101</data_item>
      <data_item mem_id="16c0" data_id="9595">1001010110010101</data_item>
      <data_item mem_id="16d0" data_id="8d9d">1000110110011101</data_item>
      <data_item mem_id="16e0" data_id="9ddd">1001110111011101</data_item>
      <data_item mem_id="16f0" data_id="cdcd">1100110111001101</data_item>
      <data_item mem_id="1700" data_id="cd49">1100110101001001</data_item>
      <data_item mem_id="1710" data_id="5959">0101100101011001</data_item>
      <data_item mem_id="1720" data_id="59d9">0101100111011001</data_item>
      <data_item mem_id="1730" data_id="d9dd">1101100111011101</data_item>
      <data_item mem_id="1740" data_id="dcdc">1101110011011100</data_item>
      <data_item mem_id="1750" data_id="9c94">1001110010010100</data_item>
      <data_item mem_id="1760" data_id="94d5">1001010011010101</data_item>
      <data_item mem_id="1770" data_id="959d">1001010110011101</data_item>
      <data_item mem_id="1780" data_id="9c9d">1001110010011101</data_item>
      <data_item mem_id="1790" data_id="d9c9">1101100111001001</data_item>
      <data_item mem_id="17a0" data_id="c9d8">1100100111011000</data_item>
      <data_item mem_id="17b0" data_id="5d5c">0101110101011100</data_item>
      <data_item mem_id="17c0" data_id="d9d9">1101100111011001</data_item>
      <data_item mem_id="17d0" data_id="dddd">1101110111011101</data_item>
      <data_item mem_id="17e0" data_id="9d9c">1001110110011100</data_item>
      <data_item mem_id="17f0" data_id="9c95">1001110010010101</data_item>
      <data_item mem_id="1800" data_id="dd90">1101110110010000</data_item>
      <data_item mem_id="1810" data_id="5ddd">0101110111011101</data_item>
      <data_item mem_id="1820" data_id="8dcd">1000110111001101</data_item>
      <data_item mem_id="1830" data_id="c949">1100100101001001</data_item>
      <data_item mem_id="1840" data_id="d959">1101100101011001</data_item>
      <data_item mem_id="1850" data_id="59c9">0101100111001001</data_item>
      <data_item mem_id="1860" data_id="d9d9">1101100111011001</data_item>
      <data_item mem_id="1870" data_id="cccc">1100110011001100</data_item>
      <data_item mem_id="1880" data_id="ccd4">1100110011010100</data_item>
      <data_item mem_id="1890" data_id="d595">1101010110010101</data_item>
      <data_item mem_id="18a0" data_id="958d">1001010110001101</data_item>
      <data_item mem_id="18b0" data_id="9d9d">1001110110011101</data_item>
      <data_item mem_id="18c0" data_id="ddc9">1101110111001001</data_item>
      <data_item mem_id="18d0" data_id="8dc9">1000110111001001</data_item>
      <data_item mem_id="18e0" data_id="4d59">0100110101011001</data_item>
      <data_item mem_id="18f0" data_id="5919">0101100100011001</data_item>
      <data_item mem_id="1900" data_id="d9dd">1101100111011101</data_item>
      <data_item mem_id="1910" data_id="dd9d">1101110110011101</data_item>
      <data_item mem_id="1920" data_id="9c99">1001110010011001</data_item>
      <data_item mem_id="1930" data_id="d5d5">1101010111010101</data_item>
      <data_item mem_id="1940" data_id="9ddd">1001110111011101</data_item>
      <data_item mem_id="1950" data_id="9d9d">1001110110011101</data_item>
      <data_item mem_id="1960" data_id="ddcd">1101110111001101</data_item>
      <data_item mem_id="1970" data_id="d94d">1101100101001101</data_item>
      <data_item mem_id="1980" data_id="5dd9">0101110111011001</data_item>
      <data_item mem_id="1990" data_id="d9dd">1101100111011101</data_item>
      <data_item mem_id="19a0" data_id="d8d4">1101100011010100</data_item>
      <data_item mem_id="19b0" data_id="dc94">1101110010010100</data_item>
      <data_item mem_id="19c0" data_id="9595">1001010110010101</data_item>
      <data_item mem_id="19d0" data_id="958d">1001010110001101</data_item>
      <data_item mem_id="19e0" data_id="9c9d">1001110010011101</data_item>
      <data_item mem_id="19f0" data_id="ddc9">1101110111001001</data_item>
      <data_item mem_id="1a00" data_id="cdcd">1100110111001101</data_item>
      <data_item mem_id="1a10" data_id="4d59">0100110101011001</data_item>
      <data_item mem_id="1a20" data_id="1959">0001100101011001</data_item>
      <data_item mem_id="1a30" data_id="d9d9">1101100111011001</data_item>
      <data_item mem_id="1a40" data_id="d9dc">1101100111011100</data_item>
      <data_item mem_id="1a50" data_id="9cdc">1001110011011100</data_item>
      <data_item mem_id="1a60" data_id="d4d5">1101010011010101</data_item>
      <data_item mem_id="1a70" data_id="9595">1001010110010101</data_item>
      <data_item mem_id="1a80" data_id="9d9d">1001110110011101</data_item>
      <data_item mem_id="1a90" data_id="d9d9">1101100111011001</data_item>
      <data_item mem_id="1aa0" data_id="cddd">1100110111011101</data_item>
      <data_item mem_id="1ab0" data_id="d94d">1101100101001101</data_item>
      <data_item mem_id="1ac0" data_id="59d9">0101100111011001</data_item>
      <data_item mem_id="1ad0" data_id="dddd">1101110111011101</data_item>
      <data_item mem_id="1ae0" data_id="dc9c">1101110010011100</data_item>
      <data_item mem_id="1af0" data_id="9594">1001010110010100</data_item>
      <data_item mem_id="1b00" data_id="959d">1001010110011101</data_item>
      <data_item mem_id="1b10" data_id="919d">1001000110011101</data_item>
      <data_item mem_id="1b20" data_id="dd89">1101110110001001</data_item>
      <data_item mem_id="1b30" data_id="cdc9">1100110111001001</data_item>
      <data_item mem_id="1b40" data_id="4959">0100100101011001</data_item>
      <data_item mem_id="1b50" data_id="1959">0001100101011001</data_item>
      <data_item mem_id="1b60" data_id="d9d9">1101100111011001</data_item>
      <data_item mem_id="1b70" data_id="dddc">1101110111011100</data_item>
      <data_item mem_id="1b80" data_id="dcdc">1101110011011100</data_item>
      <data_item mem_id="1b90" data_id="d495">1101010010010101</data_item>
      <data_item mem_id="1ba0" data_id="9595">1001010110010101</data_item>
      <data_item mem_id="1bb0" data_id="9d9d">1001110110011101</data_item>
      <data_item mem_id="1bc0" data_id="9dd9">1001110111011001</data_item>
      <data_item mem_id="1bd0" data_id="c9c9">1100100111001001</data_item>
      <data_item mem_id="1be0" data_id="c90d">1100100100001101</data_item>
      <data_item mem_id="1bf0" data_id="5959">0101100101011001</data_item>
      <data_item mem_id="1c00" data_id="d9dd">1101100111011101</data_item>
      <data_item mem_id="1c10" data_id="dd99">1101110110011001</data_item>
      <data_item mem_id="1c20" data_id="989c">1001100010011100</data_item>
      <data_item mem_id="1c30" data_id="9d9d">1001110110011101</data_item>
      <data_item mem_id="1c40" data_id="d5dd">1101010111011101</data_item>
      <data_item mem_id="1c50" data_id="dddd">1101110111011101</data_item>
      <data_item mem_id="1c60" data_id="ddc9">1101110111001001</data_item>
      <data_item mem_id="1c70" data_id="c9d9">1100100111011001</data_item>
      <data_item mem_id="1c80" data_id="4959">0100100101011001</data_item>
      <data_item mem_id="1c90" data_id="d959">1101100101011001</data_item>
      <data_item mem_id="1ca0" data_id="dddc">1101110111011100</data_item>
      <data_item mem_id="1cb0" data_id="dcdc">1101110011011100</data_item>
      <data_item mem_id="1cc0" data_id="9495">1001010010010101</data_item>
      <data_item mem_id="1cd0" data_id="9595">1001010110010101</data_item>
      <data_item mem_id="1ce0" data_id="9d9d">1001110110011101</data_item>
      <data_item mem_id="1cf0" data_id="9ddd">1001110111011101</data_item>
      <data_item mem_id="1d00" data_id="cdc9">1100110111001001</data_item>
      <data_item mem_id="1d10" data_id="cd4d">1100110101001101</data_item>
      <data_item mem_id="1d20" data_id="5959">0101100101011001</data_item>
      <data_item mem_id="1d30" data_id="59d9">0101100111011001</data_item>
      <data_item mem_id="1d40" data_id="d99d">1101100110011101</data_item>
      <data_item mem_id="1d50" data_id="dc9c">1101110010011100</data_item>
      <data_item mem_id="1d60" data_id="9c94">1001110010010100</data_item>
      <data_item mem_id="1d70" data_id="d5d5">1101010111010101</data_item>
      <data_item mem_id="1d80" data_id="9d9d">1001110110011101</data_item>
      <data_item mem_id="1d90" data_id="ddd9">1101110111011001</data_item>
      <data_item mem_id="1da0" data_id="d9d9">1101100111011001</data_item>
      <data_item mem_id="1db0" data_id="c9d9">1100100111011001</data_item>
      <data_item mem_id="1dc0" data_id="dddd">1101110111011101</data_item>
      <data_item mem_id="1dd0" data_id="9ddd">1001110111011101</data_item>
      <data_item mem_id="1de0" data_id="dcdc">1101110011011100</data_item>
      <data_item mem_id="1df0" data_id="dc95">1101110010010101</data_item>
      <data_item mem_id="1e00" data_id="9595">1001010110010101</data_item>
      <data_item mem_id="1e10" data_id="9d9d">1001110110011101</data_item>
      <data_item mem_id="1e20" data_id="9ddd">1001110111011101</data_item>
      <data_item mem_id="1e30" data_id="cdcd">1100110111001101</data_item>
      <data_item mem_id="1e40" data_id="cc4d">1100110001001101</data_item>
      <data_item mem_id="1e50" data_id="dd59">1101110101011001</data_item>
      <data_item mem_id="1e60" data_id="5dd9">0101110111011001</data_item>
      <data_item mem_id="1e70" data_id="d9dd">1101100111011101</data_item>
      <data_item mem_id="1e80" data_id="dcd8">1101110011011000</data_item>
      <data_item mem_id="1e90" data_id="dcd4">1101110011010100</data_item>
      <data_item mem_id="1ea0" data_id="ddd5">1101110111010101</data_item>
      <data_item mem_id="1eb0" data_id="959d">1001010110011101</data_item>
      <data_item mem_id="1ec0" data_id="8999">1000100110011001</data_item>
      <data_item mem_id="1ed0" data_id="c9c9">1100100111001001</data_item>
      <data_item mem_id="1ee0" data_id="4dcd">0100110111001101</data_item>
      <data_item mem_id="1ef0" data_id="5d5d">0101110101011101</data_item>
      <data_item mem_id="1f00" data_id="59d9">0101100111011001</data_item>
      <data_item mem_id="1f10" data_id="d9dd">1101100111011101</data_item>
      <data_item mem_id="1f20" data_id="cddd">1100110111011101</data_item>
      <data_item mem_id="1f30" data_id="1d95">0001110110010101</data_item>
      <data_item mem_id="1f40" data_id="9d95">1001110110010101</data_item>
      <data_item mem_id="1f50" data_id="9ddd">1001110111011101</data_item>
      <data_item mem_id="1f60" data_id="9dcd">1001110111001101</data_item>
      <data_item mem_id="1f70" data_id="c949">1100100101001001</data_item>
      <data_item mem_id="1f80" data_id="c959">1100100101011001</data_item>
      <data_item mem_id="1f90" data_id="59d9">0101100111011001</data_item>
      <data_item mem_id="1fa0" data_id="d9dd">1101100111011101</data_item>
      <data_item mem_id="1fb0" data_id="dcdc">1101110011011100</data_item>
      <data_item mem_id="1fc0" data_id="dcd4">1101110011010100</data_item>
      <data_item mem_id="1fd0" data_id="9595">1001010110010101</data_item>
      <data_item mem_id="1fe0" data_id="958d">1001010110001101</data_item>
      <data_item mem_id="1ff0" data_id="9d9d">1001110110011101</data_item>
      <data_item mem_id="2000" data_id="ddcd">1101110111001101</data_item>
      <data_item mem_id="2010" data_id="cdcd">1100110111001101</data_item>
      <data_item mem_id="2020" data_id="4c5d">0100110001011101</data_item>
      <data_item mem_id="2030" data_id="5959">0101100101011001</data_item>
      <data_item mem_id="2040" data_id="d8d9">1101100011011001</data_item>
      <data_item mem_id="2050" data_id="dddc">1101110111011100</data_item>
      <data_item mem_id="2060" data_id="dcdd">1101110011011101</data_item>
      <data_item mem_id="2070" data_id="d5d5">1101010111010101</data_item>
      <data_item mem_id="2080" data_id="dddd">1101110111011101</data_item>
      <data_item mem_id="2090" data_id="9ddd">1001110111011101</data_item>
      <data_item mem_id="20a0" data_id="d9c9">1101100111001001</data_item>
      <data_item mem_id="20b0" data_id="ddcd">1101110111001101</data_item>
      <data_item mem_id="20c0" data_id="5dd8">0101110111011000</data_item>
      <data_item mem_id="20d0" data_id="c9dd">1100100111011101</data_item>
      <data_item mem_id="20e0" data_id="dcdc">1101110011011100</data_item>
      <data_item mem_id="20f0" data_id="ccd4">1100110011010100</data_item>
      <data_item mem_id="2100" data_id="ddd5">1101110111010101</data_item>
      <data_item mem_id="2110" data_id="95dc">1001010111011100</data_item>
      <data_item mem_id="2120" data_id="9d9d">1001110110011101</data_item>
      <data_item mem_id="2130" data_id="ddcd">1101110111001101</data_item>
      <data_item mem_id="2140" data_id="cdcd">1100110111001101</data_item>
      <data_item mem_id="2150" data_id="4dcd">0100110111001101</data_item>
      <data_item mem_id="2160" data_id="4949">0100100101001001</data_item>
      <data_item mem_id="2170" data_id="d9d9">1101100111011001</data_item>
      <data_item mem_id="2180" data_id="dddc">1101110111011100</data_item>
      <data_item mem_id="2190" data_id="dcdc">1101110011011100</data_item>
      <data_item mem_id="21a0" data_id="94d5">1001010011010101</data_item>
      <data_item mem_id="21b0" data_id="d595">1101010110010101</data_item>
      <data_item mem_id="21c0" data_id="9d9d">1001110110011101</data_item>
      <data_item mem_id="21d0" data_id="ddd9">1101110111011001</data_item>
      <data_item mem_id="21e0" data_id="c9c9">1100100111001001</data_item>
      <data_item mem_id="21f0" data_id="d959">1101100101011001</data_item>
      <data_item mem_id="2200" data_id="d9dd">1101100111011101</data_item>
      <data_item mem_id="2210" data_id="c9dd">1100100111011101</data_item>
      <data_item mem_id="2220" data_id="cddc">1100110111011100</data_item>
      <data_item mem_id="2230" data_id="9d94">1001110110010100</data_item>
      <data_item mem_id="2240" data_id="959c">1001010110011100</data_item>
      <data_item mem_id="2250" data_id="9599">1001010110011001</data_item>
      <data_item mem_id="2260" data_id="ddcd">1101110111001101</data_item>
      <data_item mem_id="2270" data_id="cdcd">1100110111001101</data_item>
      <data_item mem_id="2280" data_id="491d">0100100100011101</data_item>
      <data_item mem_id="2290" data_id="5949">0101100101001001</data_item>
      <data_item mem_id="22a0" data_id="d9d8">1101100111011000</data_item>
      <data_item mem_id="22b0" data_id="dddc">1101110111011100</data_item>
      <data_item mem_id="22c0" data_id="dcdc">1101110011011100</data_item>
      <data_item mem_id="22d0" data_id="d4d5">1101010011010101</data_item>
      <data_item mem_id="22e0" data_id="d595">1101010110010101</data_item>
      <data_item mem_id="22f0" data_id="9d9d">1001110110011101</data_item>
      <data_item mem_id="2300" data_id="9ddd">1001110111011101</data_item>
      <data_item mem_id="2310" data_id="cdcd">1100110111001101</data_item>
      <data_item mem_id="2320" data_id="c94d">1100100101001101</data_item>
      <data_item mem_id="2330" data_id="5d49">0101110101001001</data_item>
      <data_item mem_id="2340" data_id="d9c9">1101100111001001</data_item>
      <data_item mem_id="2350" data_id="dddd">1101110111011101</data_item>
      <data_item mem_id="2360" data_id="9c98">1001110010011000</data_item>
      <data_item mem_id="2370" data_id="9d8d">1001110110001101</data_item>
      <data_item mem_id="2380" data_id="d5dd">1101010111011101</data_item>
      <data_item mem_id="2390" data_id="dd9d">1101110110011101</data_item>
      <data_item mem_id="23a0" data_id="ddcc">1101110111001100</data_item>
      <data_item mem_id="23b0" data_id="c9d9">1100100111011001</data_item>
      <data_item mem_id="23c0" data_id="4949">0100100101001001</data_item>
      <data_item mem_id="23d0" data_id="c959">1100100101011001</data_item>
      <data_item mem_id="23e0" data_id="ddd8">1101110111011000</data_item>
      <data_item mem_id="23f0" data_id="dcdc">1101110011011100</data_item>
      <data_item mem_id="2400" data_id="c495">1100010010010101</data_item>
      <data_item mem_id="2410" data_id="9595">1001010110010101</data_item>
      <data_item mem_id="2420" data_id="989d">1001100010011101</data_item>
      <data_item mem_id="2430" data_id="dddd">1101110111011101</data_item>
      <data_item mem_id="2440" data_id="ccc9">1100110011001001</data_item>
      <data_item mem_id="2450" data_id="cd4c">1100110101001100</data_item>
      <data_item mem_id="2460" data_id="5d49">0101110101001001</data_item>
      <data_item mem_id="2470" data_id="59d9">0101100111011001</data_item>
      <data_item mem_id="2480" data_id="d98d">1101100110001101</data_item>
      <data_item mem_id="2490" data_id="dc9c">1101110010011100</data_item>
      <data_item mem_id="24a0" data_id="9c94">1001110010010100</data_item>
      <data_item mem_id="24b0" data_id="d5d5">1101010111010101</data_item>
      <data_item mem_id="24c0" data_id="9d9d">1001110110011101</data_item>
      <data_item mem_id="24d0" data_id="9cdc">1001110011011100</data_item>
      <data_item mem_id="24e0" data_id="d9d9">1101100111011001</data_item>
      <data_item mem_id="24f0" data_id="c9c8">1100100111001000</data_item>
      <data_item mem_id="2500" data_id="dd59">1101110101011001</data_item>
      <data_item mem_id="2510" data_id="ddd9">1101110111011001</data_item>
      <data_item mem_id="2520" data_id="dcdc">1101110011011100</data_item>
      <data_item mem_id="2530" data_id="dc95">1101110010010101</data_item>
      <data_item mem_id="2540" data_id="9495">1001010010010101</data_item>
      <data_item mem_id="2550" data_id="8d95">1000110110010101</data_item>
      <data_item mem_id="2560" data_id="9ddd">1001110111011101</data_item>
      <data_item mem_id="2570" data_id="cdcd">1100110111001101</data_item>
      <data_item mem_id="2580" data_id="cd49">1100110101001001</data_item>
      <data_item mem_id="2590" data_id="5958">0101100101011000</data_item>
      <data_item mem_id="25a0" data_id="59d9">0101100111011001</data_item>
      <data_item mem_id="25b0" data_id="d9dc">1101100111011100</data_item>
      <data_item mem_id="25c0" data_id="dcdc">1101110011011100</data_item>
      <data_item mem_id="25d0" data_id="dcc4">1101110011000100</data_item>
      <data_item mem_id="25e0" data_id="d5d5">1101010111010101</data_item>
      <data_item mem_id="25f0" data_id="959d">1001010110011101</data_item>
      <data_item mem_id="2600" data_id="9d9d">1001110110011101</data_item>
      <data_item mem_id="2610" data_id="dcc9">1101110011001001</data_item>
      <data_item mem_id="2620" data_id="c9c8">1100100111001000</data_item>
      <data_item mem_id="2630" data_id="5d5d">0101110101011101</data_item>
      <data_item mem_id="2640" data_id="c9d9">1100100111011001</data_item>
      <data_item mem_id="2650" data_id="dcdd">1101110011011101</data_item>
      <data_item mem_id="2660" data_id="cc9d">1100110010011101</data_item>
      <data_item mem_id="2670" data_id="8c9d">1000110010011101</data_item>
      <data_item mem_id="2680" data_id="9cd5">1001110011010101</data_item>
      <data_item mem_id="2690" data_id="9ddd">1001110111011101</data_item>
      <data_item mem_id="26a0" data_id="8ddd">1000110111011101</data_item>
      <data_item mem_id="26b0" data_id="cd48">1100110101001000</data_item>
      <data_item mem_id="26c0" data_id="d959">1101100101011001</data_item>
      <data_item mem_id="26d0" data_id="59d9">0101100111011001</data_item>
      <data_item mem_id="26e0" data_id="d9dc">1101100111011100</data_item>
      <data_item mem_id="26f0" data_id="dcdc">1101110011011100</data_item>
      <data_item mem_id="2700" data_id="dcd4">1101110011010100</data_item>
      <data_item mem_id="2710" data_id="8595">1000010110010101</data_item>
      <data_item mem_id="2720" data_id="959d">1001010110011101</data_item>
      <data_item mem_id="2730" data_id="9d9c">1001110110011100</data_item>
      <data_item mem_id="2740" data_id="ddcd">1101110111001101</data_item>
      <data_item mem_id="2750" data_id="cdcd">1100110111001101</data_item>
      <data_item mem_id="2760" data_id="4d5d">0100110101011101</data_item>
      <data_item mem_id="2770" data_id="5859">0101100001011001</data_item>
      <data_item mem_id="2780" data_id="d9d9">1101100111011001</data_item>
      <data_item mem_id="2790" data_id="dd8c">1101110110001100</data_item>
      <data_item mem_id="27a0" data_id="9c8c">1001110010001100</data_item>
      <data_item mem_id="27b0" data_id="d515">1101010100010101</data_item>
      <data_item mem_id="27c0" data_id="dd9d">1101110110011101</data_item>
      <data_item mem_id="27d0" data_id="9ddd">1001110111011101</data_item>
      <data_item mem_id="27e0" data_id="dddd">1101110111011101</data_item>
      <data_item mem_id="27f0" data_id="ddc9">1101110111001001</data_item>
   </data>
 </resultfile>
