<?xml version="1.0" encoding="ISO-8859-1"?>
 <resultfile>
   <header>
      <link id="46-28">
        <source_moteid>46</source_moteid>
        <dest_moteid>28</dest_moteid>
      </link>
      <filedate>Thu Jul 21 17:33:12 2011</filedate>
      <channels>
        <num_channels>8</num_channels>
        <channel_ids>11.12.13.14.15.16.17.18</channel_ids>
      </channels>
   </header>
   <data>
      <data_item mem_id="0000" data_id="ffdd">1111111111011101</data_item>
      <data_item mem_id="0010" data_id="9dbd">1001110110111101</data_item>
      <data_item mem_id="0020" data_id="bd9d">1011110110011101</data_item>
      <data_item mem_id="0030" data_id="dd9f">1101110110011111</data_item>
      <data_item mem_id="0040" data_id="dd9d">1101110110011101</data_item>
      <data_item mem_id="0050" data_id="fdff">1111110111111111</data_item>
      <data_item mem_id="0060" data_id="ef7f">1110111101111111</data_item>
      <data_item mem_id="0070" data_id="af1f">1010111100011111</data_item>
      <data_item mem_id="0080" data_id="8f1f">1000111100011111</data_item>
      <data_item mem_id="0090" data_id="dfed">1101111111101101</data_item>
      <data_item mem_id="00a0" data_id="dfdf">1101111111011111</data_item>
      <data_item mem_id="00b0" data_id="cddd">1100110111011101</data_item>
      <data_item mem_id="00c0" data_id="ffff">1111111111111111</data_item>
      <data_item mem_id="00d0" data_id="bfdf">1011111111011111</data_item>
      <data_item mem_id="00e0" data_id="9ddd">1001110111011101</data_item>
      <data_item mem_id="00f0" data_id="fdef">1111110111101111</data_item>
      <data_item mem_id="0100" data_id="7fde">0111111111011110</data_item>
      <data_item mem_id="0110" data_id="5fde">0101111111011110</data_item>
      <data_item mem_id="0120" data_id="7ecf">0111111011001111</data_item>
      <data_item mem_id="0130" data_id="ffdd">1111111111011101</data_item>
      <data_item mem_id="0140" data_id="bf9d">1011111110011101</data_item>
      <data_item mem_id="0150" data_id="bdbd">1011110110111101</data_item>
      <data_item mem_id="0160" data_id="dd9f">1101110110011111</data_item>
      <data_item mem_id="0170" data_id="dd9d">1101110110011101</data_item>
      <data_item mem_id="0180" data_id="9dff">1001110111111111</data_item>
      <data_item mem_id="0190" data_id="ffff">1111111111111111</data_item>
      <data_item mem_id="01a0" data_id="af1f">1010111100011111</data_item>
      <data_item mem_id="01b0" data_id="9e1e">1001111000011110</data_item>
      <data_item mem_id="01c0" data_id="dfff">1101111111111111</data_item>
      <data_item mem_id="01d0" data_id="dfdf">1101111111011111</data_item>
      <data_item mem_id="01e0" data_id="df9f">1101111110011111</data_item>
      <data_item mem_id="01f0" data_id="bfbf">1011111110111111</data_item>
      <data_item mem_id="0200" data_id="bddf">1011110111011111</data_item>
      <data_item mem_id="0210" data_id="9ddd">1001110111011101</data_item>
      <data_item mem_id="0220" data_id="dffd">1101111111111101</data_item>
      <data_item mem_id="0230" data_id="ffff">1111111111111111</data_item>
      <data_item mem_id="0240" data_id="7e9f">0111111010011111</data_item>
      <data_item mem_id="0250" data_id="3fbf">0011111110111111</data_item>
      <data_item mem_id="0260" data_id="fddf">1111110111011111</data_item>
      <data_item mem_id="0270" data_id="fd9d">1111110110011101</data_item>
      <data_item mem_id="0280" data_id="9d9d">1001110110011101</data_item>
      <data_item mem_id="0290" data_id="fdbf">1111110110111111</data_item>
      <data_item mem_id="02a0" data_id="ff9f">1111111110011111</data_item>
      <data_item mem_id="02b0" data_id="ff3f">1111111100111111</data_item>
      <data_item mem_id="02c0" data_id="ebff">1110101111111111</data_item>
      <data_item mem_id="02d0" data_id="af1f">1010111100011111</data_item>
      <data_item mem_id="02e0" data_id="9e1e">1001111000011110</data_item>
      <data_item mem_id="02f0" data_id="defe">1101111011111110</data_item>
      <data_item mem_id="0300" data_id="dfdd">1101111111011101</data_item>
      <data_item mem_id="0310" data_id="dd9f">1101110110011111</data_item>
      <data_item mem_id="0320" data_id="bdbd">1011110110111101</data_item>
      <data_item mem_id="0330" data_id="bddf">1011110111011111</data_item>
      <data_item mem_id="0340" data_id="9d9f">1001110110011111</data_item>
      <data_item mem_id="0350" data_id="9dfd">1001110111111101</data_item>
      <data_item mem_id="0360" data_id="ffff">1111111111111111</data_item>
      <data_item mem_id="0370" data_id="7fbf">0111111110111111</data_item>
      <data_item mem_id="0380" data_id="1f9f">0001111110011111</data_item>
      <data_item mem_id="0390" data_id="bfdf">1011111111011111</data_item>
      <data_item mem_id="03a0" data_id="7fdd">0111111111011101</data_item>
      <data_item mem_id="03b0" data_id="dd9d">1101110110011101</data_item>
      <data_item mem_id="03c0" data_id="ddff">1101110111111111</data_item>
      <data_item mem_id="03d0" data_id="dfbf">1101111110111111</data_item>
      <data_item mem_id="03e0" data_id="df8d">1101111110001101</data_item>
      <data_item mem_id="03f0" data_id="ffff">1111111111111111</data_item>
      <data_item mem_id="0400" data_id="ff5f">1111111101011111</data_item>
      <data_item mem_id="0410" data_id="de1e">1101111000011110</data_item>
      <data_item mem_id="0420" data_id="de7e">1101111001111110</data_item>
      <data_item mem_id="0430" data_id="dfff">1101111111111111</data_item>
      <data_item mem_id="0440" data_id="ddfd">1101110111111101</data_item>
      <data_item mem_id="0450" data_id="ddfd">1101110111111101</data_item>
      <data_item mem_id="0460" data_id="fddd">1111110111011101</data_item>
      <data_item mem_id="0470" data_id="9ddc">1001110111011100</data_item>
      <data_item mem_id="0480" data_id="9dff">1001110111111111</data_item>
      <data_item mem_id="0490" data_id="efdf">1110111111011111</data_item>
      <data_item mem_id="04a0" data_id="7fbf">0111111110111111</data_item>
      <data_item mem_id="04b0" data_id="1f9e">0001111110011110</data_item>
      <data_item mem_id="04c0" data_id="1fdf">0001111111011111</data_item>
      <data_item mem_id="04d0" data_id="fddf">1111110111011111</data_item>
      <data_item mem_id="04e0" data_id="dfdf">1101111111011111</data_item>
      <data_item mem_id="04f0" data_id="dfff">1101111111111111</data_item>
      <data_item mem_id="0500" data_id="ffbf">1111111110111111</data_item>
      <data_item mem_id="0510" data_id="df9d">1101111110011101</data_item>
      <data_item mem_id="0520" data_id="dddd">1101110111011101</data_item>
      <data_item mem_id="0530" data_id="fdff">1111110111111111</data_item>
      <data_item mem_id="0540" data_id="fe5e">1111111001011110</data_item>
      <data_item mem_id="0550" data_id="9e3e">1001111000111110</data_item>
      <data_item mem_id="0560" data_id="dfff">1101111111111111</data_item>
      <data_item mem_id="0570" data_id="dfff">1101111111111111</data_item>
      <data_item mem_id="0580" data_id="dddd">1101110111011101</data_item>
      <data_item mem_id="0590" data_id="fdfd">1111110111111101</data_item>
      <data_item mem_id="05a0" data_id="bfdc">1011111111011100</data_item>
      <data_item mem_id="05b0" data_id="9ffd">1001111111111101</data_item>
      <data_item mem_id="05c0" data_id="fdef">1111110111101111</data_item>
      <data_item mem_id="05d0" data_id="fdad">1111110110101101</data_item>
      <data_item mem_id="05e0" data_id="1d9c">0001110110011100</data_item>
      <data_item mem_id="05f0" data_id="1edf">0001111011011111</data_item>
      <data_item mem_id="0600" data_id="0fd6">0000111111010110</data_item>
      <data_item mem_id="0610" data_id="5a93">0101101010010011</data_item>
      <data_item mem_id="0620" data_id="97bd">1001011110111101</data_item>
      <data_item mem_id="0630" data_id="b4b4">1011010010110100</data_item>
      <data_item mem_id="0640" data_id="db17">1101101100010111</data_item>
      <data_item mem_id="0650" data_id="9d94">1001110110010100</data_item>
      <data_item mem_id="0660" data_id="b4db">1011010011011011</data_item>
      <data_item mem_id="0670" data_id="9335">1001001100110101</data_item>
      <data_item mem_id="0680" data_id="bc36">1011110000110110</data_item>
      <data_item mem_id="0690" data_id="9a93">1001101010010011</data_item>
      <data_item mem_id="06a0" data_id="97fd">1001011111111101</data_item>
      <data_item mem_id="06b0" data_id="d494">1101010010010100</data_item>
      <data_item mem_id="06c0" data_id="9995">1001100110010101</data_item>
      <data_item mem_id="06d0" data_id="bdd4">1011110111010100</data_item>
      <data_item mem_id="06e0" data_id="96db">1001011011011011</data_item>
      <data_item mem_id="06f0" data_id="93b7">1001001110110111</data_item>
      <data_item mem_id="0700" data_id="fdb6">1111110110110110</data_item>
      <data_item mem_id="0710" data_id="1e9e">0001111010011110</data_item>
      <data_item mem_id="0720" data_id="1ecc">0001111011001100</data_item>
      <data_item mem_id="0730" data_id="6c5e">0110110001011110</data_item>
      <data_item mem_id="0740" data_id="dd9d">1101110110011101</data_item>
      <data_item mem_id="0750" data_id="8dac">1000110110101100</data_item>
      <data_item mem_id="0760" data_id="3c9d">0011110010011101</data_item>
      <data_item mem_id="0770" data_id="df8f">1101111110001111</data_item>
      <data_item mem_id="0780" data_id="cd1e">1100110100011110</data_item>
      <data_item mem_id="0790" data_id="5edf">0101111011011111</data_item>
      <data_item mem_id="07a0" data_id="ef6d">1110111101101101</data_item>
      <data_item mem_id="07b0" data_id="0416">0000010000010110</data_item>
      <data_item mem_id="07c0" data_id="9f1f">1001111100011111</data_item>
      <data_item mem_id="07d0" data_id="cde4">1100110111100100</data_item>
      <data_item mem_id="07e0" data_id="56df">0101011011011111</data_item>
      <data_item mem_id="07f0" data_id="ddcd">1101110111001101</data_item>
      <data_item mem_id="0800" data_id="ed7e">1110110101111110</data_item>
      <data_item mem_id="0810" data_id="1f93">0001111110010011</data_item>
      <data_item mem_id="0820" data_id="97dd">1001011111011101</data_item>
      <data_item mem_id="0830" data_id="3d6f">0011110101101111</data_item>
      <data_item mem_id="0840" data_id="5b96">0101101110010110</data_item>
      <data_item mem_id="0850" data_id="1cdc">0001110011011100</data_item>
      <data_item mem_id="0860" data_id="7edb">0111111011011011</data_item>
      <data_item mem_id="0870" data_id="9197">1001000110010111</data_item>
      <data_item mem_id="0880" data_id="8d1d">1000110100011101</data_item>
      <data_item mem_id="0890" data_id="0991">0000100110010001</data_item>
      <data_item mem_id="08a0" data_id="959d">1001010110011101</data_item>
      <data_item mem_id="08b0" data_id="5d1d">0101110100011101</data_item>
      <data_item mem_id="08c0" data_id="d9b7">1101100110110111</data_item>
      <data_item mem_id="08d0" data_id="bdfd">1011110111111101</data_item>
      <data_item mem_id="08e0" data_id="2f1b">0010111100011011</data_item>
      <data_item mem_id="08f0" data_id="9317">1001001100010111</data_item>
      <data_item mem_id="0900" data_id="dd7f">1101110101111111</data_item>
      <data_item mem_id="0910" data_id="5b93">0101101110010011</data_item>
      <data_item mem_id="0920" data_id="df0d">1101111100001101</data_item>
      <data_item mem_id="0930" data_id="a436">1010010000110110</data_item>
      <data_item mem_id="0940" data_id="9fdf">1001111111011111</data_item>
      <data_item mem_id="0950" data_id="8dc4">1000110111000100</data_item>
      <data_item mem_id="0960" data_id="dedd">1101111011011101</data_item>
      <data_item mem_id="0970" data_id="dfcf">1101111111001111</data_item>
      <data_item mem_id="0980" data_id="6d9e">0110110110011110</data_item>
      <data_item mem_id="0990" data_id="1e9f">0001111010011111</data_item>
      <data_item mem_id="09a0" data_id="ff5d">1111111101011101</data_item>
      <data_item mem_id="09b0" data_id="fc94">1111110010010100</data_item>
      <data_item mem_id="09c0" data_id="9d9d">1001110110011101</data_item>
      <data_item mem_id="09d0" data_id="fd94">1111110110010100</data_item>
      <data_item mem_id="09e0" data_id="de9f">1101111010011111</data_item>
      <data_item mem_id="09f0" data_id="dfff">1101111111111111</data_item>
      <data_item mem_id="0a00" data_id="fdf6">1111110111110110</data_item>
      <data_item mem_id="0a10" data_id="8e1f">1000111000011111</data_item>
      <data_item mem_id="0a20" data_id="9e1e">1001111000011110</data_item>
      <data_item mem_id="0a30" data_id="deff">1101111011111111</data_item>
      <data_item mem_id="0a40" data_id="dfcf">1101111111001111</data_item>
      <data_item mem_id="0a50" data_id="dfff">1101111111111111</data_item>
      <data_item mem_id="0a60" data_id="fdfd">1111110111111101</data_item>
      <data_item mem_id="0a70" data_id="bfdf">1011111111011111</data_item>
      <data_item mem_id="0a80" data_id="9ddd">1001110111011101</data_item>
      <data_item mem_id="0a90" data_id="9ddd">1001110111011101</data_item>
      <data_item mem_id="0aa0" data_id="ffef">1111111111101111</data_item>
      <data_item mem_id="0ab0" data_id="7faf">0111111110101111</data_item>
      <data_item mem_id="0ac0" data_id="1e9f">0001111010011111</data_item>
      <data_item mem_id="0ad0" data_id="bfdd">1011111111011101</data_item>
      <data_item mem_id="0ae0" data_id="ffdd">1111111111011101</data_item>
      <data_item mem_id="0af0" data_id="dd9d">1101110110011101</data_item>
      <data_item mem_id="0b00" data_id="ddfd">1101110111111101</data_item>
      <data_item mem_id="0b10" data_id="ffbf">1111111110111111</data_item>
      <data_item mem_id="0b20" data_id="df9f">1101111110011111</data_item>
      <data_item mem_id="0b30" data_id="efff">1110111111111111</data_item>
      <data_item mem_id="0b40" data_id="ff1f">1111111100011111</data_item>
      <data_item mem_id="0b50" data_id="9e1e">1001111000011110</data_item>
      <data_item mem_id="0b60" data_id="9efe">1001111011111110</data_item>
      <data_item mem_id="0b70" data_id="dffd">1101111111111101</data_item>
      <data_item mem_id="0b80" data_id="ddfd">1101110111111101</data_item>
      <data_item mem_id="0b90" data_id="fdbd">1111110110111101</data_item>
      <data_item mem_id="0ba0" data_id="dddd">1101110111011101</data_item>
      <data_item mem_id="0bb0" data_id="9fdf">1001111111011111</data_item>
      <data_item mem_id="0bc0" data_id="9fff">1001111111111111</data_item>
      <data_item mem_id="0bd0" data_id="ffef">1111111111101111</data_item>
      <data_item mem_id="0be0" data_id="7faf">0111111110101111</data_item>
      <data_item mem_id="0bf0" data_id="1f9e">0001111110011110</data_item>
      <data_item mem_id="0c00" data_id="1fdf">0001111111011111</data_item>
      <data_item mem_id="0c10" data_id="ffdf">1111111111011111</data_item>
      <data_item mem_id="0c20" data_id="dfff">1101111111111111</data_item>
      <data_item mem_id="0c30" data_id="9dbf">1001110110111111</data_item>
      <data_item mem_id="0c40" data_id="ffbf">1111111110111111</data_item>
      <data_item mem_id="0c50" data_id="df9f">1101111110011111</data_item>
      <data_item mem_id="0c60" data_id="dfdd">1101111111011101</data_item>
      <data_item mem_id="0c70" data_id="ffff">1111111111111111</data_item>
      <data_item mem_id="0c80" data_id="ff5f">1111111101011111</data_item>
      <data_item mem_id="0c90" data_id="9f3f">1001111100111111</data_item>
      <data_item mem_id="0ca0" data_id="dffd">1101111111111101</data_item>
      <data_item mem_id="0cb0" data_id="ddff">1101110111111111</data_item>
      <data_item mem_id="0cc0" data_id="dd9d">1101110110011101</data_item>
      <data_item mem_id="0cd0" data_id="7dfd">0111110111111101</data_item>
      <data_item mem_id="0ce0" data_id="bfdf">1011111111011111</data_item>
      <data_item mem_id="0cf0" data_id="9fff">1001111111111111</data_item>
      <data_item mem_id="0d00" data_id="ffff">1111111111111111</data_item>
      <data_item mem_id="0d10" data_id="ffbf">1111111110111111</data_item>
      <data_item mem_id="0d20" data_id="1f9f">0001111110011111</data_item>
      <data_item mem_id="0d30" data_id="1fdf">0001111111011111</data_item>
      <data_item mem_id="0d40" data_id="ffdf">1111111111011111</data_item>
      <data_item mem_id="0d50" data_id="ffdf">1111111111011111</data_item>
      <data_item mem_id="0d60" data_id="dffd">1101111111111101</data_item>
      <data_item mem_id="0d70" data_id="ffbf">1111111110111111</data_item>
      <data_item mem_id="0d80" data_id="df9f">1101111110011111</data_item>
      <data_item mem_id="0d90" data_id="dfdf">1101111111011111</data_item>
      <data_item mem_id="0da0" data_id="ffff">1111111111111111</data_item>
      <data_item mem_id="0db0" data_id="ef7f">1110111101111111</data_item>
      <data_item mem_id="0dc0" data_id="bf3f">1011111100111111</data_item>
      <data_item mem_id="0dd0" data_id="bfbf">1011111110111111</data_item>
      <data_item mem_id="0de0" data_id="dfff">1101111111111111</data_item>
      <data_item mem_id="0df0" data_id="dfdd">1101111111011101</data_item>
      <data_item mem_id="0e00" data_id="dddd">1101110111011101</data_item>
      <data_item mem_id="0e10" data_id="bffc">1011111111111100</data_item>
      <data_item mem_id="0e20" data_id="bfdf">1011111111011111</data_item>
      <data_item mem_id="0e30" data_id="9fff">1001111111111111</data_item>
      <data_item mem_id="0e40" data_id="fdfd">1111110111111101</data_item>
      <data_item mem_id="0e50" data_id="5f9f">0101111110011111</data_item>
      <data_item mem_id="0e60" data_id="1fdf">0001111111011111</data_item>
      <data_item mem_id="0e70" data_id="ffdf">1111111111011111</data_item>
      <data_item mem_id="0e80" data_id="fddd">1111110111011101</data_item>
      <data_item mem_id="0e90" data_id="dfdd">1101111111011101</data_item>
      <data_item mem_id="0ea0" data_id="ddfd">1101110111111101</data_item>
      <data_item mem_id="0eb0" data_id="dd9f">1101110110011111</data_item>
      <data_item mem_id="0ec0" data_id="df9f">1101111110011111</data_item>
      <data_item mem_id="0ed0" data_id="efff">1110111111111111</data_item>
      <data_item mem_id="0ee0" data_id="ef7f">1110111101111111</data_item>
      <data_item mem_id="0ef0" data_id="bd1f">1011110100011111</data_item>
      <data_item mem_id="0f00" data_id="9f9d">1001111110011101</data_item>
      <data_item mem_id="0f10" data_id="dffd">1101111111111101</data_item>
      <data_item mem_id="0f20" data_id="dfdf">1101111111011111</data_item>
      <data_item mem_id="0f30" data_id="dddd">1101110111011101</data_item>
      <data_item mem_id="0f40" data_id="ffff">1111111111111111</data_item>
      <data_item mem_id="0f50" data_id="bfdf">1011111111011111</data_item>
      <data_item mem_id="0f60" data_id="9fdf">1001111111011111</data_item>
      <data_item mem_id="0f70" data_id="bffd">1011111111111101</data_item>
      <data_item mem_id="0f80" data_id="5fcd">0101111111001101</data_item>
      <data_item mem_id="0f90" data_id="5f9f">0101111110011111</data_item>
      <data_item mem_id="0fa0" data_id="7fdf">0111111111011111</data_item>
      <data_item mem_id="0fb0" data_id="ffdf">1111111111011111</data_item>
      <data_item mem_id="0fc0" data_id="ff1d">1111111100011101</data_item>
      <data_item mem_id="0fd0" data_id="bfbd">1011111110111101</data_item>
      <data_item mem_id="0fe0" data_id="fd9f">1111110110011111</data_item>
      <data_item mem_id="0ff0" data_id="df9d">1101111110011101</data_item>
      <data_item mem_id="1000" data_id="fdff">1111110111111111</data_item>
      <data_item mem_id="1010" data_id="ffff">1111111111111111</data_item>
      <data_item mem_id="1020" data_id="bf1f">1011111100011111</data_item>
      <data_item mem_id="1030" data_id="9e1e">1001111000011110</data_item>
      <data_item mem_id="1040" data_id="cffc">1100111111111100</data_item>
      <data_item mem_id="1050" data_id="dfdf">1101111111011111</data_item>
      <data_item mem_id="1060" data_id="df9f">1101111110011111</data_item>
      <data_item mem_id="1070" data_id="bdbf">1011110110111111</data_item>
      <data_item mem_id="1080" data_id="bfdf">1011111111011111</data_item>
      <data_item mem_id="1090" data_id="9d9d">1001110110011101</data_item>
      <data_item mem_id="10a0" data_id="dfed">1101111111101101</data_item>
      <data_item mem_id="10b0" data_id="ffaf">1111111110101111</data_item>
      <data_item mem_id="10c0" data_id="7e9d">0111111010011101</data_item>
      <data_item mem_id="10d0" data_id="3ebf">0011111010111111</data_item>
      <data_item mem_id="10e0" data_id="dfdd">1101111111011101</data_item>
      <data_item mem_id="10f0" data_id="fddc">1111110111011100</data_item>
      <data_item mem_id="1100" data_id="dddd">1101110111011101</data_item>
      <data_item mem_id="1110" data_id="fdbf">1111110110111111</data_item>
      <data_item mem_id="1120" data_id="ffbf">1111111110111111</data_item>
      <data_item mem_id="1130" data_id="ffff">1111111111111111</data_item>
      <data_item mem_id="1140" data_id="effd">1110111111111101</data_item>
      <data_item mem_id="1150" data_id="ff1d">1111111100011101</data_item>
      <data_item mem_id="1160" data_id="971f">1001011100011111</data_item>
      <data_item mem_id="1170" data_id="cf7f">1100111101111111</data_item>
      <data_item mem_id="1180" data_id="dfdf">1101111111011111</data_item>
      <data_item mem_id="1190" data_id="dddf">1101110111011111</data_item>
      <data_item mem_id="11a0" data_id="bd7d">1011110101111101</data_item>
      <data_item mem_id="11b0" data_id="bfdf">1011111111011111</data_item>
      <data_item mem_id="11c0" data_id="9f9d">1001111110011101</data_item>
      <data_item mem_id="11d0" data_id="9fef">1001111111101111</data_item>
      <data_item mem_id="11e0" data_id="ffef">1111111111101111</data_item>
      <data_item mem_id="11f0" data_id="7faf">0111111110101111</data_item>
      <data_item mem_id="1200" data_id="0e3f">0000111000111111</data_item>
      <data_item mem_id="1210" data_id="bddd">1011110111011101</data_item>
      <data_item mem_id="1220" data_id="fddd">1111110111011101</data_item>
      <data_item mem_id="1230" data_id="dd9d">1101110110011101</data_item>
      <data_item mem_id="1240" data_id="ddff">1101110111111111</data_item>
      <data_item mem_id="1250" data_id="d79f">1101011110011111</data_item>
      <data_item mem_id="1260" data_id="df9f">1101111110011111</data_item>
      <data_item mem_id="1270" data_id="ffde">1111111111011110</data_item>
      <data_item mem_id="1280" data_id="ef5f">1110111101011111</data_item>
      <data_item mem_id="1290" data_id="de5e">1101111001011110</data_item>
      <data_item mem_id="12a0" data_id="de3f">1101111000111111</data_item>
      <data_item mem_id="12b0" data_id="9fff">1001111111111111</data_item>
      <data_item mem_id="12c0" data_id="5fbd">0101111110111101</data_item>
      <data_item mem_id="12d0" data_id="bdbd">1011110110111101</data_item>
      <data_item mem_id="12e0" data_id="9ddd">1001110111011101</data_item>
      <data_item mem_id="12f0" data_id="9fdf">1001111111011111</data_item>
      <data_item mem_id="1300" data_id="9fff">1001111111111111</data_item>
      <data_item mem_id="1310" data_id="fffd">1111111111111101</data_item>
      <data_item mem_id="1320" data_id="6faf">0110111110101111</data_item>
      <data_item mem_id="1330" data_id="1f9f">0001111110011111</data_item>
      <data_item mem_id="1340" data_id="1ddf">0001110111011111</data_item>
      <data_item mem_id="1350" data_id="ffdd">1111111111011101</data_item>
      <data_item mem_id="1360" data_id="dfdf">1101111111011111</data_item>
      <data_item mem_id="1370" data_id="ddff">1101110111111111</data_item>
      <data_item mem_id="1380" data_id="ffbf">1111111110111111</data_item>
      <data_item mem_id="1390" data_id="df9d">1101111110011101</data_item>
      <data_item mem_id="13a0" data_id="dddf">1101110111011111</data_item>
      <data_item mem_id="13b0" data_id="edff">1110110111111111</data_item>
      <data_item mem_id="13c0" data_id="ff5f">1111111101011111</data_item>
      <data_item mem_id="13d0" data_id="9f3f">1001111100111111</data_item>
      <data_item mem_id="13e0" data_id="dfef">1101111111101111</data_item>
      <data_item mem_id="13f0" data_id="1fff">0001111111111111</data_item>
      <data_item mem_id="1400" data_id="dddd">1101110111011101</data_item>
      <data_item mem_id="1410" data_id="dddd">1101110111011101</data_item>
      <data_item mem_id="1420" data_id="9fdf">1001111111011111</data_item>
      <data_item mem_id="1430" data_id="9fff">1001111111111111</data_item>
      <data_item mem_id="1440" data_id="7fff">0111111111111111</data_item>
      <data_item mem_id="1450" data_id="ffbf">1111111110111111</data_item>
      <data_item mem_id="1460" data_id="1f9f">0001111110011111</data_item>
      <data_item mem_id="1470" data_id="1fde">0001111111011110</data_item>
      <data_item mem_id="1480" data_id="fedf">1111111011011111</data_item>
      <data_item mem_id="1490" data_id="dddd">1101110111011101</data_item>
      <data_item mem_id="14a0" data_id="ddfd">1101110111111101</data_item>
      <data_item mem_id="14b0" data_id="ffbf">1111111110111111</data_item>
      <data_item mem_id="14c0" data_id="cf9f">1100111110011111</data_item>
      <data_item mem_id="14d0" data_id="dfdf">1101111111011111</data_item>
      <data_item mem_id="14e0" data_id="efff">1110111111111111</data_item>
      <data_item mem_id="14f0" data_id="ef7f">1110111101111111</data_item>
      <data_item mem_id="1500" data_id="1e3e">0001111000111110</data_item>
      <data_item mem_id="1510" data_id="bf3d">1011111100111101</data_item>
      <data_item mem_id="1520" data_id="ddfd">1101110111111101</data_item>
      <data_item mem_id="1530" data_id="dd9d">1101110110011101</data_item>
      <data_item mem_id="1540" data_id="9cdd">1001110011011101</data_item>
      <data_item mem_id="1550" data_id="bfd4">1011111111010100</data_item>
      <data_item mem_id="1560" data_id="b6db">1011011011011011</data_item>
      <data_item mem_id="1570" data_id="93b7">1001001110110111</data_item>
      <data_item mem_id="1580" data_id="fdc6">1111110111000110</data_item>
      <data_item mem_id="1590" data_id="1893">0001100010010011</data_item>
      <data_item mem_id="15a0" data_id="16dc">0001011011011100</data_item>
      <data_item mem_id="15b0" data_id="d4dc">1101010011011100</data_item>
      <data_item mem_id="15c0" data_id="d997">1101100110010111</data_item>
      <data_item mem_id="15d0" data_id="9d94">1001110110010100</data_item>
      <data_item mem_id="15e0" data_id="1499">0001010010011001</data_item>
      <data_item mem_id="15f0" data_id="9195">1001000110010101</data_item>
      <data_item mem_id="1600" data_id="dd96">1101110110010110</data_item>
      <data_item mem_id="1610" data_id="5813">0101100000010011</data_item>
      <data_item mem_id="1620" data_id="a75d">1010011101011101</data_item>
      <data_item mem_id="1630" data_id="0406">0000010000000110</data_item>
      <data_item mem_id="1640" data_id="9b15">1001101100010101</data_item>
      <data_item mem_id="1650" data_id="9ddd">1001110111011101</data_item>
      <data_item mem_id="1660" data_id="5fdf">0101111111011111</data_item>
      <data_item mem_id="1670" data_id="ddcd">1101110111001101</data_item>
      <data_item mem_id="1680" data_id="ed7f">1110110101111111</data_item>
      <data_item mem_id="1690" data_id="1fdf">0001111111011111</data_item>
      <data_item mem_id="16a0" data_id="9f8d">1001111110001101</data_item>
      <data_item mem_id="16b0" data_id="4d4f">0100110101001111</data_item>
      <data_item mem_id="16c0" data_id="5fde">0101111111011110</data_item>
      <data_item mem_id="16d0" data_id="4c8c">0100110010001100</data_item>
      <data_item mem_id="16e0" data_id="7edf">0111111011011111</data_item>
      <data_item mem_id="16f0" data_id="9fcd">1001111111001101</data_item>
      <data_item mem_id="1700" data_id="ad1d">1010110100011101</data_item>
      <data_item mem_id="1710" data_id="1d9d">0001110110011101</data_item>
      <data_item mem_id="1720" data_id="fc8d">1111110010001101</data_item>
      <data_item mem_id="1730" data_id="4c1d">0100110000011101</data_item>
      <data_item mem_id="1740" data_id="ddff">1101110111111111</data_item>
      <data_item mem_id="1750" data_id="eded">1110110111101101</data_item>
      <data_item mem_id="1760" data_id="2e1b">0010111000011011</data_item>
      <data_item mem_id="1770" data_id="9214">1001001000010100</data_item>
      <data_item mem_id="1780" data_id="ddf7">1101110111110111</data_item>
      <data_item mem_id="1790" data_id="dd93">1101110110010011</data_item>
      <data_item mem_id="17a0" data_id="959d">1001010110011101</data_item>
      <data_item mem_id="17b0" data_id="b597">1011010110010111</data_item>
      <data_item mem_id="17c0" data_id="9b97">1001101110010111</data_item>
      <data_item mem_id="17d0" data_id="9dd5">1001110111010101</data_item>
      <data_item mem_id="17e0" data_id="dd99">1101110110011001</data_item>
      <data_item mem_id="17f0" data_id="93b4">1001001110110100</data_item>
      <data_item mem_id="1800" data_id="7c9f">0111110010011111</data_item>
      <data_item mem_id="1810" data_id="1a93">0001101010010011</data_item>
      <data_item mem_id="1820" data_id="b5dd">1011010111011101</data_item>
      <data_item mem_id="1830" data_id="fddd">1111110111011101</data_item>
      <data_item mem_id="1840" data_id="d995">1101100110010101</data_item>
      <data_item mem_id="1850" data_id="bdbd">1011110110111101</data_item>
      <data_item mem_id="1860" data_id="ff9d">1111111110011101</data_item>
      <data_item mem_id="1870" data_id="dfad">1101111110101101</data_item>
      <data_item mem_id="1880" data_id="ecf6">1110110011110110</data_item>
      <data_item mem_id="1890" data_id="cc5d">1100110001011101</data_item>
      <data_item mem_id="18a0" data_id="9e0c">1001111000001100</data_item>
      <data_item mem_id="18b0" data_id="8cde">1000110011011110</data_item>
      <data_item mem_id="18c0" data_id="dfdf">1101111111011111</data_item>
      <data_item mem_id="18d0" data_id="cd8c">1100110110001100</data_item>
      <data_item mem_id="18e0" data_id="b49d">1011010010011101</data_item>
      <data_item mem_id="18f0" data_id="9fcd">1001111111001101</data_item>
      <data_item mem_id="1900" data_id="8cdc">1000110011011100</data_item>
      <data_item mem_id="1910" data_id="9ccd">1001110011001101</data_item>
      <data_item mem_id="1920" data_id="ffed">1111111111101101</data_item>
      <data_item mem_id="1930" data_id="6496">0110010010010110</data_item>
      <data_item mem_id="1940" data_id="1fbf">0001111110111111</data_item>
      <data_item mem_id="1950" data_id="adc4">1010110111000100</data_item>
      <data_item mem_id="1960" data_id="f4dd">1111010011011101</data_item>
      <data_item mem_id="1970" data_id="dd9d">1101110110011101</data_item>
      <data_item mem_id="1980" data_id="8d9f">1000110110011111</data_item>
      <data_item mem_id="1990" data_id="ffbf">1111111110111111</data_item>
      <data_item mem_id="19a0" data_id="df9f">1101111110011111</data_item>
      <data_item mem_id="19b0" data_id="fdfd">1111110111111101</data_item>
      <data_item mem_id="19c0" data_id="fd5f">1111110101011111</data_item>
      <data_item mem_id="19d0" data_id="dd5e">1101110101011110</data_item>
      <data_item mem_id="19e0" data_id="dffe">1101111111111110</data_item>
      <data_item mem_id="19f0" data_id="dffd">1101111111111101</data_item>
      <data_item mem_id="1a00" data_id="ddbd">1101110110111101</data_item>
      <data_item mem_id="1a10" data_id="9d9d">1001110110011101</data_item>
      <data_item mem_id="1a20" data_id="9ddd">1001110111011101</data_item>
      <data_item mem_id="1a30" data_id="9ddd">1001110111011101</data_item>
      <data_item mem_id="1a40" data_id="9d7f">1001110101111111</data_item>
      <data_item mem_id="1a50" data_id="ffef">1111111111101111</data_item>
      <data_item mem_id="1a60" data_id="7dad">0111110110101101</data_item>
      <data_item mem_id="1a70" data_id="1d9c">0001110110011100</data_item>
      <data_item mem_id="1a80" data_id="1fdd">0001111111011101</data_item>
      <data_item mem_id="1a90" data_id="dd9d">1101110110011101</data_item>
      <data_item mem_id="1aa0" data_id="dfdf">1101111111011111</data_item>
      <data_item mem_id="1ab0" data_id="9ddf">1001110111011111</data_item>
      <data_item mem_id="1ac0" data_id="ffbf">1111111110111111</data_item>
      <data_item mem_id="1ad0" data_id="df9f">1101111110011111</data_item>
      <data_item mem_id="1ae0" data_id="dfdf">1101111111011111</data_item>
      <data_item mem_id="1af0" data_id="effd">1110111111111101</data_item>
      <data_item mem_id="1b00" data_id="fc5e">1111110001011110</data_item>
      <data_item mem_id="1b10" data_id="9e3e">1001111000111110</data_item>
      <data_item mem_id="1b20" data_id="9ffd">1001111111111101</data_item>
      <data_item mem_id="1b30" data_id="ddbd">1101110110111101</data_item>
      <data_item mem_id="1b40" data_id="9d9c">1001110110011100</data_item>
      <data_item mem_id="1b50" data_id="bdfd">1011110111111101</data_item>
      <data_item mem_id="1b60" data_id="bfff">1011111111111111</data_item>
      <data_item mem_id="1b70" data_id="9fff">1001111111111111</data_item>
      <data_item mem_id="1b80" data_id="ffef">1111111111101111</data_item>
      <data_item mem_id="1b90" data_id="ffaf">1111111110101111</data_item>
      <data_item mem_id="1ba0" data_id="0f9c">0000111110011100</data_item>
      <data_item mem_id="1bb0" data_id="1ede">0001111011011110</data_item>
      <data_item mem_id="1bc0" data_id="ffdf">1111111111011111</data_item>
      <data_item mem_id="1bd0" data_id="dfdc">1101111111011100</data_item>
      <data_item mem_id="1be0" data_id="9fbd">1001111110111101</data_item>
      <data_item mem_id="1bf0" data_id="bfbf">1011111110111111</data_item>
      <data_item mem_id="1c00" data_id="df9d">1101111110011101</data_item>
      <data_item mem_id="1c10" data_id="dddd">1101110111011101</data_item>
      <data_item mem_id="1c20" data_id="edff">1110110111111111</data_item>
      <data_item mem_id="1c30" data_id="ff7f">1111111101111111</data_item>
      <data_item mem_id="1c40" data_id="9e3e">1001111000111110</data_item>
      <data_item mem_id="1c50" data_id="bfbf">1011111110111111</data_item>
      <data_item mem_id="1c60" data_id="ddfd">1101110111111101</data_item>
      <data_item mem_id="1c70" data_id="dddd">1101110111011101</data_item>
      <data_item mem_id="1c80" data_id="9ddd">1001110111011101</data_item>
      <data_item mem_id="1c90" data_id="bfff">1011111111111111</data_item>
      <data_item mem_id="1ca0" data_id="bfdf">1011111111011111</data_item>
      <data_item mem_id="1cb0" data_id="bdef">1011110111101111</data_item>
      <data_item mem_id="1cc0" data_id="3ded">0011110111101101</data_item>
      <data_item mem_id="1cd0" data_id="5ddc">0101110111011100</data_item>
      <data_item mem_id="1ce0" data_id="5ede">0101111011011110</data_item>
      <data_item mem_id="1cf0" data_id="ffdf">1111111111011111</data_item>
      <data_item mem_id="1d00" data_id="fddf">1111110111011111</data_item>
      <data_item mem_id="1d10" data_id="9dbd">1001110110111101</data_item>
      <data_item mem_id="1d20" data_id="bdbd">1011110110111101</data_item>
      <data_item mem_id="1d30" data_id="dd9f">1101110110011111</data_item>
      <data_item mem_id="1d40" data_id="df9f">1101111110011111</data_item>
      <data_item mem_id="1d50" data_id="efff">1110111111111111</data_item>
      <data_item mem_id="1d60" data_id="cf7d">1100111101111101</data_item>
      <data_item mem_id="1d70" data_id="bf1d">1011111100011101</data_item>
      <data_item mem_id="1d80" data_id="9f9d">1001111110011101</data_item>
      <data_item mem_id="1d90" data_id="ddff">1101110111111111</data_item>
      <data_item mem_id="1da0" data_id="dddd">1101110111011101</data_item>
      <data_item mem_id="1db0" data_id="dfdd">1101111111011101</data_item>
      <data_item mem_id="1dc0" data_id="ffff">1111111111111111</data_item>
      <data_item mem_id="1dd0" data_id="bfdf">1011111111011111</data_item>
      <data_item mem_id="1de0" data_id="9fcf">1001111111001111</data_item>
      <data_item mem_id="1df0" data_id="dded">1101110111101101</data_item>
      <data_item mem_id="1e00" data_id="1dce">0001110111001110</data_item>
      <data_item mem_id="1e10" data_id="5e9e">0101111010011110</data_item>
      <data_item mem_id="1e20" data_id="3e9f">0011111010011111</data_item>
      <data_item mem_id="1e30" data_id="ffde">1111111111011110</data_item>
      <data_item mem_id="1e40" data_id="fd1d">1111110100011101</data_item>
      <data_item mem_id="1e50" data_id="fdfd">1111110111111101</data_item>
      <data_item mem_id="1e60" data_id="dd9f">1101110110011111</data_item>
      <data_item mem_id="1e70" data_id="df9f">1101111110011111</data_item>
      <data_item mem_id="1e80" data_id="ffff">1111111111111111</data_item>
      <data_item mem_id="1e90" data_id="ef7d">1110111101111101</data_item>
      <data_item mem_id="1ea0" data_id="8d5d">1000110101011101</data_item>
      <data_item mem_id="1eb0" data_id="9c1e">1001110000011110</data_item>
      <data_item mem_id="1ec0" data_id="dfff">1101111111111111</data_item>
      <data_item mem_id="1ed0" data_id="dddf">1101110111011111</data_item>
      <data_item mem_id="1ee0" data_id="dfdf">1101111111011111</data_item>
      <data_item mem_id="1ef0" data_id="afff">1010111111111111</data_item>
      <data_item mem_id="1f00" data_id="bfdf">1011111111011111</data_item>
      <data_item mem_id="1f10" data_id="9fdf">1001111111011111</data_item>
      <data_item mem_id="1f20" data_id="dfed">1101111111101101</data_item>
      <data_item mem_id="1f30" data_id="fffe">1111111111111110</data_item>
      <data_item mem_id="1f40" data_id="5e9e">0101111010011110</data_item>
      <data_item mem_id="1f50" data_id="3e9f">0011111010011111</data_item>
      <data_item mem_id="1f60" data_id="bddf">1011110111011111</data_item>
      <data_item mem_id="1f70" data_id="fd9d">1111110110011101</data_item>
      <data_item mem_id="1f80" data_id="dddd">1101110111011101</data_item>
      <data_item mem_id="1f90" data_id="fdbf">1111110110111111</data_item>
      <data_item mem_id="1fa0" data_id="ffff">1111111111111111</data_item>
      <data_item mem_id="1fb0" data_id="dfff">1101111111111111</data_item>
      <data_item mem_id="1fc0" data_id="edfd">1110110111111101</data_item>
      <data_item mem_id="1fd0" data_id="ed5d">1110110101011101</data_item>
      <data_item mem_id="1fe0" data_id="9c1f">1001110000011111</data_item>
      <data_item mem_id="1ff0" data_id="defe">1101111011111110</data_item>
      <data_item mem_id="2000" data_id="dfdf">1101111111011111</data_item>
      <data_item mem_id="2010" data_id="dfdf">1101111111011111</data_item>
      <data_item mem_id="2020" data_id="fdfd">1111110111111101</data_item>
      <data_item mem_id="2030" data_id="bfdf">1011111111011111</data_item>
      <data_item mem_id="2040" data_id="9ddd">1001110111011101</data_item>
      <data_item mem_id="2050" data_id="9dfd">1001110111111101</data_item>
      <data_item mem_id="2060" data_id="ffff">1111111111111111</data_item>
      <data_item mem_id="2070" data_id="7d9d">0111110110011101</data_item>
      <data_item mem_id="2080" data_id="0fbd">0000111110111101</data_item>
      <data_item mem_id="2090" data_id="bddd">1011110111011101</data_item>
      <data_item mem_id="20a0" data_id="fd5f">1111110101011111</data_item>
      <data_item mem_id="20b0" data_id="dddd">1101110111011101</data_item>
      <data_item mem_id="20c0" data_id="dfbf">1101111110111111</data_item>
      <data_item mem_id="20d0" data_id="ffbf">1111111110111111</data_item>
      <data_item mem_id="20e0" data_id="df9d">1101111110011101</data_item>
      <data_item mem_id="20f0" data_id="dddd">1101110111011101</data_item>
      <data_item mem_id="2100" data_id="fd5f">1111110101011111</data_item>
      <data_item mem_id="2110" data_id="dd5f">1101110101011111</data_item>
      <data_item mem_id="2120" data_id="dfff">1101111111111111</data_item>
      <data_item mem_id="2130" data_id="dfff">1101111111111111</data_item>
      <data_item mem_id="2140" data_id="ddff">1101110111111111</data_item>
      <data_item mem_id="2150" data_id="bdfd">1011110111111101</data_item>
      <data_item mem_id="2160" data_id="fdfd">1111110111111101</data_item>
      <data_item mem_id="2170" data_id="9fdd">1001111111011101</data_item>
      <data_item mem_id="2180" data_id="9dfd">1001110111111101</data_item>
      <data_item mem_id="2190" data_id="ffef">1111111111101111</data_item>
      <data_item mem_id="21a0" data_id="7fbf">0111111110111111</data_item>
      <data_item mem_id="21b0" data_id="1f9f">0001111110011111</data_item>
      <data_item mem_id="21c0" data_id="1fdd">0001111111011101</data_item>
      <data_item mem_id="21d0" data_id="ffdd">1111111111011101</data_item>
      <data_item mem_id="21e0" data_id="dfdf">1101111111011111</data_item>
      <data_item mem_id="21f0" data_id="dfff">1101111111111111</data_item>
      <data_item mem_id="2200" data_id="ffbf">1111111110111111</data_item>
      <data_item mem_id="2210" data_id="df9d">1101111110011101</data_item>
      <data_item mem_id="2220" data_id="dddf">1101110111011111</data_item>
      <data_item mem_id="2230" data_id="9d7f">1001110101111111</data_item>
      <data_item mem_id="2240" data_id="ff1f">1111111100011111</data_item>
      <data_item mem_id="2250" data_id="9f3f">1001111100111111</data_item>
      <data_item mem_id="2260" data_id="9fff">1001111111111111</data_item>
      <data_item mem_id="2270" data_id="ddfd">1101110111111101</data_item>
      <data_item mem_id="2280" data_id="dd9d">1101110110011101</data_item>
      <data_item mem_id="2290" data_id="fddd">1111110111011101</data_item>
      <data_item mem_id="22a0" data_id="9fdf">1001111111011111</data_item>
      <data_item mem_id="22b0" data_id="bfff">1011111111111111</data_item>
      <data_item mem_id="22c0" data_id="ffef">1111111111101111</data_item>
      <data_item mem_id="22d0" data_id="ffbf">1111111110111111</data_item>
      <data_item mem_id="22e0" data_id="1e9e">0001111010011110</data_item>
      <data_item mem_id="22f0" data_id="1ede">0001111011011110</data_item>
      <data_item mem_id="2300" data_id="ffdf">1111111111011111</data_item>
      <data_item mem_id="2310" data_id="df5f">1101111101011111</data_item>
      <data_item mem_id="2320" data_id="9fbd">1001111110111101</data_item>
      <data_item mem_id="2330" data_id="bfbf">1011111110111111</data_item>
      <data_item mem_id="2340" data_id="df9d">1101111110011101</data_item>
      <data_item mem_id="2350" data_id="9fdd">1001111111011101</data_item>
      <data_item mem_id="2360" data_id="8dff">1000110111111111</data_item>
      <data_item mem_id="2370" data_id="ff7f">1111111101111111</data_item>
      <data_item mem_id="2380" data_id="8e1e">1000111000011110</data_item>
      <data_item mem_id="2390" data_id="bfbf">1011111110111111</data_item>
      <data_item mem_id="23a0" data_id="ddff">1101110111111111</data_item>
      <data_item mem_id="23b0" data_id="dc9d">1101110010011101</data_item>
      <data_item mem_id="23c0" data_id="9ddd">1001110111011101</data_item>
      <data_item mem_id="23d0" data_id="bdff">1011110111111111</data_item>
      <data_item mem_id="23e0" data_id="bfdf">1011111111011111</data_item>
      <data_item mem_id="23f0" data_id="dfbf">1101111110111111</data_item>
      <data_item mem_id="2400" data_id="ffff">1111111111111111</data_item>
      <data_item mem_id="2410" data_id="5fdf">0101111111011111</data_item>
      <data_item mem_id="2420" data_id="5ede">0101111011011110</data_item>
      <data_item mem_id="2430" data_id="fedf">1111111011011111</data_item>
      <data_item mem_id="2440" data_id="df5f">1101111101011111</data_item>
      <data_item mem_id="2450" data_id="defd">1101111011111101</data_item>
      <data_item mem_id="2460" data_id="dcbd">1101110010111101</data_item>
      <data_item mem_id="2470" data_id="df0d">1101111100001101</data_item>
      <data_item mem_id="2480" data_id="9d8f">1001110110001111</data_item>
      <data_item mem_id="2490" data_id="afff">1010111111111111</data_item>
      <data_item mem_id="24a0" data_id="ff7f">1111111101111111</data_item>
      <data_item mem_id="24b0" data_id="bf1f">1011111100011111</data_item>
      <data_item mem_id="24c0" data_id="9fbd">1001111110111101</data_item>
      <data_item mem_id="24d0" data_id="dff4">1101111111110100</data_item>
      <data_item mem_id="24e0" data_id="d6dd">1101011011011101</data_item>
      <data_item mem_id="24f0" data_id="9515">1001010100010101</data_item>
      <data_item mem_id="2500" data_id="fdf2">1111110111110010</data_item>
      <data_item mem_id="2510" data_id="9e97">1001111010010111</data_item>
      <data_item mem_id="2520" data_id="97dd">1001011111011101</data_item>
      <data_item mem_id="2530" data_id="d4c6">1101010011000110</data_item>
      <data_item mem_id="2540" data_id="5f86">0101111110000110</data_item>
      <data_item mem_id="2550" data_id="1c94">0001110010010100</data_item>
      <data_item mem_id="2560" data_id="3edf">0011111011011111</data_item>
      <data_item mem_id="2570" data_id="9595">1001010110010101</data_item>
      <data_item mem_id="2580" data_id="fdd4">1111110111010100</data_item>
      <data_item mem_id="2590" data_id="dc95">1101110010010101</data_item>
      <data_item mem_id="25a0" data_id="b5ad">1011010110101101</data_item>
      <data_item mem_id="25b0" data_id="d496">1101010010010110</data_item>
      <data_item mem_id="25c0" data_id="9fb7">1001111110110111</data_item>
      <data_item mem_id="25d0" data_id="ad74">1010110101110100</data_item>
      <data_item mem_id="25e0" data_id="1f1f">0001111100011111</data_item>
      <data_item mem_id="25f0" data_id="9e0c">1001111000001100</data_item>
      <data_item mem_id="2600" data_id="cd7d">1100110101111101</data_item>
      <data_item mem_id="2610" data_id="5ddd">0101110111011101</data_item>
      <data_item mem_id="2620" data_id="df8d">1101111110001101</data_item>
      <data_item mem_id="2630" data_id="6d5f">0110110101011111</data_item>
      <data_item mem_id="2640" data_id="9fdf">1001111111011111</data_item>
      <data_item mem_id="2650" data_id="8d8d">1000110110001101</data_item>
      <data_item mem_id="2660" data_id="1dcd">0001110111001101</data_item>
      <data_item mem_id="2670" data_id="dfed">1101111111101101</data_item>
      <data_item mem_id="2680" data_id="6d1f">0110110100011111</data_item>
      <data_item mem_id="2690" data_id="1e9f">0001111010011111</data_item>
      <data_item mem_id="26a0" data_id="bdcd">1011110111001101</data_item>
      <data_item mem_id="26b0" data_id="6d5d">0110110101011101</data_item>
      <data_item mem_id="26c0" data_id="dddd">1101110111011101</data_item>
      <data_item mem_id="26d0" data_id="cd2d">1100110100101101</data_item>
      <data_item mem_id="26e0" data_id="7fbf">0111111110111111</data_item>
      <data_item mem_id="26f0" data_id="dfdf">1101111111011111</data_item>
      <data_item mem_id="2700" data_id="efff">1110111111111111</data_item>
      <data_item mem_id="2710" data_id="ff5d">1111111101011101</data_item>
      <data_item mem_id="2720" data_id="de1e">1101111000011110</data_item>
      <data_item mem_id="2730" data_id="dffe">1101111111111110</data_item>
      <data_item mem_id="2740" data_id="ddff">1101110111111111</data_item>
      <data_item mem_id="2750" data_id="df9f">1101111110011111</data_item>
      <data_item mem_id="2760" data_id="bd7d">1011110101111101</data_item>
      <data_item mem_id="2770" data_id="bfdf">1011111111011111</data_item>
      <data_item mem_id="2780" data_id="9f9f">1001111110011111</data_item>
      <data_item mem_id="2790" data_id="dfbf">1101111110111111</data_item>
      <data_item mem_id="27a0" data_id="ffef">1111111111101111</data_item>
      <data_item mem_id="27b0" data_id="7fbf">0111111110111111</data_item>
      <data_item mem_id="27c0" data_id="1fbf">0001111110111111</data_item>
      <data_item mem_id="27d0" data_id="bddd">1011110111011101</data_item>
      <data_item mem_id="27e0" data_id="ffdf">1111111111011111</data_item>
      <data_item mem_id="27f0" data_id="cddd">1100110111011101</data_item>
   </data>
 </resultfile>
