<?xml version="1.0" encoding="ISO-8859-1"?>
 <resultfile>
   <header>
      <link id="23-21">
        <source_moteid>23</source_moteid>
        <dest_moteid>21</dest_moteid>
      </link>
      <filedate>Thu Jul 21 14:48:59 2011</filedate>
      <channels>
        <num_channels>4</num_channels>
        <channel_ids>11.12.13.14</channel_ids>
      </channels>
   </header>
   <data>
      <data_item mem_id="0000" data_id="fdfd">1111110111111101</data_item>
      <data_item mem_id="0010" data_id="bfff">1011111111111111</data_item>
      <data_item mem_id="0020" data_id="fb79">1111101101111001</data_item>
      <data_item mem_id="0030" data_id="dbdb">1101101111011011</data_item>
      <data_item mem_id="0040" data_id="9bda">1001101111011010</data_item>
      <data_item mem_id="0050" data_id="d6d6">1101011011010110</data_item>
      <data_item mem_id="0060" data_id="d6f7">1101011011110111</data_item>
      <data_item mem_id="0070" data_id="b7b7">1011011110110111</data_item>
      <data_item mem_id="0080" data_id="bfbd">1011111110111101</data_item>
      <data_item mem_id="0090" data_id="bd3d">1011110100111101</data_item>
      <data_item mem_id="00a0" data_id="adad">1010110110101101</data_item>
      <data_item mem_id="00b0" data_id="ed6f">1110110101101111</data_item>
      <data_item mem_id="00c0" data_id="7b7b">0111101101111011</data_item>
      <data_item mem_id="00d0" data_id="7b7b">0111101101111011</data_item>
      <data_item mem_id="00e0" data_id="9bd9">1001101111011001</data_item>
      <data_item mem_id="00f0" data_id="dede">1101111011011110</data_item>
      <data_item mem_id="0100" data_id="fef6">1111111011110110</data_item>
      <data_item mem_id="0110" data_id="f7f7">1111011111110111</data_item>
      <data_item mem_id="0120" data_id="b3bf">1011001110111111</data_item>
      <data_item mem_id="0130" data_id="bdf9">1011110111111001</data_item>
      <data_item mem_id="0140" data_id="fdef">1111110111101111</data_item>
      <data_item mem_id="0150" data_id="7dfb">0111110111111011</data_item>
      <data_item mem_id="0160" data_id="ffff">1111111111111111</data_item>
      <data_item mem_id="0170" data_id="fd5f">1111110101011111</data_item>
      <data_item mem_id="0180" data_id="dfb7">1101111110110111</data_item>
      <data_item mem_id="0190" data_id="fef7">1111111011110111</data_item>
      <data_item mem_id="01a0" data_id="b7b7">1011011110110111</data_item>
      <data_item mem_id="01b0" data_id="b7bd">1011011110111101</data_item>
      <data_item mem_id="01c0" data_id="bdfd">1011110111111101</data_item>
      <data_item mem_id="01d0" data_id="e9ed">1110100111101101</data_item>
      <data_item mem_id="01e0" data_id="fd6f">1111110101101111</data_item>
      <data_item mem_id="01f0" data_id="7b7b">0111101101111011</data_item>
      <data_item mem_id="0200" data_id="3b7b">0011101101111011</data_item>
      <data_item mem_id="0210" data_id="dbdb">1101101111011011</data_item>
      <data_item mem_id="0220" data_id="dade">1101101011011110</data_item>
      <data_item mem_id="0230" data_id="fef6">1111111011110110</data_item>
      <data_item mem_id="0240" data_id="73f7">0111001111110111</data_item>
      <data_item mem_id="0250" data_id="b7bb">1011011110111011</data_item>
      <data_item mem_id="0260" data_id="bdbd">1011110110111101</data_item>
      <data_item mem_id="0270" data_id="bded">1011110111101101</data_item>
      <data_item mem_id="0280" data_id="efeb">1110111111101011</data_item>
      <data_item mem_id="0290" data_id="6b7f">0110101101111111</data_item>
      <data_item mem_id="02a0" data_id="7b7b">0111101101111011</data_item>
      <data_item mem_id="02b0" data_id="fbdf">1111101111011111</data_item>
      <data_item mem_id="02c0" data_id="dff3">1101111111110011</data_item>
      <data_item mem_id="02d0" data_id="bf9f">1011111110011111</data_item>
      <data_item mem_id="02e0" data_id="9dff">1001110111111111</data_item>
      <data_item mem_id="02f0" data_id="bdfd">1011110111111101</data_item>
      <data_item mem_id="0300" data_id="bdfd">1011110111111101</data_item>
      <data_item mem_id="0310" data_id="ffef">1111111111101111</data_item>
      <data_item mem_id="0320" data_id="7b7b">0111101101111011</data_item>
      <data_item mem_id="0330" data_id="71db">0111000111011011</data_item>
      <data_item mem_id="0340" data_id="dbd3">1101101111010011</data_item>
      <data_item mem_id="0350" data_id="dade">1101101011011110</data_item>
      <data_item mem_id="0360" data_id="ded6">1101111011010110</data_item>
      <data_item mem_id="0370" data_id="f5b7">1111010110110111</data_item>
      <data_item mem_id="0380" data_id="b7bf">1011011110111111</data_item>
      <data_item mem_id="0390" data_id="bdbd">1011110110111101</data_item>
      <data_item mem_id="03a0" data_id="bdad">1011110110101101</data_item>
      <data_item mem_id="03b0" data_id="eded">1110110111101101</data_item>
      <data_item mem_id="03c0" data_id="6f7b">0110111101111011</data_item>
      <data_item mem_id="03d0" data_id="7b7b">0111101101111011</data_item>
      <data_item mem_id="03e0" data_id="f3db">1111001111011011</data_item>
      <data_item mem_id="03f0" data_id="dfde">1101111111011110</data_item>
      <data_item mem_id="0400" data_id="d6be">1101011010111110</data_item>
      <data_item mem_id="0410" data_id="96b5">1001011010110101</data_item>
      <data_item mem_id="0420" data_id="f7bf">1111011110111111</data_item>
      <data_item mem_id="0430" data_id="bffd">1011111111111101</data_item>
      <data_item mem_id="0440" data_id="ed55">1110110101010101</data_item>
      <data_item mem_id="0450" data_id="fbfb">1111101111111011</data_item>
      <data_item mem_id="0460" data_id="fffb">1111111111111011</data_item>
      <data_item mem_id="0470" data_id="fb7b">1111101101111011</data_item>
      <data_item mem_id="0480" data_id="9bde">1001101111011110</data_item>
      <data_item mem_id="0490" data_id="ded6">1101111011010110</data_item>
      <data_item mem_id="04a0" data_id="f7b7">1111011110110111</data_item>
      <data_item mem_id="04b0" data_id="b7bf">1011011110111111</data_item>
      <data_item mem_id="04c0" data_id="bdbd">1011110110111101</data_item>
      <data_item mem_id="04d0" data_id="bdad">1011110110101101</data_item>
      <data_item mem_id="04e0" data_id="ed6d">1110110101101101</data_item>
      <data_item mem_id="04f0" data_id="6f7f">0110111101111111</data_item>
      <data_item mem_id="0500" data_id="7b7b">0111101101111011</data_item>
      <data_item mem_id="0510" data_id="fbdb">1111101111011011</data_item>
      <data_item mem_id="0520" data_id="dbda">1101101111011010</data_item>
      <data_item mem_id="0530" data_id="dede">1101111011011110</data_item>
      <data_item mem_id="0540" data_id="d6f7">1101011011110111</data_item>
      <data_item mem_id="0550" data_id="b7b7">1011011110110111</data_item>
      <data_item mem_id="0560" data_id="bfbd">1011111110111101</data_item>
      <data_item mem_id="0570" data_id="bdfd">1011110111111101</data_item>
      <data_item mem_id="0580" data_id="edef">1110110111101111</data_item>
      <data_item mem_id="0590" data_id="eb6b">1110101101101011</data_item>
      <data_item mem_id="05a0" data_id="7f7b">0111111101111011</data_item>
      <data_item mem_id="05b0" data_id="fff3">1111111111110011</data_item>
      <data_item mem_id="05c0" data_id="dfdf">1101111111011111</data_item>
      <data_item mem_id="05d0" data_id="ffb3">1111111110110011</data_item>
      <data_item mem_id="05e0" data_id="76bf">0111011010111111</data_item>
      <data_item mem_id="05f0" data_id="b3bd">1011001110111101</data_item>
      <data_item mem_id="0600" data_id="752d">0111010100101101</data_item>
      <data_item mem_id="0610" data_id="eded">1110110111101101</data_item>
      <data_item mem_id="0620" data_id="6f7b">0110111101111011</data_item>
      <data_item mem_id="0630" data_id="7b79">0111101101111001</data_item>
      <data_item mem_id="0640" data_id="fbda">1111101111011010</data_item>
      <data_item mem_id="0650" data_id="dbda">1101101111011010</data_item>
      <data_item mem_id="0660" data_id="dede">1101111011011110</data_item>
      <data_item mem_id="0670" data_id="d6f7">1101011011110111</data_item>
      <data_item mem_id="0680" data_id="b7b7">1011011110110111</data_item>
      <data_item mem_id="0690" data_id="9fb5">1001111110110101</data_item>
      <data_item mem_id="06a0" data_id="bdbd">1011110110111101</data_item>
      <data_item mem_id="06b0" data_id="aded">1010110111101101</data_item>
      <data_item mem_id="06c0" data_id="e96f">1110100101101111</data_item>
      <data_item mem_id="06d0" data_id="7b7b">0111101101111011</data_item>
      <data_item mem_id="06e0" data_id="7bfb">0111101111111011</data_item>
      <data_item mem_id="06f0" data_id="dbdf">1101101111011111</data_item>
      <data_item mem_id="0700" data_id="d85e">1101100001011110</data_item>
      <data_item mem_id="0710" data_id="ded2">1101111011010010</data_item>
      <data_item mem_id="0720" data_id="ffff">1111111111111111</data_item>
      <data_item mem_id="0730" data_id="fdff">1111110111111111</data_item>
      <data_item mem_id="0740" data_id="fdfd">1111110111111101</data_item>
      <data_item mem_id="0750" data_id="ffff">1111111111111111</data_item>
      <data_item mem_id="0760" data_id="bdff">1011110111111111</data_item>
      <data_item mem_id="0770" data_id="dbfb">1101101111111011</data_item>
      <data_item mem_id="0780" data_id="9fde">1001111111011110</data_item>
      <data_item mem_id="0790" data_id="de5e">1101111001011110</data_item>
      <data_item mem_id="07a0" data_id="d6f7">1101011011110111</data_item>
      <data_item mem_id="07b0" data_id="b7b7">1011011110110111</data_item>
      <data_item mem_id="07c0" data_id="b7bd">1011011110111101</data_item>
      <data_item mem_id="07d0" data_id="bdf9">1011110111111001</data_item>
      <data_item mem_id="07e0" data_id="ede5">1110110111100101</data_item>
      <data_item mem_id="07f0" data_id="696f">0110100101101111</data_item>
      <data_item mem_id="0800" data_id="7b3b">0111101100111011</data_item>
      <data_item mem_id="0810" data_id="7b7b">0111101101111011</data_item>
      <data_item mem_id="0820" data_id="dbdf">1101101111011111</data_item>
      <data_item mem_id="0830" data_id="dede">1101111011011110</data_item>
      <data_item mem_id="0840" data_id="d6f6">1101011011110110</data_item>
      <data_item mem_id="0850" data_id="f7f7">1111011111110111</data_item>
      <data_item mem_id="0860" data_id="b7bf">1011011110111111</data_item>
      <data_item mem_id="0870" data_id="bdbd">1011110110111101</data_item>
      <data_item mem_id="0880" data_id="fdef">1111110111101111</data_item>
      <data_item mem_id="0890" data_id="ef7b">1110111101111011</data_item>
      <data_item mem_id="08a0" data_id="7bff">0111101111111111</data_item>
      <data_item mem_id="08b0" data_id="ffdf">1111111111011111</data_item>
      <data_item mem_id="08c0" data_id="df57">1101111101010111</data_item>
      <data_item mem_id="08d0" data_id="dfff">1101111111111111</data_item>
      <data_item mem_id="08e0" data_id="f7b7">1111011110110111</data_item>
      <data_item mem_id="08f0" data_id="bdbd">1011110110111101</data_item>
      <data_item mem_id="0900" data_id="bdbd">1011110110111101</data_item>
      <data_item mem_id="0910" data_id="aded">1010110111101101</data_item>
      <data_item mem_id="0920" data_id="ed6f">1110110101101111</data_item>
      <data_item mem_id="0930" data_id="7b7b">0111101101111011</data_item>
      <data_item mem_id="0940" data_id="7bdb">0111101111011011</data_item>
      <data_item mem_id="0950" data_id="dbdb">1101101111011011</data_item>
      <data_item mem_id="0960" data_id="dada">1101101011011010</data_item>
      <data_item mem_id="0970" data_id="ded6">1101111011010110</data_item>
      <data_item mem_id="0980" data_id="f7f7">1111011111110111</data_item>
      <data_item mem_id="0990" data_id="b7bf">1011011110111111</data_item>
      <data_item mem_id="09a0" data_id="bdb5">1011110110110101</data_item>
      <data_item mem_id="09b0" data_id="fde5">1111110111100101</data_item>
      <data_item mem_id="09c0" data_id="6fef">0110111111101111</data_item>
      <data_item mem_id="09d0" data_id="6f7d">0110111101111101</data_item>
      <data_item mem_id="09e0" data_id="7b7b">0111101101111011</data_item>
      <data_item mem_id="09f0" data_id="fb53">1111101101010011</data_item>
      <data_item mem_id="0a00" data_id="dfde">1101111111011110</data_item>
      <data_item mem_id="0a10" data_id="ffbf">1111111110111111</data_item>
      <data_item mem_id="0a20" data_id="bdbd">1011110110111101</data_item>
      <data_item mem_id="0a30" data_id="fdbd">1111110110111101</data_item>
      <data_item mem_id="0a40" data_id="bdfd">1011110111111101</data_item>
      <data_item mem_id="0a50" data_id="fdef">1111110111101111</data_item>
      <data_item mem_id="0a60" data_id="7b7b">0111101101111011</data_item>
      <data_item mem_id="0a70" data_id="7bfb">0111101111111011</data_item>
      <data_item mem_id="0a80" data_id="5bdb">0101101111011011</data_item>
      <data_item mem_id="0a90" data_id="dada">1101101011011010</data_item>
      <data_item mem_id="0aa0" data_id="ded6">1101111011010110</data_item>
      <data_item mem_id="0ab0" data_id="f615">1111011000010101</data_item>
      <data_item mem_id="0ac0" data_id="37be">0011011110111110</data_item>
      <data_item mem_id="0ad0" data_id="bdbd">1011110110111101</data_item>
      <data_item mem_id="0ae0" data_id="bdad">1011110110101101</data_item>
      <data_item mem_id="0af0" data_id="e56d">1110010101101101</data_item>
      <data_item mem_id="0b00" data_id="6f7f">0110111101111111</data_item>
      <data_item mem_id="0b10" data_id="7b7b">0111101101111011</data_item>
      <data_item mem_id="0b20" data_id="7bdb">0111101111011011</data_item>
      <data_item mem_id="0b30" data_id="d3de">1101001111011110</data_item>
      <data_item mem_id="0b40" data_id="5efe">0101111011111110</data_item>
      <data_item mem_id="0b50" data_id="f6f7">1111011011110111</data_item>
      <data_item mem_id="0b60" data_id="77b7">0111011110110111</data_item>
      <data_item mem_id="0b70" data_id="bffd">1011111111111101</data_item>
      <data_item mem_id="0b80" data_id="ffff">1111111111111111</data_item>
      <data_item mem_id="0b90" data_id="ffff">1111111111111111</data_item>
      <data_item mem_id="0ba0" data_id="5f7f">0101111101111111</data_item>
      <data_item mem_id="0bb0" data_id="fbff">1111101111111111</data_item>
      <data_item mem_id="0bc0" data_id="9fdf">1001111111011111</data_item>
      <data_item mem_id="0bd0" data_id="de5e">1101111001011110</data_item>
      <data_item mem_id="0be0" data_id="f3f7">1111001111110111</data_item>
      <data_item mem_id="0bf0" data_id="b3bf">1011001110111111</data_item>
      <data_item mem_id="0c00" data_id="3535">0011010100110101</data_item>
      <data_item mem_id="0c10" data_id="1dad">0001110110101101</data_item>
      <data_item mem_id="0c20" data_id="eded">1110110111101101</data_item>
      <data_item mem_id="0c30" data_id="6f7f">0110111101111111</data_item>
      <data_item mem_id="0c40" data_id="7333">0111001100110011</data_item>
      <data_item mem_id="0c50" data_id="7353">0111001101010011</data_item>
      <data_item mem_id="0c60" data_id="5f52">0101111101010010</data_item>
      <data_item mem_id="0c70" data_id="1656">0001011001010110</data_item>
      <data_item mem_id="0c80" data_id="5637">0101011000110111</data_item>
      <data_item mem_id="0c90" data_id="f737">1111011100110111</data_item>
      <data_item mem_id="0ca0" data_id="3731">0011011100110001</data_item>
      <data_item mem_id="0cb0" data_id="31fd">0011000111111101</data_item>
      <data_item mem_id="0cc0" data_id="216f">0010000101101111</data_item>
      <data_item mem_id="0cd0" data_id="ef7f">1110111101111111</data_item>
      <data_item mem_id="0ce0" data_id="7d5b">0111110101011011</data_item>
      <data_item mem_id="0cf0" data_id="bfff">1011111111111111</data_item>
      <data_item mem_id="0d00" data_id="dfcf">1101111111001111</data_item>
      <data_item mem_id="0d10" data_id="ffff">1111111111111111</data_item>
      <data_item mem_id="0d20" data_id="f7bf">1111011110111111</data_item>
      <data_item mem_id="0d30" data_id="bdbf">1011110110111111</data_item>
      <data_item mem_id="0d40" data_id="bdbd">1011110110111101</data_item>
      <data_item mem_id="0d50" data_id="6de5">0110110111100101</data_item>
      <data_item mem_id="0d60" data_id="6f79">0110111101111001</data_item>
      <data_item mem_id="0d70" data_id="7b7b">0111101101111011</data_item>
      <data_item mem_id="0d80" data_id="fbdb">1111101111011011</data_item>
      <data_item mem_id="0d90" data_id="5bda">0101101111011010</data_item>
      <data_item mem_id="0da0" data_id="dad2">1101101011010010</data_item>
      <data_item mem_id="0db0" data_id="d6f7">1101011011110111</data_item>
      <data_item mem_id="0dc0" data_id="b7b7">1011011110110111</data_item>
      <data_item mem_id="0dd0" data_id="bfb9">1011111110111001</data_item>
      <data_item mem_id="0de0" data_id="b97d">1011100101111101</data_item>
      <data_item mem_id="0df0" data_id="e465">1110010001100101</data_item>
      <data_item mem_id="0e00" data_id="ed67">1110110101100111</data_item>
      <data_item mem_id="0e10" data_id="5373">0101001101110011</data_item>
      <data_item mem_id="0e20" data_id="3353">0011001101010011</data_item>
      <data_item mem_id="0e30" data_id="5357">0101001101010111</data_item>
      <data_item mem_id="0e40" data_id="5656">0101011001010110</data_item>
      <data_item mem_id="0e50" data_id="7673">0111011001110011</data_item>
      <data_item mem_id="0e60" data_id="b7fd">1011011111111101</data_item>
      <data_item mem_id="0e70" data_id="b9df">1011100111011111</data_item>
      <data_item mem_id="0e80" data_id="fd75">1111110101110101</data_item>
      <data_item mem_id="0e90" data_id="77f7">0111011111110111</data_item>
      <data_item mem_id="0ea0" data_id="5b73">0101101101110011</data_item>
      <data_item mem_id="0eb0" data_id="5b5b">0101101101011011</data_item>
      <data_item mem_id="0ec0" data_id="5352">0101001101010010</data_item>
      <data_item mem_id="0ed0" data_id="5656">0101011001010110</data_item>
      <data_item mem_id="0ee0" data_id="1672">0001011001110010</data_item>
      <data_item mem_id="0ef0" data_id="3513">0011010100010011</data_item>
      <data_item mem_id="0f00" data_id="3131">0011000100110001</data_item>
      <data_item mem_id="0f10" data_id="3131">0011000100110001</data_item>
      <data_item mem_id="0f20" data_id="2121">0010000100100001</data_item>
      <data_item mem_id="0f30" data_id="2527">0010010100100111</data_item>
      <data_item mem_id="0f40" data_id="7373">0111001101110011</data_item>
      <data_item mem_id="0f50" data_id="7313">0111001100010011</data_item>
      <data_item mem_id="0f60" data_id="1303">0001001100000011</data_item>
      <data_item mem_id="0f70" data_id="0214">0000001000010100</data_item>
      <data_item mem_id="0f80" data_id="5616">0101011000010110</data_item>
      <data_item mem_id="0f90" data_id="37b7">0011011110110111</data_item>
      <data_item mem_id="0fa0" data_id="b7bd">1011011110111101</data_item>
      <data_item mem_id="0fb0" data_id="bdbd">1011110110111101</data_item>
      <data_item mem_id="0fc0" data_id="fdef">1111110111101111</data_item>
      <data_item mem_id="0fd0" data_id="efff">1110111111111111</data_item>
      <data_item mem_id="0fe0" data_id="7f7f">0111111101111111</data_item>
      <data_item mem_id="0ff0" data_id="bdf7">1011110111110111</data_item>
      <data_item mem_id="1000" data_id="ffd7">1111111111010111</data_item>
      <data_item mem_id="1010" data_id="deff">1101111011111111</data_item>
      <data_item mem_id="1020" data_id="ffb7">1111111110110111</data_item>
      <data_item mem_id="1030" data_id="fdbf">1111110110111111</data_item>
      <data_item mem_id="1040" data_id="bdbd">1011110110111101</data_item>
      <data_item mem_id="1050" data_id="aded">1010110111101101</data_item>
      <data_item mem_id="1060" data_id="ed6f">1110110101101111</data_item>
      <data_item mem_id="1070" data_id="7f7b">0111111101111011</data_item>
      <data_item mem_id="1080" data_id="7b7b">0111101101111011</data_item>
      <data_item mem_id="1090" data_id="5bdf">0101101111011111</data_item>
      <data_item mem_id="10a0" data_id="dede">1101111011011110</data_item>
      <data_item mem_id="10b0" data_id="ded6">1101111011010110</data_item>
      <data_item mem_id="10c0" data_id="f7b7">1111011110110111</data_item>
      <data_item mem_id="10d0" data_id="b7b7">1011011110110111</data_item>
      <data_item mem_id="10e0" data_id="b5b5">1011010110110101</data_item>
      <data_item mem_id="10f0" data_id="fd6d">1111110101101101</data_item>
      <data_item mem_id="1100" data_id="6def">0110110111101111</data_item>
      <data_item mem_id="1110" data_id="6f77">0110111101110111</data_item>
      <data_item mem_id="1120" data_id="7b7b">0111101101111011</data_item>
      <data_item mem_id="1130" data_id="7bdd">0111101111011101</data_item>
      <data_item mem_id="1140" data_id="d7fe">1101011111111110</data_item>
      <data_item mem_id="1150" data_id="feff">1111111011111111</data_item>
      <data_item mem_id="1160" data_id="f3bf">1111001110111111</data_item>
      <data_item mem_id="1170" data_id="ffbf">1111111110111111</data_item>
      <data_item mem_id="1180" data_id="bdfd">1011110111111101</data_item>
      <data_item mem_id="1190" data_id="fdef">1111110111101111</data_item>
      <data_item mem_id="11a0" data_id="7b7b">0111101101111011</data_item>
      <data_item mem_id="11b0" data_id="7bfb">0111101111111011</data_item>
      <data_item mem_id="11c0" data_id="59db">0101100111011011</data_item>
      <data_item mem_id="11d0" data_id="dada">1101101011011010</data_item>
      <data_item mem_id="11e0" data_id="ded6">1101111011010110</data_item>
      <data_item mem_id="11f0" data_id="f7b7">1111011110110111</data_item>
      <data_item mem_id="1200" data_id="b7bf">1011011110111111</data_item>
      <data_item mem_id="1210" data_id="bdbd">1011110110111101</data_item>
      <data_item mem_id="1220" data_id="bdad">1011110110101101</data_item>
      <data_item mem_id="1230" data_id="ed6f">1110110101101111</data_item>
      <data_item mem_id="1240" data_id="6f7f">0110111101111111</data_item>
      <data_item mem_id="1250" data_id="7b7b">0111101101111011</data_item>
      <data_item mem_id="1260" data_id="7bdb">0111101111011011</data_item>
      <data_item mem_id="1270" data_id="dadb">1101101011011011</data_item>
      <data_item mem_id="1280" data_id="ded6">1101111011010110</data_item>
      <data_item mem_id="1290" data_id="f6d7">1111011011010111</data_item>
      <data_item mem_id="12a0" data_id="f7b7">1111011110110111</data_item>
      <data_item mem_id="12b0" data_id="bfbd">1011111110111101</data_item>
      <data_item mem_id="12c0" data_id="fdfd">1111110111111101</data_item>
      <data_item mem_id="12d0" data_id="ef7f">1110111101111111</data_item>
      <data_item mem_id="12e0" data_id="fbff">1111101111111111</data_item>
      <data_item mem_id="12f0" data_id="fffb">1111111111111011</data_item>
      <data_item mem_id="1300" data_id="fbdf">1111101111011111</data_item>
      <data_item mem_id="1310" data_id="dede">1101111011011110</data_item>
      <data_item mem_id="1320" data_id="f7f5">1111011111110101</data_item>
      <data_item mem_id="1330" data_id="37bf">0011011110111111</data_item>
      <data_item mem_id="1340" data_id="bdbd">1011110110111101</data_item>
      <data_item mem_id="1350" data_id="35ad">0011010110101101</data_item>
      <data_item mem_id="1360" data_id="eded">1110110111101101</data_item>
      <data_item mem_id="1370" data_id="6f7f">0110111101111111</data_item>
      <data_item mem_id="1380" data_id="737b">0111001101111011</data_item>
      <data_item mem_id="1390" data_id="7bdb">0111101111011011</data_item>
      <data_item mem_id="13a0" data_id="dbda">1101101111011010</data_item>
      <data_item mem_id="13b0" data_id="9edc">1001111011011100</data_item>
      <data_item mem_id="13c0" data_id="d6f3">1101011011110011</data_item>
      <data_item mem_id="13d0" data_id="f7b7">1111011110110111</data_item>
      <data_item mem_id="13e0" data_id="bdbd">1011110110111101</data_item>
      <data_item mem_id="13f0" data_id="bdbd">1011110110111101</data_item>
      <data_item mem_id="1400" data_id="ed6f">1110110101101111</data_item>
      <data_item mem_id="1410" data_id="ef6f">1110111101101111</data_item>
      <data_item mem_id="1420" data_id="5f73">0101111101110011</data_item>
      <data_item mem_id="1430" data_id="fbff">1111101111111111</data_item>
      <data_item mem_id="1440" data_id="dfff">1101111111111111</data_item>
      <data_item mem_id="1450" data_id="ffff">1111111111111111</data_item>
      <data_item mem_id="1460" data_id="bff7">1011111111110111</data_item>
      <data_item mem_id="1470" data_id="b7ff">1011011111111111</data_item>
      <data_item mem_id="1480" data_id="bdbd">1011110110111101</data_item>
      <data_item mem_id="1490" data_id="fded">1111110111101101</data_item>
      <data_item mem_id="14a0" data_id="ef7b">1110111101111011</data_item>
      <data_item mem_id="14b0" data_id="7b7b">0111101101111011</data_item>
      <data_item mem_id="14c0" data_id="7b5b">0111101101011011</data_item>
      <data_item mem_id="14d0" data_id="dbda">1101101111011010</data_item>
      <data_item mem_id="14e0" data_id="dede">1101111011011110</data_item>
      <data_item mem_id="14f0" data_id="d6f7">1101011011110111</data_item>
      <data_item mem_id="1500" data_id="f7f7">1111011111110111</data_item>
      <data_item mem_id="1510" data_id="bfbd">1011111110111101</data_item>
      <data_item mem_id="1520" data_id="bda5">1011110110100101</data_item>
      <data_item mem_id="1530" data_id="aded">1010110111101101</data_item>
      <data_item mem_id="1540" data_id="ed65">1110110101100101</data_item>
      <data_item mem_id="1550" data_id="0a3b">0000101000111011</data_item>
      <data_item mem_id="1560" data_id="7bdb">0111101111011011</data_item>
      <data_item mem_id="1570" data_id="dbdb">1101101111011011</data_item>
      <data_item mem_id="1580" data_id="dede">1101111011011110</data_item>
      <data_item mem_id="1590" data_id="fef7">1111111011110111</data_item>
      <data_item mem_id="15a0" data_id="f7f7">1111011111110111</data_item>
      <data_item mem_id="15b0" data_id="bbbf">1011101110111111</data_item>
      <data_item mem_id="15c0" data_id="fd7d">1111110101111101</data_item>
      <data_item mem_id="15d0" data_id="feff">1111111011111111</data_item>
      <data_item mem_id="15e0" data_id="79fb">0111100111111011</data_item>
      <data_item mem_id="15f0" data_id="fb7b">1111101101111011</data_item>
      <data_item mem_id="1600" data_id="fbdb">1111101111011011</data_item>
      <data_item mem_id="1610" data_id="9ede">1001111011011110</data_item>
      <data_item mem_id="1620" data_id="c6f7">1100011011110111</data_item>
      <data_item mem_id="1630" data_id="b7b7">1011011110110111</data_item>
      <data_item mem_id="1640" data_id="b3b5">1011001110110101</data_item>
      <data_item mem_id="1650" data_id="bdf5">1011110111110101</data_item>
      <data_item mem_id="1660" data_id="2ded">0010110111101101</data_item>
      <data_item mem_id="1670" data_id="e847">1110100001000111</data_item>
      <data_item mem_id="1680" data_id="7b7b">0111101101111011</data_item>
      <data_item mem_id="1690" data_id="7bfb">0111101111111011</data_item>
      <data_item mem_id="16a0" data_id="5bdb">0101101111011011</data_item>
      <data_item mem_id="16b0" data_id="dade">1101101011011110</data_item>
      <data_item mem_id="16c0" data_id="ded6">1101111011010110</data_item>
      <data_item mem_id="16d0" data_id="f7b7">1111011110110111</data_item>
      <data_item mem_id="16e0" data_id="87a7">1000011110100111</data_item>
      <data_item mem_id="16f0" data_id="bcbc">1011110010111100</data_item>
      <data_item mem_id="1700" data_id="fded">1111110111101101</data_item>
      <data_item mem_id="1710" data_id="ef6f">1110111101101111</data_item>
      <data_item mem_id="1720" data_id="7f3f">0111111100111111</data_item>
      <data_item mem_id="1730" data_id="fbdf">1111101111011111</data_item>
      <data_item mem_id="1740" data_id="ffff">1111111111111111</data_item>
      <data_item mem_id="1750" data_id="ddf7">1101110111110111</data_item>
      <data_item mem_id="1760" data_id="ffb7">1111111110110111</data_item>
      <data_item mem_id="1770" data_id="f7bf">1111011110111111</data_item>
      <data_item mem_id="1780" data_id="bdfd">1011110111111101</data_item>
      <data_item mem_id="1790" data_id="eded">1110110111101101</data_item>
      <data_item mem_id="17a0" data_id="ed6f">1110110101101111</data_item>
      <data_item mem_id="17b0" data_id="7b7b">0111101101111011</data_item>
      <data_item mem_id="17c0" data_id="7bfb">0111101111111011</data_item>
      <data_item mem_id="17d0" data_id="5b1f">0101101100011111</data_item>
      <data_item mem_id="17e0" data_id="dede">1101111011011110</data_item>
      <data_item mem_id="17f0" data_id="9ed6">1001111011010110</data_item>
      <data_item mem_id="1800" data_id="f7b7">1111011110110111</data_item>
      <data_item mem_id="1810" data_id="b7bd">1011011110111101</data_item>
      <data_item mem_id="1820" data_id="b9bd">1011100110111101</data_item>
      <data_item mem_id="1830" data_id="bdad">1011110110101101</data_item>
      <data_item mem_id="1840" data_id="6ded">0110110111101101</data_item>
      <data_item mem_id="1850" data_id="6f7b">0110111101111011</data_item>
      <data_item mem_id="1860" data_id="7b7b">0111101101111011</data_item>
      <data_item mem_id="1870" data_id="f3db">1111001111011011</data_item>
      <data_item mem_id="1880" data_id="dfde">1101111111011110</data_item>
      <data_item mem_id="1890" data_id="fefe">1111111011111110</data_item>
      <data_item mem_id="18a0" data_id="f7f7">1111011111110111</data_item>
      <data_item mem_id="18b0" data_id="ffbf">1111111110111111</data_item>
      <data_item mem_id="18c0" data_id="fffd">1111111111111101</data_item>
      <data_item mem_id="18d0" data_id="fdff">1111110111111111</data_item>
      <data_item mem_id="18e0" data_id="fb7f">1111101101111111</data_item>
      <data_item mem_id="18f0" data_id="4b59">0100101101011001</data_item>
      <data_item mem_id="1900" data_id="f3db">1111001111011011</data_item>
      <data_item mem_id="1910" data_id="dade">1101101011011110</data_item>
      <data_item mem_id="1920" data_id="ded6">1101111011010110</data_item>
      <data_item mem_id="1930" data_id="f7b7">1111011110110111</data_item>
      <data_item mem_id="1940" data_id="b7b5">1011011110110101</data_item>
      <data_item mem_id="1950" data_id="b5bd">1011010110111101</data_item>
      <data_item mem_id="1960" data_id="b52d">1011010100101101</data_item>
      <data_item mem_id="1970" data_id="eded">1110110111101101</data_item>
      <data_item mem_id="1980" data_id="6f7b">0110111101111011</data_item>
      <data_item mem_id="1990" data_id="7b7b">0111101101111011</data_item>
      <data_item mem_id="19a0" data_id="53db">0101001111011011</data_item>
      <data_item mem_id="19b0" data_id="db5a">1101101101011010</data_item>
      <data_item mem_id="19c0" data_id="dade">1101101011011110</data_item>
      <data_item mem_id="19d0" data_id="d6f3">1101011011110011</data_item>
      <data_item mem_id="19e0" data_id="f7b7">1111011110110111</data_item>
      <data_item mem_id="19f0" data_id="bdbd">1011110110111101</data_item>
      <data_item mem_id="1a00" data_id="fdff">1111110111111111</data_item>
      <data_item mem_id="1a10" data_id="efeb">1110111111101011</data_item>
      <data_item mem_id="1a20" data_id="ff7f">1111111101111111</data_item>
      <data_item mem_id="1a30" data_id="fff7">1111111111110111</data_item>
      <data_item mem_id="1a40" data_id="ffdf">1111111111011111</data_item>
      <data_item mem_id="1a50" data_id="dfd6">1101111111010110</data_item>
      <data_item mem_id="1a60" data_id="fff7">1111111111110111</data_item>
      <data_item mem_id="1a70" data_id="b7bf">1011011110111111</data_item>
      <data_item mem_id="1a80" data_id="bdbd">1011110110111101</data_item>
      <data_item mem_id="1a90" data_id="bdad">1011110110101101</data_item>
      <data_item mem_id="1aa0" data_id="ed6d">1110110101101101</data_item>
      <data_item mem_id="1ab0" data_id="6f7f">0110111101111111</data_item>
      <data_item mem_id="1ac0" data_id="7b7b">0111101101111011</data_item>
      <data_item mem_id="1ad0" data_id="73db">0111001111011011</data_item>
      <data_item mem_id="1ae0" data_id="c3da">1100001111011010</data_item>
      <data_item mem_id="1af0" data_id="ded6">1101111011010110</data_item>
      <data_item mem_id="1b00" data_id="96f7">1001011011110111</data_item>
      <data_item mem_id="1b10" data_id="b7b7">1011011110110111</data_item>
      <data_item mem_id="1b20" data_id="bfbd">1011111110111101</data_item>
      <data_item mem_id="1b30" data_id="bdbd">1011110110111101</data_item>
      <data_item mem_id="1b40" data_id="2ded">0010110111101101</data_item>
      <data_item mem_id="1b50" data_id="ef2f">1110111100101111</data_item>
      <data_item mem_id="1b60" data_id="537b">0101001101111011</data_item>
      <data_item mem_id="1b70" data_id="7b7b">0111101101111011</data_item>
      <data_item mem_id="1b80" data_id="df5f">1101111101011111</data_item>
      <data_item mem_id="1b90" data_id="feff">1111111011111111</data_item>
      <data_item mem_id="1ba0" data_id="ffff">1111111111111111</data_item>
      <data_item mem_id="1bb0" data_id="ffff">1111111111111111</data_item>
      <data_item mem_id="1bc0" data_id="bfbd">1011111110111101</data_item>
      <data_item mem_id="1bd0" data_id="f5ed">1111010111101101</data_item>
      <data_item mem_id="1be0" data_id="ef7b">1110111101111011</data_item>
      <data_item mem_id="1bf0" data_id="7f7b">0111111101111011</data_item>
      <data_item mem_id="1c00" data_id="fbdb">1111101111011011</data_item>
      <data_item mem_id="1c10" data_id="dbde">1101101111011110</data_item>
      <data_item mem_id="1c20" data_id="dede">1101111011011110</data_item>
      <data_item mem_id="1c30" data_id="d6f7">1101011011110111</data_item>
      <data_item mem_id="1c40" data_id="b7b7">1011011110110111</data_item>
      <data_item mem_id="1c50" data_id="bfb5">1011111110110101</data_item>
      <data_item mem_id="1c60" data_id="bdfd">1011110111111101</data_item>
      <data_item mem_id="1c70" data_id="2ded">0010110111101101</data_item>
      <data_item mem_id="1c80" data_id="ed6f">1110110101101111</data_item>
      <data_item mem_id="1c90" data_id="7b7b">0111101101111011</data_item>
      <data_item mem_id="1ca0" data_id="7b5b">0111101101011011</data_item>
      <data_item mem_id="1cb0" data_id="5bdf">0101101111011111</data_item>
      <data_item mem_id="1cc0" data_id="de5e">1101111001011110</data_item>
      <data_item mem_id="1cd0" data_id="fef6">1111111011110110</data_item>
      <data_item mem_id="1ce0" data_id="f7f3">1111011111110011</data_item>
      <data_item mem_id="1cf0" data_id="bfbf">1011111110111111</data_item>
      <data_item mem_id="1d00" data_id="f1fd">1111000111111101</data_item>
      <data_item mem_id="1d10" data_id="ffef">1111111111101111</data_item>
      <data_item mem_id="1d20" data_id="f9fb">1111100111111011</data_item>
      <data_item mem_id="1d30" data_id="ffff">1111111111111111</data_item>
      <data_item mem_id="1d40" data_id="fbdf">1111101111011111</data_item>
      <data_item mem_id="1d50" data_id="5f5e">0101111101011110</data_item>
      <data_item mem_id="1d60" data_id="daf7">1101101011110111</data_item>
      <data_item mem_id="1d70" data_id="b737">1011011100110111</data_item>
      <data_item mem_id="1d80" data_id="bfbd">1011111110111101</data_item>
      <data_item mem_id="1d90" data_id="bdbd">1011110110111101</data_item>
      <data_item mem_id="1da0" data_id="aded">1010110111101101</data_item>
      <data_item mem_id="1db0" data_id="e96b">1110100101101011</data_item>
      <data_item mem_id="1dc0" data_id="7b7b">0111101101111011</data_item>
      <data_item mem_id="1dd0" data_id="7bfb">0111101111111011</data_item>
      <data_item mem_id="1de0" data_id="5bd9">0101101111011001</data_item>
      <data_item mem_id="1df0" data_id="dede">1101111011011110</data_item>
      <data_item mem_id="1e00" data_id="de96">1101111010010110</data_item>
      <data_item mem_id="1e10" data_id="f7f7">1111011111110111</data_item>
      <data_item mem_id="1e20" data_id="a7bf">1010011110111111</data_item>
      <data_item mem_id="1e30" data_id="bdb5">1011110110110101</data_item>
      <data_item mem_id="1e40" data_id="fdec">1111110111101100</data_item>
      <data_item mem_id="1e50" data_id="ebef">1110101111101111</data_item>
      <data_item mem_id="1e60" data_id="7f7f">0111111101111111</data_item>
      <data_item mem_id="1e70" data_id="fbfb">1111101111111011</data_item>
      <data_item mem_id="1e80" data_id="ffdf">1111111111011111</data_item>
      <data_item mem_id="1e90" data_id="dfff">1101111111111111</data_item>
      <data_item mem_id="1ea0" data_id="fff7">1111111111110111</data_item>
      <data_item mem_id="1eb0" data_id="f7f7">1111011111110111</data_item>
      <data_item mem_id="1ec0" data_id="bfbd">1011111110111101</data_item>
      <data_item mem_id="1ed0" data_id="bdad">1011110110101101</data_item>
      <data_item mem_id="1ee0" data_id="ed6f">1110110101101111</data_item>
      <data_item mem_id="1ef0" data_id="3f73">0011111101110011</data_item>
      <data_item mem_id="1f00" data_id="78fb">0111100011111011</data_item>
      <data_item mem_id="1f10" data_id="d3d8">1101001111011000</data_item>
      <data_item mem_id="1f20" data_id="5ade">0101101011011110</data_item>
      <data_item mem_id="1f30" data_id="d6d6">1101011011010110</data_item>
      <data_item mem_id="1f40" data_id="f7f7">1111011111110111</data_item>
      <data_item mem_id="1f50" data_id="b7b7">1011011110110111</data_item>
      <data_item mem_id="1f60" data_id="2dbd">0010110110111101</data_item>
      <data_item mem_id="1f70" data_id="bded">1011110111101101</data_item>
      <data_item mem_id="1f80" data_id="ed6d">1110110101101101</data_item>
      <data_item mem_id="1f90" data_id="6f7b">0110111101111011</data_item>
      <data_item mem_id="1fa0" data_id="7b53">0111101101010011</data_item>
      <data_item mem_id="1fb0" data_id="fbd3">1111101111010011</data_item>
      <data_item mem_id="1fc0" data_id="9fde">1001111111011110</data_item>
      <data_item mem_id="1fd0" data_id="defe">1101111011111110</data_item>
      <data_item mem_id="1fe0" data_id="97f7">1001011111110111</data_item>
      <data_item mem_id="1ff0" data_id="7fbf">0111111110111111</data_item>
      <data_item mem_id="2000" data_id="bffd">1011111111111101</data_item>
      <data_item mem_id="2010" data_id="ffff">1111111111111111</data_item>
      <data_item mem_id="2020" data_id="ffff">1111111111111111</data_item>
      <data_item mem_id="2030" data_id="7ffb">0111111111111011</data_item>
      <data_item mem_id="2040" data_id="fbfb">1111101111111011</data_item>
      <data_item mem_id="2050" data_id="dbde">1101101111011110</data_item>
      <data_item mem_id="2060" data_id="f6f6">1111011011110110</data_item>
      <data_item mem_id="2070" data_id="f7b7">1111011110110111</data_item>
      <data_item mem_id="2080" data_id="b7bd">1011011110111101</data_item>
      <data_item mem_id="2090" data_id="b5bd">1011010110111101</data_item>
      <data_item mem_id="20a0" data_id="bdad">1011110110101101</data_item>
      <data_item mem_id="20b0" data_id="efed">1110111111101101</data_item>
      <data_item mem_id="20c0" data_id="6f7f">0110111101111111</data_item>
      <data_item mem_id="20d0" data_id="5b7b">0101101101111011</data_item>
      <data_item mem_id="20e0" data_id="7bdb">0111101111011011</data_item>
      <data_item mem_id="20f0" data_id="dbda">1101101111011010</data_item>
      <data_item mem_id="2100" data_id="defe">1101111011111110</data_item>
      <data_item mem_id="2110" data_id="f6f7">1111011011110111</data_item>
      <data_item mem_id="2120" data_id="f7b7">1111011110110111</data_item>
      <data_item mem_id="2130" data_id="3fbd">0011111110111101</data_item>
      <data_item mem_id="2140" data_id="bdfd">1011110111111101</data_item>
      <data_item mem_id="2150" data_id="efef">1110111111101111</data_item>
      <data_item mem_id="2160" data_id="eb7b">1110101101111011</data_item>
      <data_item mem_id="2170" data_id="7ffb">0111111111111011</data_item>
      <data_item mem_id="2180" data_id="7fff">0111111111111111</data_item>
      <data_item mem_id="2190" data_id="dfdf">1101111111011111</data_item>
      <data_item mem_id="21a0" data_id="fff7">1111111111110111</data_item>
      <data_item mem_id="21b0" data_id="f7bf">1111011110111111</data_item>
      <data_item mem_id="21c0" data_id="bfbd">1011111110111101</data_item>
      <data_item mem_id="21d0" data_id="bdad">1011110110101101</data_item>
      <data_item mem_id="21e0" data_id="ed6d">1110110101101101</data_item>
      <data_item mem_id="21f0" data_id="6f7b">0110111101111011</data_item>
      <data_item mem_id="2200" data_id="7b7b">0111101101111011</data_item>
      <data_item mem_id="2210" data_id="fbdb">1111101111011011</data_item>
      <data_item mem_id="2220" data_id="dbd2">1101101111010010</data_item>
      <data_item mem_id="2230" data_id="9ede">1001111011011110</data_item>
      <data_item mem_id="2240" data_id="d6f7">1101011011110111</data_item>
      <data_item mem_id="2250" data_id="b1b7">1011000110110111</data_item>
      <data_item mem_id="2260" data_id="bd9d">1011110110011101</data_item>
      <data_item mem_id="2270" data_id="bcd5">1011110011010101</data_item>
      <data_item mem_id="2280" data_id="2def">0010110111101111</data_item>
      <data_item mem_id="2290" data_id="af67">1010111101100111</data_item>
      <data_item mem_id="22a0" data_id="7f7b">0111111101111011</data_item>
      <data_item mem_id="22b0" data_id="7bdb">0111101111011011</data_item>
      <data_item mem_id="22c0" data_id="dfdf">1101111111011111</data_item>
      <data_item mem_id="22d0" data_id="fefe">1111111011111110</data_item>
      <data_item mem_id="22e0" data_id="fff7">1111111111110111</data_item>
      <data_item mem_id="22f0" data_id="ffff">1111111111111111</data_item>
      <data_item mem_id="2300" data_id="fd8f">1111110110001111</data_item>
      <data_item mem_id="2310" data_id="ffff">1111111111111111</data_item>
      <data_item mem_id="2320" data_id="efff">1110111111111111</data_item>
      <data_item mem_id="2330" data_id="7b7b">0111101101111011</data_item>
      <data_item mem_id="2340" data_id="fbdb">1111101111011011</data_item>
      <data_item mem_id="2350" data_id="dfde">1101111111011110</data_item>
      <data_item mem_id="2360" data_id="de5e">1101111001011110</data_item>
      <data_item mem_id="2370" data_id="d6f7">1101011011110111</data_item>
      <data_item mem_id="2380" data_id="b7b7">1011011110110111</data_item>
      <data_item mem_id="2390" data_id="bf2d">1011111100101101</data_item>
      <data_item mem_id="23a0" data_id="bdbd">1011110110111101</data_item>
      <data_item mem_id="23b0" data_id="aded">1010110111101101</data_item>
      <data_item mem_id="23c0" data_id="ed6f">1110110101101111</data_item>
      <data_item mem_id="23d0" data_id="7b7b">0111101101111011</data_item>
      <data_item mem_id="23e0" data_id="7b3b">0111101100111011</data_item>
      <data_item mem_id="23f0" data_id="db5b">1101101101011011</data_item>
      <data_item mem_id="2400" data_id="dade">1101101011011110</data_item>
      <data_item mem_id="2410" data_id="def6">1101111011110110</data_item>
      <data_item mem_id="2420" data_id="f7b7">1111011110110111</data_item>
      <data_item mem_id="2430" data_id="b7bf">1011011110111111</data_item>
      <data_item mem_id="2440" data_id="bdfd">1011110111111101</data_item>
      <data_item mem_id="2450" data_id="f56f">1111010101101111</data_item>
      <data_item mem_id="2460" data_id="ff7f">1111111101111111</data_item>
      <data_item mem_id="2470" data_id="fbff">1111101111111111</data_item>
      <data_item mem_id="2480" data_id="fbfb">1111101111111011</data_item>
      <data_item mem_id="2490" data_id="dfde">1101111111011110</data_item>
      <data_item mem_id="24a0" data_id="def7">1101111011110111</data_item>
      <data_item mem_id="24b0" data_id="f7b7">1111011110110111</data_item>
      <data_item mem_id="24c0" data_id="3535">0011010100110101</data_item>
      <data_item mem_id="24d0" data_id="3131">0011000100110001</data_item>
      <data_item mem_id="24e0" data_id="2567">0010010101100111</data_item>
      <data_item mem_id="24f0" data_id="6563">0110010101100011</data_item>
      <data_item mem_id="2500" data_id="7373">0111001101110011</data_item>
      <data_item mem_id="2510" data_id="7353">0111001101010011</data_item>
      <data_item mem_id="2520" data_id="5353">0101001101010011</data_item>
      <data_item mem_id="2530" data_id="1652">0001011001010010</data_item>
      <data_item mem_id="2540" data_id="5252">0101001001010010</data_item>
      <data_item mem_id="2550" data_id="7637">0111011000110111</data_item>
      <data_item mem_id="2560" data_id="3330">0011001100110000</data_item>
      <data_item mem_id="2570" data_id="3535">0011010100110101</data_item>
      <data_item mem_id="2580" data_id="7525">0111010100100101</data_item>
      <data_item mem_id="2590" data_id="e567">1110010101100111</data_item>
      <data_item mem_id="25a0" data_id="6773">0110011101110011</data_item>
      <data_item mem_id="25b0" data_id="7bf3">0111101111110011</data_item>
      <data_item mem_id="25c0" data_id="fbd7">1111101111010111</data_item>
      <data_item mem_id="25d0" data_id="d776">1101011101110110</data_item>
      <data_item mem_id="25e0" data_id="77fd">0111011111111101</data_item>
      <data_item mem_id="25f0" data_id="5777">0101011101110111</data_item>
      <data_item mem_id="2600" data_id="7537">0111010100110111</data_item>
      <data_item mem_id="2610" data_id="3575">0011010101110101</data_item>
      <data_item mem_id="2620" data_id="6567">0110010101100111</data_item>
      <data_item mem_id="2630" data_id="7333">0111001100110011</data_item>
      <data_item mem_id="2640" data_id="735b">0111001101011011</data_item>
      <data_item mem_id="2650" data_id="53d3">0101001111010011</data_item>
      <data_item mem_id="2660" data_id="d25e">1101001001011110</data_item>
      <data_item mem_id="2670" data_id="5616">0101011000010110</data_item>
      <data_item mem_id="2680" data_id="f7b7">1111011110110111</data_item>
      <data_item mem_id="2690" data_id="37bf">0011011110111111</data_item>
      <data_item mem_id="26a0" data_id="bdbd">1011110110111101</data_item>
      <data_item mem_id="26b0" data_id="bda5">1011110110100101</data_item>
      <data_item mem_id="26c0" data_id="eded">1110110111101101</data_item>
      <data_item mem_id="26d0" data_id="6f7b">0110111101111011</data_item>
      <data_item mem_id="26e0" data_id="3b3b">0011101100111011</data_item>
      <data_item mem_id="26f0" data_id="db9b">1101101110011011</data_item>
      <data_item mem_id="2700" data_id="dbca">1101101111001010</data_item>
      <data_item mem_id="2710" data_id="daae">1101101010101110</data_item>
      <data_item mem_id="2720" data_id="b276">1011001001110110</data_item>
      <data_item mem_id="2730" data_id="bfaf">1011111110101111</data_item>
      <data_item mem_id="2740" data_id="3ff1">0011111111110001</data_item>
      <data_item mem_id="2750" data_id="7373">0111001101110011</data_item>
      <data_item mem_id="2760" data_id="3331">0011001100110001</data_item>
      <data_item mem_id="2770" data_id="0773">0000011101110011</data_item>
      <data_item mem_id="2780" data_id="3233">0011001000110011</data_item>
      <data_item mem_id="2790" data_id="1352">0001001101010010</data_item>
      <data_item mem_id="27a0" data_id="d656">1101011001010110</data_item>
      <data_item mem_id="27b0" data_id="7377">0111001101110111</data_item>
      <data_item mem_id="27c0" data_id="b7b7">1011011110110111</data_item>
      <data_item mem_id="27d0" data_id="b5bd">1011010110111101</data_item>
      <data_item mem_id="27e0" data_id="75ad">0111010110101101</data_item>
      <data_item mem_id="27f0" data_id="65ad">0110010110101101</data_item>
   </data>
 </resultfile>
