<?xml version="1.0" encoding="ISO-8859-1"?>
 <resultfile>
   <header>
      <link id="39-32">
        <source_moteid>39</source_moteid>
        <dest_moteid>32</dest_moteid>
      </link>
      <filedate>Thu Jul 21 15:08:46 2011</filedate>
      <channels>
        <num_channels>4</num_channels>
        <channel_ids>11.12.13.14</channel_ids>
      </channels>
   </header>
   <data>
      <data_item mem_id="0000" data_id="b5bd">1011010110111101</data_item>
      <data_item mem_id="0010" data_id="fded">1111110111101101</data_item>
      <data_item mem_id="0020" data_id="d9df">1101100111011111</data_item>
      <data_item mem_id="0030" data_id="df53">1101111101010011</data_item>
      <data_item mem_id="0040" data_id="7b5b">0111101101011011</data_item>
      <data_item mem_id="0050" data_id="7a18">0111101000011000</data_item>
      <data_item mem_id="0060" data_id="9ddf">1001110111011111</data_item>
      <data_item mem_id="0070" data_id="95fd">1001010111111101</data_item>
      <data_item mem_id="0080" data_id="15f5">0001010111110101</data_item>
      <data_item mem_id="0090" data_id="e7b5">1110011110110101</data_item>
      <data_item mem_id="00a0" data_id="bdbd">1011110110111101</data_item>
      <data_item mem_id="00b0" data_id="7fff">0111111111111111</data_item>
      <data_item mem_id="00c0" data_id="ff5b">1111111101011011</data_item>
      <data_item mem_id="00d0" data_id="ddff">1101110111111111</data_item>
      <data_item mem_id="00e0" data_id="db59">1101101101011001</data_item>
      <data_item mem_id="00f0" data_id="dddf">1101110111011111</data_item>
      <data_item mem_id="0100" data_id="dffd">1101111111111101</data_item>
      <data_item mem_id="0110" data_id="f5f7">1111010111110111</data_item>
      <data_item mem_id="0120" data_id="75b5">0111010110110101</data_item>
      <data_item mem_id="0130" data_id="bdbd">1011110110111101</data_item>
      <data_item mem_id="0140" data_id="19fd">0001100111111101</data_item>
      <data_item mem_id="0150" data_id="5fdf">0101111111011111</data_item>
      <data_item mem_id="0160" data_id="551f">0101010100011111</data_item>
      <data_item mem_id="0170" data_id="7b39">0111101100111001</data_item>
      <data_item mem_id="0180" data_id="b9db">1011100111011011</data_item>
      <data_item mem_id="0190" data_id="9fdf">1001111111011111</data_item>
      <data_item mem_id="01a0" data_id="ddf5">1101110111110101</data_item>
      <data_item mem_id="01b0" data_id="b5b5">1011010110110101</data_item>
      <data_item mem_id="01c0" data_id="f735">1111011100110101</data_item>
      <data_item mem_id="01d0" data_id="bfbd">1011111110111101</data_item>
      <data_item mem_id="01e0" data_id="3d3d">0011110100111101</data_item>
      <data_item mem_id="01f0" data_id="39db">0011100111011011</data_item>
      <data_item mem_id="0200" data_id="db5b">1101101101011011</data_item>
      <data_item mem_id="0210" data_id="1efa">0001111011111010</data_item>
      <data_item mem_id="0220" data_id="d3b3">1101001110110011</data_item>
      <data_item mem_id="0230" data_id="d397">1101001110010111</data_item>
      <data_item mem_id="0240" data_id="9795">1001011110010101</data_item>
      <data_item mem_id="0250" data_id="bfbf">1011111110111111</data_item>
      <data_item mem_id="0260" data_id="bdf6">1011110111110110</data_item>
      <data_item mem_id="0270" data_id="3d7f">0011110101111111</data_item>
      <data_item mem_id="0280" data_id="59ff">0101100111111111</data_item>
      <data_item mem_id="0290" data_id="4fdf">0100111111011111</data_item>
      <data_item mem_id="02a0" data_id="faff">1111101011111111</data_item>
      <data_item mem_id="02b0" data_id="03d3">0000001111010011</data_item>
      <data_item mem_id="02c0" data_id="979f">1001011110011111</data_item>
      <data_item mem_id="02d0" data_id="9dbd">1001110110111101</data_item>
      <data_item mem_id="02e0" data_id="fdf5">1111110111110101</data_item>
      <data_item mem_id="02f0" data_id="f755">1111011101010101</data_item>
      <data_item mem_id="0300" data_id="1f3d">0001111100111101</data_item>
      <data_item mem_id="0310" data_id="1179">0001000101111001</data_item>
      <data_item mem_id="0320" data_id="f9d9">1111100111011001</data_item>
      <data_item mem_id="0330" data_id="df5f">1101111101011111</data_item>
      <data_item mem_id="0340" data_id="5f7b">0101111101111011</data_item>
      <data_item mem_id="0350" data_id="5bfb">0101101111111011</data_item>
      <data_item mem_id="0360" data_id="d391">1101001110010001</data_item>
      <data_item mem_id="0370" data_id="17bd">0001011110111101</data_item>
      <data_item mem_id="0380" data_id="f9f5">1111100111110101</data_item>
      <data_item mem_id="0390" data_id="ddff">1101110111111111</data_item>
      <data_item mem_id="03a0" data_id="319f">0011000110011111</data_item>
      <data_item mem_id="03b0" data_id="bdb1">1011110110110001</data_item>
      <data_item mem_id="03c0" data_id="fdff">1111110111111111</data_item>
      <data_item mem_id="03d0" data_id="db7b">1101101101111011</data_item>
      <data_item mem_id="03e0" data_id="7bd3">0111101111010011</data_item>
      <data_item mem_id="03f0" data_id="dbdb">1101101111011011</data_item>
      <data_item mem_id="0400" data_id="dfdf">1101111111011111</data_item>
      <data_item mem_id="0410" data_id="fdf5">1111110111110101</data_item>
      <data_item mem_id="0420" data_id="f7b7">1111011110110111</data_item>
      <data_item mem_id="0430" data_id="9fbd">1001111110111101</data_item>
      <data_item mem_id="0440" data_id="75f9">0111010111111001</data_item>
      <data_item mem_id="0450" data_id="fddf">1111110111011111</data_item>
      <data_item mem_id="0460" data_id="df57">1101111101010111</data_item>
      <data_item mem_id="0470" data_id="5f7b">0101111101111011</data_item>
      <data_item mem_id="0480" data_id="5bf9">0101101111111001</data_item>
      <data_item mem_id="0490" data_id="dbdf">1101101111011111</data_item>
      <data_item mem_id="04a0" data_id="9f9d">1001111110011101</data_item>
      <data_item mem_id="04b0" data_id="bdb5">1011110110110101</data_item>
      <data_item mem_id="04c0" data_id="f5e1">1111010111100001</data_item>
      <data_item mem_id="04d0" data_id="b53f">1011010100111111</data_item>
      <data_item mem_id="04e0" data_id="1d39">0001110100111001</data_item>
      <data_item mem_id="04f0" data_id="79f9">0111100111111001</data_item>
      <data_item mem_id="0500" data_id="d9d9">1101100111011001</data_item>
      <data_item mem_id="0510" data_id="5f7f">0101111101111111</data_item>
      <data_item mem_id="0520" data_id="fb57">1111101101010111</data_item>
      <data_item mem_id="0530" data_id="d39d">1101001110011101</data_item>
      <data_item mem_id="0540" data_id="15ff">0001010111111111</data_item>
      <data_item mem_id="0550" data_id="f5b7">1111010110110111</data_item>
      <data_item mem_id="0560" data_id="313d">0011000100111101</data_item>
      <data_item mem_id="0570" data_id="b5b5">1011010110110101</data_item>
      <data_item mem_id="0580" data_id="f5f5">1111010111110101</data_item>
      <data_item mem_id="0590" data_id="5d5f">0101110101011111</data_item>
      <data_item mem_id="05a0" data_id="577e">0101011101111110</data_item>
      <data_item mem_id="05b0" data_id="7b5b">0111101101011011</data_item>
      <data_item mem_id="05c0" data_id="9bd3">1001101111010011</data_item>
      <data_item mem_id="05d0" data_id="5fd9">0101111111011001</data_item>
      <data_item mem_id="05e0" data_id="ddb5">1101110110110101</data_item>
      <data_item mem_id="05f0" data_id="f5f7">1111010111110111</data_item>
      <data_item mem_id="0600" data_id="b537">1011010100110111</data_item>
      <data_item mem_id="0610" data_id="3db9">0011110110111001</data_item>
      <data_item mem_id="0620" data_id="fdfd">1111110111111101</data_item>
      <data_item mem_id="0630" data_id="d7df">1101011111011111</data_item>
      <data_item mem_id="0640" data_id="5f57">0101111101010111</data_item>
      <data_item mem_id="0650" data_id="7bdb">0111101111011011</data_item>
      <data_item mem_id="0660" data_id="63c3">0110001111000011</data_item>
      <data_item mem_id="0670" data_id="df97">1101111110010111</data_item>
      <data_item mem_id="0680" data_id="55fd">0101010111111101</data_item>
      <data_item mem_id="0690" data_id="f5fd">1111010111111101</data_item>
      <data_item mem_id="06a0" data_id="fdbd">1111110110111101</data_item>
      <data_item mem_id="06b0" data_id="9d95">1001110110010101</data_item>
      <data_item mem_id="06c0" data_id="fd7f">1111110101111111</data_item>
      <data_item mem_id="06d0" data_id="7bf3">0111101111110011</data_item>
      <data_item mem_id="06e0" data_id="7bdb">0111101111011011</data_item>
      <data_item mem_id="06f0" data_id="d3d7">1101001111010111</data_item>
      <data_item mem_id="0700" data_id="1f9d">0001111110011101</data_item>
      <data_item mem_id="0710" data_id="9dfd">1001110111111101</data_item>
      <data_item mem_id="0720" data_id="f1d7">1111000111010111</data_item>
      <data_item mem_id="0730" data_id="9737">1001011100110111</data_item>
      <data_item mem_id="0740" data_id="1d31">0001110100110001</data_item>
      <data_item mem_id="0750" data_id="79f9">0111100111111001</data_item>
      <data_item mem_id="0760" data_id="dbdf">1101101111011111</data_item>
      <data_item mem_id="0770" data_id="5f5f">0101111101011111</data_item>
      <data_item mem_id="0780" data_id="5b52">0101101101010010</data_item>
      <data_item mem_id="0790" data_id="73d3">0111001111010011</data_item>
      <data_item mem_id="07a0" data_id="979b">1001011110011011</data_item>
      <data_item mem_id="07b0" data_id="9dbd">1001110110111101</data_item>
      <data_item mem_id="07c0" data_id="f5e5">1111010111100101</data_item>
      <data_item mem_id="07d0" data_id="b3bd">1011001110111101</data_item>
      <data_item mem_id="07e0" data_id="3f39">0011111100111001</data_item>
      <data_item mem_id="07f0" data_id="7b7b">0111101101111011</data_item>
      <data_item mem_id="0800" data_id="fbdb">1111101111011011</data_item>
      <data_item mem_id="0810" data_id="dbfb">1101101111111011</data_item>
      <data_item mem_id="0820" data_id="5bfb">0101101111111011</data_item>
      <data_item mem_id="0830" data_id="57df">0101011111011111</data_item>
      <data_item mem_id="0840" data_id="df77">1101111101110111</data_item>
      <data_item mem_id="0850" data_id="75b7">0111010110110111</data_item>
      <data_item mem_id="0860" data_id="f5bf">1111010110111111</data_item>
      <data_item mem_id="0870" data_id="3d31">0011110100110001</data_item>
      <data_item mem_id="0880" data_id="79f9">0111100111111001</data_item>
      <data_item mem_id="0890" data_id="dbdd">1101101111011101</data_item>
      <data_item mem_id="08a0" data_id="dd5b">1101110101011011</data_item>
      <data_item mem_id="08b0" data_id="7753">0111011101010011</data_item>
      <data_item mem_id="08c0" data_id="f3d3">1111001111010011</data_item>
      <data_item mem_id="08d0" data_id="951d">1001010100011101</data_item>
      <data_item mem_id="08e0" data_id="9d3d">1001110100111101</data_item>
      <data_item mem_id="08f0" data_id="f5b5">1111010110110101</data_item>
      <data_item mem_id="0900" data_id="f7a5">1111011110100101</data_item>
      <data_item mem_id="0910" data_id="3d3d">0011110100111101</data_item>
      <data_item mem_id="0920" data_id="3979">0011100101111001</data_item>
      <data_item mem_id="0930" data_id="f3db">1111001111011011</data_item>
      <data_item mem_id="0940" data_id="df5b">1101111101011011</data_item>
      <data_item mem_id="0950" data_id="9d7b">1001110101111011</data_item>
      <data_item mem_id="0960" data_id="d799">1101011110011001</data_item>
      <data_item mem_id="0970" data_id="df37">1101111100110111</data_item>
      <data_item mem_id="0980" data_id="1735">0001011100110101</data_item>
      <data_item mem_id="0990" data_id="9db7">1001110110110111</data_item>
      <data_item mem_id="09a0" data_id="2435">0010010000110101</data_item>
      <data_item mem_id="09b0" data_id="755d">0111010101011101</data_item>
      <data_item mem_id="09c0" data_id="19f7">0001100111110111</data_item>
      <data_item mem_id="09d0" data_id="5711">0101011100010001</data_item>
      <data_item mem_id="09e0" data_id="5959">0101100101011001</data_item>
      <data_item mem_id="09f0" data_id="5b43">0101101101000011</data_item>
      <data_item mem_id="0a00" data_id="1115">0001000100010101</data_item>
      <data_item mem_id="0a10" data_id="9db5">1001110110110101</data_item>
      <data_item mem_id="0a20" data_id="6475">0110010001110101</data_item>
      <data_item mem_id="0a30" data_id="7515">0111010100010101</data_item>
      <data_item mem_id="0a40" data_id="9fb5">1001111110110101</data_item>
      <data_item mem_id="0a50" data_id="0171">0000000101110001</data_item>
      <data_item mem_id="0a60" data_id="5941">0101100101000001</data_item>
      <data_item mem_id="0a70" data_id="df5f">1101111101011111</data_item>
      <data_item mem_id="0a80" data_id="5f7b">0101111101111011</data_item>
      <data_item mem_id="0a90" data_id="52f3">0101001011110011</data_item>
      <data_item mem_id="0aa0" data_id="d317">1101001100010111</data_item>
      <data_item mem_id="0ab0" data_id="923d">1001001000111101</data_item>
      <data_item mem_id="0ac0" data_id="1df5">0001110111110101</data_item>
      <data_item mem_id="0ad0" data_id="1dfb">0001110111111011</data_item>
      <data_item mem_id="0ae0" data_id="dd5b">1101110101011011</data_item>
      <data_item mem_id="0af0" data_id="7cfb">0111110011111011</data_item>
      <data_item mem_id="0b00" data_id="7775">0111011101110101</data_item>
      <data_item mem_id="0b10" data_id="fb5b">1111101101011011</data_item>
      <data_item mem_id="0b20" data_id="5bc3">0101101111000011</data_item>
      <data_item mem_id="0b30" data_id="535f">0101001101011111</data_item>
      <data_item mem_id="0b40" data_id="df9b">1101111110011011</data_item>
      <data_item mem_id="0b50" data_id="f155">1111000101010101</data_item>
      <data_item mem_id="0b60" data_id="1793">0001011110010011</data_item>
      <data_item mem_id="0b70" data_id="b7b4">1011011110110100</data_item>
      <data_item mem_id="0b80" data_id="3979">0011100101111001</data_item>
      <data_item mem_id="0b90" data_id="f9d9">1111100111011001</data_item>
      <data_item mem_id="0ba0" data_id="5fde">0101111111011110</data_item>
      <data_item mem_id="0bb0" data_id="577b">0101011101111011</data_item>
      <data_item mem_id="0bc0" data_id="5373">0101001101110011</data_item>
      <data_item mem_id="0bd0" data_id="d297">1101001010010111</data_item>
      <data_item mem_id="0be0" data_id="9f9d">1001111110011101</data_item>
      <data_item mem_id="0bf0" data_id="bdb5">1011110110110101</data_item>
      <data_item mem_id="0c00" data_id="f5f7">1111010111110111</data_item>
      <data_item mem_id="0c10" data_id="a53f">1010010100111111</data_item>
      <data_item mem_id="0c20" data_id="1d79">0001110101111001</data_item>
      <data_item mem_id="0c30" data_id="79f9">0111100111111001</data_item>
      <data_item mem_id="0c40" data_id="dbdb">1101101111011011</data_item>
      <data_item mem_id="0c50" data_id="5fdf">0101111111011111</data_item>
      <data_item mem_id="0c60" data_id="ffd7">1111111111010111</data_item>
      <data_item mem_id="0c70" data_id="d7dd">1101011111011101</data_item>
      <data_item mem_id="0c80" data_id="ffff">1111111111111111</data_item>
      <data_item mem_id="0c90" data_id="b5b7">1011010110110111</data_item>
      <data_item mem_id="0ca0" data_id="f63d">1111011000111101</data_item>
      <data_item mem_id="0cb0" data_id="bd7d">1011110101111101</data_item>
      <data_item mem_id="0cc0" data_id="79f9">0111100111111001</data_item>
      <data_item mem_id="0cd0" data_id="5ddf">0101110111011111</data_item>
      <data_item mem_id="0ce0" data_id="5b3a">0101101100111010</data_item>
      <data_item mem_id="0cf0" data_id="33d3">0011001111010011</data_item>
      <data_item mem_id="0d00" data_id="9195">1001000110010101</data_item>
      <data_item mem_id="0d10" data_id="9f9d">1001111110011101</data_item>
      <data_item mem_id="0d20" data_id="9d3d">1001110100111101</data_item>
      <data_item mem_id="0d30" data_id="95bf">1001010110111111</data_item>
      <data_item mem_id="0d40" data_id="3d37">0011110100110111</data_item>
      <data_item mem_id="0d50" data_id="317b">0011000101111011</data_item>
      <data_item mem_id="0d60" data_id="792b">0111100100101011</data_item>
      <data_item mem_id="0d70" data_id="9b99">1001101110011001</data_item>
      <data_item mem_id="0d80" data_id="dbdf">1101101111011111</data_item>
      <data_item mem_id="0d90" data_id="d3d7">1101001111010111</data_item>
      <data_item mem_id="0da0" data_id="f5df">1111010111011111</data_item>
      <data_item mem_id="0db0" data_id="bfbf">1011111110111111</data_item>
      <data_item mem_id="0dc0" data_id="bd31">1011110100110001</data_item>
      <data_item mem_id="0dd0" data_id="b5f5">1011010111110101</data_item>
      <data_item mem_id="0de0" data_id="fdbd">1111110110111101</data_item>
      <data_item mem_id="0df0" data_id="7dfd">0111110111111101</data_item>
      <data_item mem_id="0e00" data_id="7f75">0111111101110101</data_item>
      <data_item mem_id="0e10" data_id="fb7b">1111101101111011</data_item>
      <data_item mem_id="0e20" data_id="7bdf">0111101111011111</data_item>
      <data_item mem_id="0e30" data_id="dffd">1101111111111101</data_item>
      <data_item mem_id="0e40" data_id="9f9d">1001111110011101</data_item>
      <data_item mem_id="0e50" data_id="bdf5">1011110111110101</data_item>
      <data_item mem_id="0e60" data_id="fddf">1111110111011111</data_item>
      <data_item mem_id="0e70" data_id="ffff">1111111111111111</data_item>
      <data_item mem_id="0e80" data_id="9df9">1001110111111001</data_item>
      <data_item mem_id="0e90" data_id="f9fb">1111100111111011</data_item>
      <data_item mem_id="0ea0" data_id="dbdf">1101101111011111</data_item>
      <data_item mem_id="0eb0" data_id="d3df">1101001111011111</data_item>
      <data_item mem_id="0ec0" data_id="dbd7">1101101111010111</data_item>
      <data_item mem_id="0ed0" data_id="f3d5">1111001111010101</data_item>
      <data_item mem_id="0ee0" data_id="979b">1001011110011011</data_item>
      <data_item mem_id="0ef0" data_id="151d">0001010100011101</data_item>
      <data_item mem_id="0f00" data_id="f5fd">1111010111111101</data_item>
      <data_item mem_id="0f10" data_id="f7fd">1111011111111101</data_item>
      <data_item mem_id="0f20" data_id="b9f9">1011100111111001</data_item>
      <data_item mem_id="0f30" data_id="d3fb">1101001111111011</data_item>
      <data_item mem_id="0f40" data_id="7fdf">0111111111011111</data_item>
      <data_item mem_id="0f50" data_id="dffb">1101111111111011</data_item>
      <data_item mem_id="0f60" data_id="db7b">1101101101111011</data_item>
      <data_item mem_id="0f70" data_id="dffb">1101111111111011</data_item>
      <data_item mem_id="0f80" data_id="579f">0101011110011111</data_item>
      <data_item mem_id="0f90" data_id="f5b7">1111010110110111</data_item>
      <data_item mem_id="0fa0" data_id="37b7">0011011110110111</data_item>
      <data_item mem_id="0fb0" data_id="3dbd">0011110110111101</data_item>
      <data_item mem_id="0fc0" data_id="b1f9">1011000111111001</data_item>
      <data_item mem_id="0fd0" data_id="59df">0101100111011111</data_item>
      <data_item mem_id="0fe0" data_id="5f5f">0101111101011111</data_item>
      <data_item mem_id="0ff0" data_id="7b5b">0111101101011011</data_item>
      <data_item mem_id="1000" data_id="7bdb">0111101111011011</data_item>
      <data_item mem_id="1010" data_id="df9d">1101111110011101</data_item>
      <data_item mem_id="1020" data_id="9dbd">1001110110111101</data_item>
      <data_item mem_id="1030" data_id="35f5">0011010111110101</data_item>
      <data_item mem_id="1040" data_id="f7b5">1111011110110101</data_item>
      <data_item mem_id="1050" data_id="b7bd">1011011110111101</data_item>
      <data_item mem_id="1060" data_id="3959">0011100101011001</data_item>
      <data_item mem_id="1070" data_id="f9db">1111100111011011</data_item>
      <data_item mem_id="1080" data_id="db59">1101101101011001</data_item>
      <data_item mem_id="1090" data_id="5f5b">0101111101011011</data_item>
      <data_item mem_id="10a0" data_id="9d77">1001110101110111</data_item>
      <data_item mem_id="10b0" data_id="dfbf">1101111110111111</data_item>
      <data_item mem_id="10c0" data_id="bf35">1011111100110101</data_item>
      <data_item mem_id="10d0" data_id="b7b5">1011011110110101</data_item>
      <data_item mem_id="10e0" data_id="bdbd">1011110110111101</data_item>
      <data_item mem_id="10f0" data_id="bd3d">1011110100111101</data_item>
      <data_item mem_id="1100" data_id="f9ff">1111100111111111</data_item>
      <data_item mem_id="1110" data_id="1f5b">0001111101011011</data_item>
      <data_item mem_id="1120" data_id="737b">0111001101111011</data_item>
      <data_item mem_id="1130" data_id="f391">1111001110010001</data_item>
      <data_item mem_id="1140" data_id="939f">1001001110011111</data_item>
      <data_item mem_id="1150" data_id="9d95">1001110110010101</data_item>
      <data_item mem_id="1160" data_id="dd15">1101110100010101</data_item>
      <data_item mem_id="1170" data_id="f735">1111011100110101</data_item>
      <data_item mem_id="1180" data_id="353d">0011010100111101</data_item>
      <data_item mem_id="1190" data_id="3979">0011100101111001</data_item>
      <data_item mem_id="11a0" data_id="f993">1111100110010011</data_item>
      <data_item mem_id="11b0" data_id="dbde">1101101111011110</data_item>
      <data_item mem_id="11c0" data_id="5d5b">0101110101011011</data_item>
      <data_item mem_id="11d0" data_id="dfff">1101111111111111</data_item>
      <data_item mem_id="11e0" data_id="d79f">1101011110011111</data_item>
      <data_item mem_id="11f0" data_id="9fb9">1001111110111001</data_item>
      <data_item mem_id="1200" data_id="bdff">1011110111111111</data_item>
      <data_item mem_id="1210" data_id="fdff">1111110111111111</data_item>
      <data_item mem_id="1220" data_id="5df7">0101110111110111</data_item>
      <data_item mem_id="1230" data_id="fd79">1111110101111001</data_item>
      <data_item mem_id="1240" data_id="7f1f">0111111100011111</data_item>
      <data_item mem_id="1250" data_id="ffff">1111111111111111</data_item>
      <data_item mem_id="1260" data_id="dfdf">1101111111011111</data_item>
      <data_item mem_id="1270" data_id="dfdd">1101111111011101</data_item>
      <data_item mem_id="1280" data_id="afb3">1010111110110011</data_item>
      <data_item mem_id="1290" data_id="ddf5">1101110111110101</data_item>
      <data_item mem_id="12a0" data_id="f7c7">1111011111000111</data_item>
      <data_item mem_id="12b0" data_id="775d">0111011101011101</data_item>
      <data_item mem_id="12c0" data_id="3939">0011100100111001</data_item>
      <data_item mem_id="12d0" data_id="d1db">1101000111011011</data_item>
      <data_item mem_id="12e0" data_id="db58">1101101101011000</data_item>
      <data_item mem_id="12f0" data_id="5772">0101011101110010</data_item>
      <data_item mem_id="1300" data_id="53f3">0101001111110011</data_item>
      <data_item mem_id="1310" data_id="d397">1101001110010111</data_item>
      <data_item mem_id="1320" data_id="9f9d">1001111110011101</data_item>
      <data_item mem_id="1330" data_id="b575">1011010101110101</data_item>
      <data_item mem_id="1340" data_id="65b5">0110010110110101</data_item>
      <data_item mem_id="1350" data_id="233b">0010001100111011</data_item>
      <data_item mem_id="1360" data_id="3d79">0011110101111001</data_item>
      <data_item mem_id="1370" data_id="79f3">0111100111110011</data_item>
      <data_item mem_id="1380" data_id="dfdf">1101111111011111</data_item>
      <data_item mem_id="1390" data_id="5bdf">0101101111011111</data_item>
      <data_item mem_id="13a0" data_id="fbdb">1111101111011011</data_item>
      <data_item mem_id="13b0" data_id="dfd7">1101111111010111</data_item>
      <data_item mem_id="13c0" data_id="7bf5">0111101111110101</data_item>
      <data_item mem_id="13d0" data_id="3fb5">0011111110110101</data_item>
      <data_item mem_id="13e0" data_id="b73d">1011011100111101</data_item>
      <data_item mem_id="13f0" data_id="35bd">0011010110111101</data_item>
      <data_item mem_id="1400" data_id="fdfd">1111110111111101</data_item>
      <data_item mem_id="1410" data_id="dfdf">1101111111011111</data_item>
      <data_item mem_id="1420" data_id="597b">0101100101111011</data_item>
      <data_item mem_id="1430" data_id="7bdb">0111101111011011</data_item>
      <data_item mem_id="1440" data_id="db9d">1101101110011101</data_item>
      <data_item mem_id="1450" data_id="9f95">1001111110010101</data_item>
      <data_item mem_id="1460" data_id="bdf5">1011110111110101</data_item>
      <data_item mem_id="1470" data_id="35f5">0011010111110101</data_item>
      <data_item mem_id="1480" data_id="b53f">1011010100111111</data_item>
      <data_item mem_id="1490" data_id="b5b9">1011010110111001</data_item>
      <data_item mem_id="14a0" data_id="f9f9">1111100111111001</data_item>
      <data_item mem_id="14b0" data_id="d799">1101011110011001</data_item>
      <data_item mem_id="14c0" data_id="5f5f">0101111101011111</data_item>
      <data_item mem_id="14d0" data_id="31db">0011000111011011</data_item>
      <data_item mem_id="14e0" data_id="fbd7">1111101111010111</data_item>
      <data_item mem_id="14f0" data_id="7fbf">0111111110111111</data_item>
      <data_item mem_id="1500" data_id="bdbd">1011110110111101</data_item>
      <data_item mem_id="1510" data_id="f5fd">1111010111111101</data_item>
      <data_item mem_id="1520" data_id="3dbd">0011110110111101</data_item>
      <data_item mem_id="1530" data_id="3df5">0011110111110101</data_item>
      <data_item mem_id="1540" data_id="ffef">1111111111101111</data_item>
      <data_item mem_id="1550" data_id="5f7b">0101111101111011</data_item>
      <data_item mem_id="1560" data_id="3b51">0011101101010001</data_item>
      <data_item mem_id="1570" data_id="d3d3">1101001111010011</data_item>
      <data_item mem_id="1580" data_id="9f9d">1001111110011101</data_item>
      <data_item mem_id="1590" data_id="bdfd">1011110111111101</data_item>
      <data_item mem_id="15a0" data_id="35a7">0011010110100111</data_item>
      <data_item mem_id="15b0" data_id="b727">1011011100100111</data_item>
      <data_item mem_id="15c0" data_id="3d29">0011110100101001</data_item>
      <data_item mem_id="15d0" data_id="7179">0111000101111001</data_item>
      <data_item mem_id="15e0" data_id="dbdf">1101101111011111</data_item>
      <data_item mem_id="15f0" data_id="5a5f">0101101001011111</data_item>
      <data_item mem_id="1600" data_id="7a53">0111101001010011</data_item>
      <data_item mem_id="1610" data_id="f153">1111000101010011</data_item>
      <data_item mem_id="1620" data_id="979e">1001011110011110</data_item>
      <data_item mem_id="1630" data_id="9d9d">1001110110011101</data_item>
      <data_item mem_id="1640" data_id="35e5">0011010111100101</data_item>
      <data_item mem_id="1650" data_id="e725">1110011100100101</data_item>
      <data_item mem_id="1660" data_id="3b7d">0011101101111101</data_item>
      <data_item mem_id="1670" data_id="5b73">0101101101110011</data_item>
      <data_item mem_id="1680" data_id="fbdf">1111101111011111</data_item>
      <data_item mem_id="1690" data_id="dbd9">1101101111011001</data_item>
      <data_item mem_id="16a0" data_id="d3ff">1101001111111111</data_item>
      <data_item mem_id="16b0" data_id="dfff">1101111111111111</data_item>
      <data_item mem_id="16c0" data_id="df55">1101111101010101</data_item>
      <data_item mem_id="16d0" data_id="fdbb">1111110110111011</data_item>
      <data_item mem_id="16e0" data_id="9bbf">1001101110111111</data_item>
      <data_item mem_id="16f0" data_id="3d7b">0011110101111011</data_item>
      <data_item mem_id="1700" data_id="39fb">0011100111111011</data_item>
      <data_item mem_id="1710" data_id="d9d3">1101100111010011</data_item>
      <data_item mem_id="1720" data_id="5652">0101011001010010</data_item>
      <data_item mem_id="1730" data_id="7150">0111000101010000</data_item>
      <data_item mem_id="1740" data_id="d343">1101001101000011</data_item>
      <data_item mem_id="1750" data_id="1717">0001011100010111</data_item>
      <data_item mem_id="1760" data_id="1d9d">0001110110011101</data_item>
      <data_item mem_id="1770" data_id="f565">1111010101100101</data_item>
      <data_item mem_id="1780" data_id="7731">0111011100110001</data_item>
      <data_item mem_id="1790" data_id="3f3d">0011111100111101</data_item>
      <data_item mem_id="17a0" data_id="7170">0111000101110000</data_item>
      <data_item mem_id="17b0" data_id="7159">0111000101011001</data_item>
      <data_item mem_id="17c0" data_id="d9c6">1101100111000110</data_item>
      <data_item mem_id="17d0" data_id="5773">0101011101110011</data_item>
      <data_item mem_id="17e0" data_id="51f3">0101000111110011</data_item>
      <data_item mem_id="17f0" data_id="d217">1101001000010111</data_item>
      <data_item mem_id="1800" data_id="0715">0000011100010101</data_item>
      <data_item mem_id="1810" data_id="bfbd">1011111110111101</data_item>
      <data_item mem_id="1820" data_id="bdf7">1011110111110111</data_item>
      <data_item mem_id="1830" data_id="bddd">1011110111011101</data_item>
      <data_item mem_id="1840" data_id="d9fd">1101100111111101</data_item>
      <data_item mem_id="1850" data_id="9e19">1001111000011001</data_item>
      <data_item mem_id="1860" data_id="d9d8">1101100111011000</data_item>
      <data_item mem_id="1870" data_id="d5d7">1101010111010111</data_item>
      <data_item mem_id="1880" data_id="979d">1001011110011101</data_item>
      <data_item mem_id="1890" data_id="1d9d">0001110110011101</data_item>
      <data_item mem_id="18a0" data_id="f5ad">1111010110101101</data_item>
      <data_item mem_id="18b0" data_id="bddd">1011110111011101</data_item>
      <data_item mem_id="18c0" data_id="1f35">0001111100110101</data_item>
      <data_item mem_id="18d0" data_id="7979">0111100101111001</data_item>
      <data_item mem_id="18e0" data_id="b9db">1011100111011011</data_item>
      <data_item mem_id="18f0" data_id="dbde">1101101111011110</data_item>
      <data_item mem_id="1900" data_id="db99">1101101110011001</data_item>
      <data_item mem_id="1910" data_id="d6f3">1101011011110011</data_item>
      <data_item mem_id="1920" data_id="9214">1001001000010100</data_item>
      <data_item mem_id="1930" data_id="151d">0001010100011101</data_item>
      <data_item mem_id="1940" data_id="9da5">1001110110100101</data_item>
      <data_item mem_id="1950" data_id="7575">0111010101110101</data_item>
      <data_item mem_id="1960" data_id="055d">0000010101011101</data_item>
      <data_item mem_id="1970" data_id="fd31">1111110100110001</data_item>
      <data_item mem_id="1980" data_id="7175">0111000101110101</data_item>
      <data_item mem_id="1990" data_id="d9ff">1101100111111111</data_item>
      <data_item mem_id="19a0" data_id="7357">0111001101010111</data_item>
      <data_item mem_id="19b0" data_id="7159">0111000101011001</data_item>
      <data_item mem_id="19c0" data_id="de87">1101111010000111</data_item>
      <data_item mem_id="19d0" data_id="4575">0100010101110101</data_item>
      <data_item mem_id="19e0" data_id="159d">0001010110011101</data_item>
      <data_item mem_id="19f0" data_id="9d35">1001110100110101</data_item>
      <data_item mem_id="1a00" data_id="7355">0111001101010101</data_item>
      <data_item mem_id="1a10" data_id="99d9">1001100111011001</data_item>
      <data_item mem_id="1a20" data_id="57de">0101011111011110</data_item>
      <data_item mem_id="1a30" data_id="5178">0101000101111000</data_item>
      <data_item mem_id="1a40" data_id="5fdb">0101111111011011</data_item>
      <data_item mem_id="1a50" data_id="db1f">1101101100011111</data_item>
      <data_item mem_id="1a60" data_id="959d">1001010110011101</data_item>
      <data_item mem_id="1a70" data_id="bd91">1011110110010001</data_item>
      <data_item mem_id="1a80" data_id="d5fd">1101010111111101</data_item>
      <data_item mem_id="1a90" data_id="9dbf">1001110110111111</data_item>
      <data_item mem_id="1aa0" data_id="bdb9">1011110110111001</data_item>
      <data_item mem_id="1ab0" data_id="f9d9">1111100111011001</data_item>
      <data_item mem_id="1ac0" data_id="dbdb">1101101111011011</data_item>
      <data_item mem_id="1ad0" data_id="dbdf">1101101111011111</data_item>
      <data_item mem_id="1ae0" data_id="fbdb">1111101111011011</data_item>
      <data_item mem_id="1af0" data_id="7fdd">0111111111011101</data_item>
      <data_item mem_id="1b00" data_id="1fdf">0001111111011111</data_item>
      <data_item mem_id="1b10" data_id="9fbf">1001111110111111</data_item>
      <data_item mem_id="1b20" data_id="bbb9">1011101110111001</data_item>
      <data_item mem_id="1b30" data_id="fdbd">1111110110111101</data_item>
      <data_item mem_id="1b40" data_id="fffd">1111111111111101</data_item>
      <data_item mem_id="1b50" data_id="df5f">1101111101011111</data_item>
      <data_item mem_id="1b60" data_id="5bfb">0101101111111011</data_item>
      <data_item mem_id="1b70" data_id="fbdb">1111101111011011</data_item>
      <data_item mem_id="1b80" data_id="dfbf">1101111110111111</data_item>
      <data_item mem_id="1b90" data_id="9f1d">1001111100011101</data_item>
      <data_item mem_id="1ba0" data_id="3dfd">0011110111111101</data_item>
      <data_item mem_id="1bb0" data_id="fdfd">1111110111111101</data_item>
      <data_item mem_id="1bc0" data_id="bdbf">1011110110111111</data_item>
      <data_item mem_id="1bd0" data_id="3d3b">0011110100111011</data_item>
      <data_item mem_id="1be0" data_id="7b7b">0111101101111011</data_item>
      <data_item mem_id="1bf0" data_id="db9d">1101101110011101</data_item>
      <data_item mem_id="1c00" data_id="dbdf">1101101111011111</data_item>
      <data_item mem_id="1c10" data_id="fcd6">1111110011010110</data_item>
      <data_item mem_id="1c20" data_id="f7d5">1111011111010101</data_item>
      <data_item mem_id="1c30" data_id="a7b5">1010011110110101</data_item>
      <data_item mem_id="1c40" data_id="9d3d">1001110100111101</data_item>
      <data_item mem_id="1c50" data_id="ddfd">1101110111111101</data_item>
      <data_item mem_id="1c60" data_id="ffbd">1111111110111101</data_item>
      <data_item mem_id="1c70" data_id="7ff5">0111111111110101</data_item>
      <data_item mem_id="1c80" data_id="b7bf">1011011110111111</data_item>
      <data_item mem_id="1c90" data_id="bff5">1011111111110101</data_item>
      <data_item mem_id="1ca0" data_id="bdb9">1011110110111001</data_item>
      <data_item mem_id="1cb0" data_id="dffd">1101111111111101</data_item>
      <data_item mem_id="1cc0" data_id="9dbd">1001110110111101</data_item>
      <data_item mem_id="1cd0" data_id="b5f5">1011010111110101</data_item>
      <data_item mem_id="1ce0" data_id="f5ff">1111010111111111</data_item>
      <data_item mem_id="1cf0" data_id="bd6f">1011110101101111</data_item>
      <data_item mem_id="1d00" data_id="5d79">0101110101111001</data_item>
      <data_item mem_id="1d10" data_id="393d">0011100100111101</data_item>
      <data_item mem_id="1d20" data_id="dbd7">1101101111010111</data_item>
      <data_item mem_id="1d30" data_id="df5d">1101111101011101</data_item>
      <data_item mem_id="1d40" data_id="7bd3">0111101111010011</data_item>
      <data_item mem_id="1d50" data_id="f3d3">1111001111010011</data_item>
      <data_item mem_id="1d60" data_id="979f">1001011110011111</data_item>
      <data_item mem_id="1d70" data_id="9dbd">1001110110111101</data_item>
      <data_item mem_id="1d80" data_id="fded">1111110111101101</data_item>
      <data_item mem_id="1d90" data_id="ffa5">1111111110100101</data_item>
      <data_item mem_id="1da0" data_id="7f5d">0111111101011101</data_item>
      <data_item mem_id="1db0" data_id="3979">0011100101111001</data_item>
      <data_item mem_id="1dc0" data_id="f9db">1111100111011011</data_item>
      <data_item mem_id="1dd0" data_id="dfdb">1101111111011011</data_item>
      <data_item mem_id="1de0" data_id="9fdb">1001111111011011</data_item>
      <data_item mem_id="1df0" data_id="d3d2">1101001111010010</data_item>
      <data_item mem_id="1e00" data_id="dbdf">1101101111011111</data_item>
      <data_item mem_id="1e10" data_id="dd9f">1101110110011111</data_item>
      <data_item mem_id="1e20" data_id="bf97">1011111110010111</data_item>
      <data_item mem_id="1e30" data_id="3dfd">0011110111111101</data_item>
      <data_item mem_id="1e40" data_id="99fb">1001100111111011</data_item>
      <data_item mem_id="1e50" data_id="d95f">1101100101011111</data_item>
      <data_item mem_id="1e60" data_id="5f5b">0101111101011011</data_item>
      <data_item mem_id="1e70" data_id="7bdf">0111101111011111</data_item>
      <data_item mem_id="1e80" data_id="f3d7">1111001111010111</data_item>
      <data_item mem_id="1e90" data_id="9b9f">1001101110011111</data_item>
      <data_item mem_id="1ea0" data_id="9db9">1001110110111001</data_item>
      <data_item mem_id="1eb0" data_id="fdfd">1111110111111101</data_item>
      <data_item mem_id="1ec0" data_id="b2bd">1011001010111101</data_item>
      <data_item mem_id="1ed0" data_id="9ff5">1001111111110101</data_item>
      <data_item mem_id="1ee0" data_id="99fd">1001100111111101</data_item>
      <data_item mem_id="1ef0" data_id="f9db">1111100111011011</data_item>
      <data_item mem_id="1f00" data_id="dfdf">1101111111011111</data_item>
      <data_item mem_id="1f10" data_id="dffb">1101111111111011</data_item>
      <data_item mem_id="1f20" data_id="97ff">1001011111111111</data_item>
      <data_item mem_id="1f30" data_id="df1b">1101111100011011</data_item>
      <data_item mem_id="1f40" data_id="97dd">1001011111011101</data_item>
      <data_item mem_id="1f50" data_id="efff">1110111111111111</data_item>
      <data_item mem_id="1f60" data_id="fdfd">1111110111111101</data_item>
      <data_item mem_id="1f70" data_id="bdbd">1011110110111101</data_item>
      <data_item mem_id="1f80" data_id="bdfd">1011110111111101</data_item>
      <data_item mem_id="1f90" data_id="dddf">1101110111011111</data_item>
      <data_item mem_id="1fa0" data_id="ff7f">1111111101111111</data_item>
      <data_item mem_id="1fb0" data_id="ffd7">1111111111010111</data_item>
      <data_item mem_id="1fc0" data_id="b39e">1011001110011110</data_item>
      <data_item mem_id="1fd0" data_id="3df5">0011110111110101</data_item>
      <data_item mem_id="1fe0" data_id="f57d">1111010101111101</data_item>
      <data_item mem_id="1ff0" data_id="7df5">0111110111110101</data_item>
      <data_item mem_id="2000" data_id="bdbd">1011110110111101</data_item>
      <data_item mem_id="2010" data_id="3bd9">0011101111011001</data_item>
      <data_item mem_id="2020" data_id="bbdb">1011101111011011</data_item>
      <data_item mem_id="2030" data_id="dbdf">1101101111011111</data_item>
      <data_item mem_id="2040" data_id="ddfd">1101110111111101</data_item>
      <data_item mem_id="2050" data_id="d7ff">1101011111111111</data_item>
      <data_item mem_id="2060" data_id="9fbf">1001111110111111</data_item>
      <data_item mem_id="2070" data_id="bfbd">1011111110111101</data_item>
      <data_item mem_id="2080" data_id="bdbd">1011110110111101</data_item>
      <data_item mem_id="2090" data_id="fd7d">1111110101111101</data_item>
      <data_item mem_id="20a0" data_id="bdff">1011110111111111</data_item>
      <data_item mem_id="20b0" data_id="bdb9">1011110110111001</data_item>
      <data_item mem_id="20c0" data_id="7fd3">0111111111010011</data_item>
      <data_item mem_id="20d0" data_id="d373">1101001101110011</data_item>
      <data_item mem_id="20e0" data_id="fb9f">1111101110011111</data_item>
      <data_item mem_id="20f0" data_id="3fdb">0011111111011011</data_item>
      <data_item mem_id="2100" data_id="ffbf">1111111110111111</data_item>
      <data_item mem_id="2110" data_id="fdfd">1111110111111101</data_item>
      <data_item mem_id="2120" data_id="b73f">1011011100111111</data_item>
      <data_item mem_id="2130" data_id="bfbd">1011111110111101</data_item>
      <data_item mem_id="2140" data_id="fbf9">1111101111111001</data_item>
      <data_item mem_id="2150" data_id="7cdb">0111110011011011</data_item>
      <data_item mem_id="2160" data_id="5f5f">0101111101011111</data_item>
      <data_item mem_id="2170" data_id="dfff">1101111111111111</data_item>
      <data_item mem_id="2180" data_id="5ffb">0101111111111011</data_item>
      <data_item mem_id="2190" data_id="5fbf">0101111110111111</data_item>
      <data_item mem_id="21a0" data_id="9f9d">1001111110011101</data_item>
      <data_item mem_id="21b0" data_id="bd95">1011110110010101</data_item>
      <data_item mem_id="21c0" data_id="adfd">1010110111111101</data_item>
      <data_item mem_id="21d0" data_id="fd3d">1111110100111101</data_item>
      <data_item mem_id="21e0" data_id="5d7b">0101110101111011</data_item>
      <data_item mem_id="21f0" data_id="73db">0111001111011011</data_item>
      <data_item mem_id="2200" data_id="dbdb">1101101111011011</data_item>
      <data_item mem_id="2210" data_id="5bcf">0101101111001111</data_item>
      <data_item mem_id="2220" data_id="fbd7">1111101111010111</data_item>
      <data_item mem_id="2230" data_id="d7df">1101011111011111</data_item>
      <data_item mem_id="2240" data_id="b7fb">1011011111111011</data_item>
      <data_item mem_id="2250" data_id="b7b9">1011011110111001</data_item>
      <data_item mem_id="2260" data_id="b3dd">1011001111011101</data_item>
      <data_item mem_id="2270" data_id="9d3d">1001110100111101</data_item>
      <data_item mem_id="2280" data_id="f9f9">1111100111111001</data_item>
      <data_item mem_id="2290" data_id="df5b">1101111101011011</data_item>
      <data_item mem_id="22a0" data_id="5f5f">0101111101011111</data_item>
      <data_item mem_id="22b0" data_id="70f3">0111000011110011</data_item>
      <data_item mem_id="22c0" data_id="d395">1101001110010101</data_item>
      <data_item mem_id="22d0" data_id="9b99">1001101110011001</data_item>
      <data_item mem_id="22e0" data_id="bdf5">1011110111110101</data_item>
      <data_item mem_id="22f0" data_id="a5f7">1010010111110111</data_item>
      <data_item mem_id="2300" data_id="b53f">1011010100111111</data_item>
      <data_item mem_id="2310" data_id="3939">0011100100111001</data_item>
      <data_item mem_id="2320" data_id="79f9">0111100111111001</data_item>
      <data_item mem_id="2330" data_id="dbdf">1101101111011111</data_item>
      <data_item mem_id="2340" data_id="5f5f">0101111101011111</data_item>
      <data_item mem_id="2350" data_id="5ad3">0101101011010011</data_item>
      <data_item mem_id="2360" data_id="f3d7">1111001111010111</data_item>
      <data_item mem_id="2370" data_id="b73f">1011011100111111</data_item>
      <data_item mem_id="2380" data_id="b5bd">1011010110111101</data_item>
      <data_item mem_id="2390" data_id="f7fd">1111011111111101</data_item>
      <data_item mem_id="23a0" data_id="bfbd">1011111110111101</data_item>
      <data_item mem_id="23b0" data_id="7dd9">0111110111011001</data_item>
      <data_item mem_id="23c0" data_id="7ffd">0111111111111101</data_item>
      <data_item mem_id="23d0" data_id="7f7f">0111111101111111</data_item>
      <data_item mem_id="23e0" data_id="797b">0111100101111011</data_item>
      <data_item mem_id="23f0" data_id="d393">1101001110010011</data_item>
      <data_item mem_id="2400" data_id="9f9d">1001111110011101</data_item>
      <data_item mem_id="2410" data_id="95fd">1001010111111101</data_item>
      <data_item mem_id="2420" data_id="e537">1110010100110111</data_item>
      <data_item mem_id="2430" data_id="b53d">1011010100111101</data_item>
      <data_item mem_id="2440" data_id="3d31">0011110100110001</data_item>
      <data_item mem_id="2450" data_id="39f9">0011100111111001</data_item>
      <data_item mem_id="2460" data_id="dbdf">1101101111011111</data_item>
      <data_item mem_id="2470" data_id="5f5a">0101111101011010</data_item>
      <data_item mem_id="2480" data_id="7b13">0111101100010011</data_item>
      <data_item mem_id="2490" data_id="b153">1011000101010011</data_item>
      <data_item mem_id="24a0" data_id="9797">1001011110010111</data_item>
      <data_item mem_id="24b0" data_id="953d">1001010100111101</data_item>
      <data_item mem_id="24c0" data_id="35e5">0011010111100101</data_item>
      <data_item mem_id="24d0" data_id="f7bd">1111011110111101</data_item>
      <data_item mem_id="24e0" data_id="3f3d">0011111100111101</data_item>
      <data_item mem_id="24f0" data_id="3179">0011000101111001</data_item>
      <data_item mem_id="2500" data_id="79db">0111100111011011</data_item>
      <data_item mem_id="2510" data_id="db7b">1101101101111011</data_item>
      <data_item mem_id="2520" data_id="5bfb">0101101111111011</data_item>
      <data_item mem_id="2530" data_id="dbdf">1101101111011111</data_item>
      <data_item mem_id="2540" data_id="dbd7">1101101111010111</data_item>
      <data_item mem_id="2550" data_id="dd95">1101110110010101</data_item>
      <data_item mem_id="2560" data_id="b7b5">1011011110110101</data_item>
      <data_item mem_id="2570" data_id="3d39">0011110100111001</data_item>
      <data_item mem_id="2580" data_id="39f9">0011100111111001</data_item>
      <data_item mem_id="2590" data_id="d95f">1101100101011111</data_item>
      <data_item mem_id="25a0" data_id="9f1e">1001111100011110</data_item>
      <data_item mem_id="25b0" data_id="5b51">0101101101010001</data_item>
      <data_item mem_id="25c0" data_id="f3d3">1111001111010011</data_item>
      <data_item mem_id="25d0" data_id="979f">1001011110011111</data_item>
      <data_item mem_id="25e0" data_id="9c1d">1001110000011101</data_item>
      <data_item mem_id="25f0" data_id="d5e5">1101010111100101</data_item>
      <data_item mem_id="2600" data_id="f3b5">1111001110110101</data_item>
      <data_item mem_id="2610" data_id="3f3d">0011111100111101</data_item>
      <data_item mem_id="2620" data_id="3959">0011100101011001</data_item>
      <data_item mem_id="2630" data_id="f9db">1111100111011011</data_item>
      <data_item mem_id="2640" data_id="db5e">1101101101011110</data_item>
      <data_item mem_id="2650" data_id="5adb">0101101011011011</data_item>
      <data_item mem_id="2660" data_id="57f7">0101011111110111</data_item>
      <data_item mem_id="2670" data_id="5397">0101001110010111</data_item>
      <data_item mem_id="2680" data_id="9f9d">1001111110011101</data_item>
      <data_item mem_id="2690" data_id="f1b3">1111000110110011</data_item>
      <data_item mem_id="26a0" data_id="2521">0010010100100001</data_item>
      <data_item mem_id="26b0" data_id="351d">0011010100011101</data_item>
      <data_item mem_id="26c0" data_id="a925">1010100100100101</data_item>
      <data_item mem_id="26d0" data_id="4053">0100000001010011</data_item>
      <data_item mem_id="26e0" data_id="5b7b">0101101101111011</data_item>
      <data_item mem_id="26f0" data_id="7353">0111001101010011</data_item>
      <data_item mem_id="2700" data_id="1715">0001011100010101</data_item>
      <data_item mem_id="2710" data_id="9d15">1001110100010101</data_item>
      <data_item mem_id="2720" data_id="7465">0111010001100101</data_item>
      <data_item mem_id="2730" data_id="3715">0011011100010101</data_item>
      <data_item mem_id="2740" data_id="3724">0011011100100100</data_item>
      <data_item mem_id="2750" data_id="3071">0011000001110001</data_item>
      <data_item mem_id="2760" data_id="59d9">0101100111011001</data_item>
      <data_item mem_id="2770" data_id="d747">1101011101000111</data_item>
      <data_item mem_id="2780" data_id="4553">0100010101010011</data_item>
      <data_item mem_id="2790" data_id="5bf9">0101101111111001</data_item>
      <data_item mem_id="27a0" data_id="dfdf">1101111111011111</data_item>
      <data_item mem_id="27b0" data_id="959d">1001010110011101</data_item>
      <data_item mem_id="27c0" data_id="9db5">1001110110110101</data_item>
      <data_item mem_id="27d0" data_id="fdfd">1111110111111101</data_item>
      <data_item mem_id="27e0" data_id="8d9d">1000110110011101</data_item>
      <data_item mem_id="27f0" data_id="1d63">0001110101100011</data_item>
   </data>
 </resultfile>
