<?xml version="1.0" encoding="ISO-8859-1"?>
 <resultfile>
   <header>
      <link id="39-30">
        <source_moteid>39</source_moteid>
        <dest_moteid>30</dest_moteid>
      </link>
      <filedate>Thu Jul 21 15:08:34 2011</filedate>
      <channels>
        <num_channels>4</num_channels>
        <channel_ids>11.12.13.14</channel_ids>
      </channels>
   </header>
   <data>
      <data_item mem_id="0000" data_id="bdbb">1011110110111011</data_item>
      <data_item mem_id="0010" data_id="b9e9">1011100111101001</data_item>
      <data_item mem_id="0020" data_id="5bcf">0101101111001111</data_item>
      <data_item mem_id="0030" data_id="59db">0101100111011011</data_item>
      <data_item mem_id="0040" data_id="5bdb">0101101111011011</data_item>
      <data_item mem_id="0050" data_id="fa18">1111101000011000</data_item>
      <data_item mem_id="0060" data_id="bf9e">1011111110011110</data_item>
      <data_item mem_id="0070" data_id="95bd">1001010110111101</data_item>
      <data_item mem_id="0080" data_id="b5bd">1011010110111101</data_item>
      <data_item mem_id="0090" data_id="fdbd">1111110110111101</data_item>
      <data_item mem_id="00a0" data_id="2dbd">0010110110111101</data_item>
      <data_item mem_id="00b0" data_id="abfb">1010101111111011</data_item>
      <data_item mem_id="00c0" data_id="eb5b">1110101101011011</data_item>
      <data_item mem_id="00d0" data_id="d91b">1101100100011011</data_item>
      <data_item mem_id="00e0" data_id="9fdb">1001111111011011</data_item>
      <data_item mem_id="00f0" data_id="d8ff">1101100011111111</data_item>
      <data_item mem_id="0100" data_id="dff5">1101111111110101</data_item>
      <data_item mem_id="0110" data_id="fcb7">1111110010110111</data_item>
      <data_item mem_id="0120" data_id="bdb5">1011110110110101</data_item>
      <data_item mem_id="0130" data_id="9db9">1001110110111001</data_item>
      <data_item mem_id="0140" data_id="99e9">1001100111101001</data_item>
      <data_item mem_id="0150" data_id="db8f">1101101110001111</data_item>
      <data_item mem_id="0160" data_id="5d8a">0101110110001010</data_item>
      <data_item mem_id="0170" data_id="7bb9">0111101110111001</data_item>
      <data_item mem_id="0180" data_id="b9da">1011100111011010</data_item>
      <data_item mem_id="0190" data_id="bb9f">1011101110011111</data_item>
      <data_item mem_id="01a0" data_id="b5bc">1011010110111100</data_item>
      <data_item mem_id="01b0" data_id="b5bd">1011010110111101</data_item>
      <data_item mem_id="01c0" data_id="f5bd">1111010110111101</data_item>
      <data_item mem_id="01d0" data_id="bfbd">1011111110111101</data_item>
      <data_item mem_id="01e0" data_id="b9b9">1011100110111001</data_item>
      <data_item mem_id="01f0" data_id="ab5b">1010101101011011</data_item>
      <data_item mem_id="0200" data_id="db5b">1101101101011011</data_item>
      <data_item mem_id="0210" data_id="9fdb">1001111111011011</data_item>
      <data_item mem_id="0220" data_id="dbbb">1101101110111011</data_item>
      <data_item mem_id="0230" data_id="dabf">1101101010111111</data_item>
      <data_item mem_id="0240" data_id="b6b5">1011011010110101</data_item>
      <data_item mem_id="0250" data_id="bfb7">1011111110110111</data_item>
      <data_item mem_id="0260" data_id="bdbd">1011110110111101</data_item>
      <data_item mem_id="0270" data_id="9dcf">1001110111001111</data_item>
      <data_item mem_id="0280" data_id="79ef">0111100111101111</data_item>
      <data_item mem_id="0290" data_id="4fcb">0100111111001011</data_item>
      <data_item mem_id="02a0" data_id="7bfb">0111101111111011</data_item>
      <data_item mem_id="02b0" data_id="0bdb">0000101111011011</data_item>
      <data_item mem_id="02c0" data_id="9b9e">1001101110011110</data_item>
      <data_item mem_id="02d0" data_id="bdac">1011110110101100</data_item>
      <data_item mem_id="02e0" data_id="f5fd">1111010111111101</data_item>
      <data_item mem_id="02f0" data_id="f79d">1111011110011101</data_item>
      <data_item mem_id="0300" data_id="9fbd">1001111110111101</data_item>
      <data_item mem_id="0310" data_id="89f9">1000100111111001</data_item>
      <data_item mem_id="0320" data_id="e919">1110100100011001</data_item>
      <data_item mem_id="0330" data_id="cb5b">1100101101011011</data_item>
      <data_item mem_id="0340" data_id="cfdb">1100111111011011</data_item>
      <data_item mem_id="0350" data_id="d3f3">1101001111110011</data_item>
      <data_item mem_id="0360" data_id="da90">1101101010010000</data_item>
      <data_item mem_id="0370" data_id="1eb5">0001111010110101</data_item>
      <data_item mem_id="0380" data_id="b8b5">1011100010110101</data_item>
      <data_item mem_id="0390" data_id="9dfd">1001110111111101</data_item>
      <data_item mem_id="03a0" data_id="b19f">1011000110011111</data_item>
      <data_item mem_id="03b0" data_id="b9a3">1011100110100011</data_item>
      <data_item mem_id="03c0" data_id="3fe9">0011111111101001</data_item>
      <data_item mem_id="03d0" data_id="7bfb">0111101111111011</data_item>
      <data_item mem_id="03e0" data_id="5bdb">0101101111011011</data_item>
      <data_item mem_id="03f0" data_id="dbda">1101101111011010</data_item>
      <data_item mem_id="0400" data_id="df9e">1101111110011110</data_item>
      <data_item mem_id="0410" data_id="f1fc">1111000111111100</data_item>
      <data_item mem_id="0420" data_id="b7af">1011011110101111</data_item>
      <data_item mem_id="0430" data_id="91bd">1001000110111101</data_item>
      <data_item mem_id="0440" data_id="3bb9">0011101110111001</data_item>
      <data_item mem_id="0450" data_id="f9db">1111100111011011</data_item>
      <data_item mem_id="0460" data_id="cf5b">1100111101011011</data_item>
      <data_item mem_id="0470" data_id="df3b">1101111100111011</data_item>
      <data_item mem_id="0480" data_id="dbf9">1101101111111001</data_item>
      <data_item mem_id="0490" data_id="dabf">1101101010111111</data_item>
      <data_item mem_id="04a0" data_id="9eb5">1001111010110101</data_item>
      <data_item mem_id="04b0" data_id="bdb5">1011110110110101</data_item>
      <data_item mem_id="04c0" data_id="bdf9">1011110111111001</data_item>
      <data_item mem_id="04d0" data_id="bdbf">1011110110111111</data_item>
      <data_item mem_id="04e0" data_id="9db9">1001110110111001</data_item>
      <data_item mem_id="04f0" data_id="fba9">1111101110101001</data_item>
      <data_item mem_id="0500" data_id="59d9">0101100111011001</data_item>
      <data_item mem_id="0510" data_id="19ff">0001100111111111</data_item>
      <data_item mem_id="0520" data_id="db92">1101101110010010</data_item>
      <data_item mem_id="0530" data_id="db88">1101101110001000</data_item>
      <data_item mem_id="0540" data_id="b5fa">1011010111111010</data_item>
      <data_item mem_id="0550" data_id="b1b9">1011000110111001</data_item>
      <data_item mem_id="0560" data_id="913d">1001000100111101</data_item>
      <data_item mem_id="0570" data_id="bdbd">1011110110111101</data_item>
      <data_item mem_id="0580" data_id="a9f9">1010100111111001</data_item>
      <data_item mem_id="0590" data_id="cd5f">1100110101011111</data_item>
      <data_item mem_id="05a0" data_id="cb2b">1100101100101011</data_item>
      <data_item mem_id="05b0" data_id="bbdb">1011101111011011</data_item>
      <data_item mem_id="05c0" data_id="9bbb">1001101110111011</data_item>
      <data_item mem_id="05d0" data_id="9a91">1001101010010001</data_item>
      <data_item mem_id="05e0" data_id="bcb5">1011110010110101</data_item>
      <data_item mem_id="05f0" data_id="bdf7">1011110111110111</data_item>
      <data_item mem_id="0600" data_id="b9be">1011100110111110</data_item>
      <data_item mem_id="0610" data_id="b9bb">1011100110111011</data_item>
      <data_item mem_id="0620" data_id="f9fb">1111100111111011</data_item>
      <data_item mem_id="0630" data_id="5bdb">0101101111011011</data_item>
      <data_item mem_id="0640" data_id="5bdf">0101101111011111</data_item>
      <data_item mem_id="0650" data_id="dbdb">1101101111011011</data_item>
      <data_item mem_id="0660" data_id="8bca">1000101111001010</data_item>
      <data_item mem_id="0670" data_id="bf9e">1011111110011110</data_item>
      <data_item mem_id="0680" data_id="b5bd">1011010110111101</data_item>
      <data_item mem_id="0690" data_id="b53d">1011010100111101</data_item>
      <data_item mem_id="06a0" data_id="fdad">1111110110101101</data_item>
      <data_item mem_id="06b0" data_id="9f9d">1001111110011101</data_item>
      <data_item mem_id="06c0" data_id="ef3f">1110111100111111</data_item>
      <data_item mem_id="06d0" data_id="e379">1110001101111001</data_item>
      <data_item mem_id="06e0" data_id="fb5b">1111101101011011</data_item>
      <data_item mem_id="06f0" data_id="dbdb">1101101111011011</data_item>
      <data_item mem_id="0700" data_id="9e9d">1001111010011101</data_item>
      <data_item mem_id="0710" data_id="9cf5">1001110011110101</data_item>
      <data_item mem_id="0720" data_id="f897">1111100010010111</data_item>
      <data_item mem_id="0730" data_id="9fb9">1001111110111001</data_item>
      <data_item mem_id="0740" data_id="9da3">1001110110100011</data_item>
      <data_item mem_id="0750" data_id="a9eb">1010100111101011</data_item>
      <data_item mem_id="0760" data_id="53cf">0101001111001111</data_item>
      <data_item mem_id="0770" data_id="5bdf">0101101111011111</data_item>
      <data_item mem_id="0780" data_id="5bdb">0101101111011011</data_item>
      <data_item mem_id="0790" data_id="7b9a">0111101110011010</data_item>
      <data_item mem_id="07a0" data_id="bf9a">1011111110011010</data_item>
      <data_item mem_id="07b0" data_id="15bc">0001010110111100</data_item>
      <data_item mem_id="07c0" data_id="b5bd">1011010110111101</data_item>
      <data_item mem_id="07d0" data_id="b9b9">1011100110111001</data_item>
      <data_item mem_id="07e0" data_id="bfb9">1011111110111001</data_item>
      <data_item mem_id="07f0" data_id="abfb">1010101111111011</data_item>
      <data_item mem_id="0800" data_id="eb5b">1110101101011011</data_item>
      <data_item mem_id="0810" data_id="db5b">1101101101011011</data_item>
      <data_item mem_id="0820" data_id="dbdb">1101101111011011</data_item>
      <data_item mem_id="0830" data_id="5aff">0101101011111111</data_item>
      <data_item mem_id="0840" data_id="deb4">1101111010110100</data_item>
      <data_item mem_id="0850" data_id="fdb7">1111110110110111</data_item>
      <data_item mem_id="0860" data_id="b9b1">1011100110110001</data_item>
      <data_item mem_id="0870" data_id="bdf1">1011110111110001</data_item>
      <data_item mem_id="0880" data_id="b9eb">1011100111101011</data_item>
      <data_item mem_id="0890" data_id="dbcd">1101101111001101</data_item>
      <data_item mem_id="08a0" data_id="5d8b">0101110110001011</data_item>
      <data_item mem_id="08b0" data_id="5bdb">0101101111011011</data_item>
      <data_item mem_id="08c0" data_id="fa9a">1111101010011010</data_item>
      <data_item mem_id="08d0" data_id="b99c">1011100110011100</data_item>
      <data_item mem_id="08e0" data_id="b0bc">1011000010111100</data_item>
      <data_item mem_id="08f0" data_id="b5bd">1011010110111101</data_item>
      <data_item mem_id="0900" data_id="f5bd">1111010110111101</data_item>
      <data_item mem_id="0910" data_id="bdad">1011110110101101</data_item>
      <data_item mem_id="0920" data_id="a9f9">1010100111111001</data_item>
      <data_item mem_id="0930" data_id="e35b">1110001101011011</data_item>
      <data_item mem_id="0940" data_id="9b1b">1001101100011011</data_item>
      <data_item mem_id="0950" data_id="9ddb">1001110111011011</data_item>
      <data_item mem_id="0960" data_id="db99">1101101110011001</data_item>
      <data_item mem_id="0970" data_id="da26">1101101000100110</data_item>
      <data_item mem_id="0980" data_id="2635">0010011000110101</data_item>
      <data_item mem_id="0990" data_id="9db5">1001110110110101</data_item>
      <data_item mem_id="09a0" data_id="2424">0010010000100100</data_item>
      <data_item mem_id="09b0" data_id="356d">0011010101101101</data_item>
      <data_item mem_id="09c0" data_id="99e6">1001100111100110</data_item>
      <data_item mem_id="09d0" data_id="4601">0100011000000001</data_item>
      <data_item mem_id="09e0" data_id="7bd9">0111101111011001</data_item>
      <data_item mem_id="09f0" data_id="9a42">1001101001000010</data_item>
      <data_item mem_id="0a00" data_id="0116">0000000100010110</data_item>
      <data_item mem_id="0a10" data_id="9dbc">1001110110111100</data_item>
      <data_item mem_id="0a20" data_id="6464">0110010001100100</data_item>
      <data_item mem_id="0a30" data_id="711d">0111000100011101</data_item>
      <data_item mem_id="0a40" data_id="bfb4">1011111110110100</data_item>
      <data_item mem_id="0a50" data_id="0271">0000001001110001</data_item>
      <data_item mem_id="0a60" data_id="7941">0111100101000001</data_item>
      <data_item mem_id="0a70" data_id="8b5b">1000101101011011</data_item>
      <data_item mem_id="0a80" data_id="dfdb">1101111111011011</data_item>
      <data_item mem_id="0a90" data_id="dbbb">1101101110111011</data_item>
      <data_item mem_id="0aa0" data_id="929f">1001001010011111</data_item>
      <data_item mem_id="0ab0" data_id="9a35">1001101000110101</data_item>
      <data_item mem_id="0ac0" data_id="b9b1">1011100110110001</data_item>
      <data_item mem_id="0ad0" data_id="9de9">1001110111101001</data_item>
      <data_item mem_id="0ae0" data_id="9d8b">1001110110001011</data_item>
      <data_item mem_id="0af0" data_id="b9ab">1011100110101011</data_item>
      <data_item mem_id="0b00" data_id="7762">0111011101100010</data_item>
      <data_item mem_id="0b10" data_id="fb9b">1111101110011011</data_item>
      <data_item mem_id="0b20" data_id="1bd3">0001101111010011</data_item>
      <data_item mem_id="0b30" data_id="535a">0101001101011010</data_item>
      <data_item mem_id="0b40" data_id="9b9a">1001101110011010</data_item>
      <data_item mem_id="0b50" data_id="f144">1111000101000100</data_item>
      <data_item mem_id="0b60" data_id="37bb">0011011110111011</data_item>
      <data_item mem_id="0b70" data_id="b5bd">1011010110111101</data_item>
      <data_item mem_id="0b80" data_id="b9b9">1011100110111001</data_item>
      <data_item mem_id="0b90" data_id="eb19">1110101100011001</data_item>
      <data_item mem_id="0ba0" data_id="4e5b">0100111001011011</data_item>
      <data_item mem_id="0bb0" data_id="df7b">1101111101111011</data_item>
      <data_item mem_id="0bc0" data_id="d9fb">1101100111111011</data_item>
      <data_item mem_id="0bd0" data_id="dabf">1101101010111111</data_item>
      <data_item mem_id="0be0" data_id="9e95">1001111010010101</data_item>
      <data_item mem_id="0bf0" data_id="bdb5">1011110110110101</data_item>
      <data_item mem_id="0c00" data_id="b9fd">1011100111111101</data_item>
      <data_item mem_id="0c10" data_id="bdbf">1011110110111111</data_item>
      <data_item mem_id="0c20" data_id="8dab">1000110110101011</data_item>
      <data_item mem_id="0c30" data_id="f9e9">1111100111101001</data_item>
      <data_item mem_id="0c40" data_id="5bdb">0101101111011011</data_item>
      <data_item mem_id="0c50" data_id="5bdf">0101101111011111</data_item>
      <data_item mem_id="0c60" data_id="dbda">1101101111011010</data_item>
      <data_item mem_id="0c70" data_id="fbd8">1111101111011000</data_item>
      <data_item mem_id="0c80" data_id="f7ee">1111011111101110</data_item>
      <data_item mem_id="0c90" data_id="b19f">1011000110011111</data_item>
      <data_item mem_id="0ca0" data_id="b73d">1011011100111101</data_item>
      <data_item mem_id="0cb0" data_id="bdbc">1011110110111100</data_item>
      <data_item mem_id="0cc0" data_id="79f9">0111100111111001</data_item>
      <data_item mem_id="0cd0" data_id="cd5f">1100110101011111</data_item>
      <data_item mem_id="0ce0" data_id="cb3b">1100101100111011</data_item>
      <data_item mem_id="0cf0" data_id="bb5b">1011101101011011</data_item>
      <data_item mem_id="0d00" data_id="89b9">1000100110111001</data_item>
      <data_item mem_id="0d10" data_id="9eb5">1001111010110101</data_item>
      <data_item mem_id="0d20" data_id="bc31">1011110000110001</data_item>
      <data_item mem_id="0d30" data_id="9d97">1001110110010111</data_item>
      <data_item mem_id="0d40" data_id="bdbf">1011110110111111</data_item>
      <data_item mem_id="0d50" data_id="b12b">1011000100101011</data_item>
      <data_item mem_id="0d60" data_id="fba3">1111101110100011</data_item>
      <data_item mem_id="0d70" data_id="1b9b">0001101110011011</data_item>
      <data_item mem_id="0d80" data_id="1bdf">0001101111011111</data_item>
      <data_item mem_id="0d90" data_id="d3db">1101001111011011</data_item>
      <data_item mem_id="0da0" data_id="b9da">1011100111011010</data_item>
      <data_item mem_id="0db0" data_id="bfbe">1011111110111110</data_item>
      <data_item mem_id="0dc0" data_id="b539">1011010100111001</data_item>
      <data_item mem_id="0dd0" data_id="b5bc">1011010110111100</data_item>
      <data_item mem_id="0de0" data_id="fdbd">1111110110111101</data_item>
      <data_item mem_id="0df0" data_id="bfbd">1011111110111101</data_item>
      <data_item mem_id="0e00" data_id="ef7d">1110111101111101</data_item>
      <data_item mem_id="0e10" data_id="e97b">1110100101111011</data_item>
      <data_item mem_id="0e20" data_id="fbdb">1111101111011011</data_item>
      <data_item mem_id="0e30" data_id="dbd9">1101101111011001</data_item>
      <data_item mem_id="0e40" data_id="9e9d">1001111010011101</data_item>
      <data_item mem_id="0e50" data_id="bcd5">1011110011010101</data_item>
      <data_item mem_id="0e60" data_id="f997">1111100110010111</data_item>
      <data_item mem_id="0e70" data_id="bfbd">1011111110111101</data_item>
      <data_item mem_id="0e80" data_id="99ab">1001100110101011</data_item>
      <data_item mem_id="0e90" data_id="f9eb">1111100111101011</data_item>
      <data_item mem_id="0ea0" data_id="5bcf">0101101111001111</data_item>
      <data_item mem_id="0eb0" data_id="43df">0100001111011111</data_item>
      <data_item mem_id="0ec0" data_id="53db">0101001111011011</data_item>
      <data_item mem_id="0ed0" data_id="fbd8">1111101111011000</data_item>
      <data_item mem_id="0ee0" data_id="999a">1001100110011010</data_item>
      <data_item mem_id="0ef0" data_id="959d">1001010110011101</data_item>
      <data_item mem_id="0f00" data_id="b5bd">1011010110111101</data_item>
      <data_item mem_id="0f10" data_id="f9bd">1111100110111101</data_item>
      <data_item mem_id="0f20" data_id="b9b9">1011100110111001</data_item>
      <data_item mem_id="0f30" data_id="8bfb">1000101111111011</data_item>
      <data_item mem_id="0f40" data_id="ebdb">1110101111011011</data_item>
      <data_item mem_id="0f50" data_id="db5b">1101101101011011</data_item>
      <data_item mem_id="0f60" data_id="db5b">1101101101011011</data_item>
      <data_item mem_id="0f70" data_id="9afb">1001101011111011</data_item>
      <data_item mem_id="0f80" data_id="de87">1101111010000111</data_item>
      <data_item mem_id="0f90" data_id="fcb7">1111110010110111</data_item>
      <data_item mem_id="0fa0" data_id="bbb5">1011101110110101</data_item>
      <data_item mem_id="0fb0" data_id="b9b9">1011100110111001</data_item>
      <data_item mem_id="0fc0" data_id="b9eb">1011100111101011</data_item>
      <data_item mem_id="0fd0" data_id="9bcf">1001101111001111</data_item>
      <data_item mem_id="0fe0" data_id="5fcb">0101111111001011</data_item>
      <data_item mem_id="0ff0" data_id="7bdb">0111101111011011</data_item>
      <data_item mem_id="1000" data_id="fbda">1111101111011010</data_item>
      <data_item mem_id="1010" data_id="bb9c">1011101110011100</data_item>
      <data_item mem_id="1020" data_id="b5bc">1011010110111100</data_item>
      <data_item mem_id="1030" data_id="15bd">0001010110111101</data_item>
      <data_item mem_id="1040" data_id="fdbd">1111110110111101</data_item>
      <data_item mem_id="1050" data_id="bfb9">1011111110111001</data_item>
      <data_item mem_id="1060" data_id="abfb">1010101111111011</data_item>
      <data_item mem_id="1070" data_id="e91b">1110100100011011</data_item>
      <data_item mem_id="1080" data_id="db59">1101101101011001</data_item>
      <data_item mem_id="1090" data_id="dfdb">1101111111011011</data_item>
      <data_item mem_id="10a0" data_id="99fb">1001100111111011</data_item>
      <data_item mem_id="10b0" data_id="deb7">1101111010110111</data_item>
      <data_item mem_id="10c0" data_id="beb5">1011111010110101</data_item>
      <data_item mem_id="10d0" data_id="bfb5">1011111110110101</data_item>
      <data_item mem_id="10e0" data_id="bdbf">1011110110111111</data_item>
      <data_item mem_id="10f0" data_id="bdad">1011110110101101</data_item>
      <data_item mem_id="1100" data_id="f9ef">1111100111101111</data_item>
      <data_item mem_id="1110" data_id="1fcb">0001111111001011</data_item>
      <data_item mem_id="1120" data_id="3bfb">0011101111111011</data_item>
      <data_item mem_id="1130" data_id="7b9d">0111101110011101</data_item>
      <data_item mem_id="1140" data_id="9b9e">1001101110011110</data_item>
      <data_item mem_id="1150" data_id="bdbc">1011110110111100</data_item>
      <data_item mem_id="1160" data_id="d109">1101000100001001</data_item>
      <data_item mem_id="1170" data_id="f3bd">1111001110111101</data_item>
      <data_item mem_id="1180" data_id="bdbd">1011110110111101</data_item>
      <data_item mem_id="1190" data_id="abf9">1010101111111001</data_item>
      <data_item mem_id="11a0" data_id="eb1b">1110101100011011</data_item>
      <data_item mem_id="11b0" data_id="cb5b">1100101101011011</data_item>
      <data_item mem_id="11c0" data_id="dd5b">1101110101011011</data_item>
      <data_item mem_id="11d0" data_id="dbfb">1101101111111011</data_item>
      <data_item mem_id="11e0" data_id="dabe">1101101010111110</data_item>
      <data_item mem_id="11f0" data_id="beb1">1011111010110001</data_item>
      <data_item mem_id="1200" data_id="bdb5">1011110110110101</data_item>
      <data_item mem_id="1210" data_id="adfd">1010110111111101</data_item>
      <data_item mem_id="1220" data_id="9d89">1001110110001001</data_item>
      <data_item mem_id="1230" data_id="bdab">1011110110101011</data_item>
      <data_item mem_id="1240" data_id="3b8b">0011101110001011</data_item>
      <data_item mem_id="1250" data_id="5bfb">0101101111111011</data_item>
      <data_item mem_id="1260" data_id="5bdb">0101101111011011</data_item>
      <data_item mem_id="1270" data_id="dbda">1101101111011010</data_item>
      <data_item mem_id="1280" data_id="afba">1010111110111010</data_item>
      <data_item mem_id="1290" data_id="d5fc">1101010111111100</data_item>
      <data_item mem_id="12a0" data_id="97bf">1001011110111111</data_item>
      <data_item mem_id="12b0" data_id="bd9d">1011110110011101</data_item>
      <data_item mem_id="12c0" data_id="bbb9">1011101110111001</data_item>
      <data_item mem_id="12d0" data_id="8b5a">1000101101011010</data_item>
      <data_item mem_id="12e0" data_id="8b9b">1000101110011011</data_item>
      <data_item mem_id="12f0" data_id="df7a">1101111101111010</data_item>
      <data_item mem_id="1300" data_id="dbdb">1101101111011011</data_item>
      <data_item mem_id="1310" data_id="da92">1101101010010010</data_item>
      <data_item mem_id="1320" data_id="9a91">1001101010010001</data_item>
      <data_item mem_id="1330" data_id="bdb1">1011110110110001</data_item>
      <data_item mem_id="1340" data_id="bdbd">1011110110111101</data_item>
      <data_item mem_id="1350" data_id="b9bb">1011100110111011</data_item>
      <data_item mem_id="1360" data_id="bdeb">1011110111101011</data_item>
      <data_item mem_id="1370" data_id="fbeb">1111101111101011</data_item>
      <data_item mem_id="1380" data_id="5bd9">0101101111011001</data_item>
      <data_item mem_id="1390" data_id="5bdf">0101101111011111</data_item>
      <data_item mem_id="13a0" data_id="dbda">1101101111011010</data_item>
      <data_item mem_id="13b0" data_id="fbda">1111101111011010</data_item>
      <data_item mem_id="13c0" data_id="bbfc">1011101111111100</data_item>
      <data_item mem_id="13d0" data_id="b7bd">1011011110111101</data_item>
      <data_item mem_id="13e0" data_id="b5bd">1011010110111101</data_item>
      <data_item mem_id="13f0" data_id="3dbd">0011110110111101</data_item>
      <data_item mem_id="1400" data_id="ebf9">1110101111111001</data_item>
      <data_item mem_id="1410" data_id="cf5f">1100111101011111</data_item>
      <data_item mem_id="1420" data_id="c97b">1100100101111011</data_item>
      <data_item mem_id="1430" data_id="f3db">1111001111011011</data_item>
      <data_item mem_id="1440" data_id="dbb9">1101101110111001</data_item>
      <data_item mem_id="1450" data_id="9eb5">1001111010110101</data_item>
      <data_item mem_id="1460" data_id="bcb5">1011110010110101</data_item>
      <data_item mem_id="1470" data_id="bdb5">1011110110110101</data_item>
      <data_item mem_id="1480" data_id="bdbf">1011110110111111</data_item>
      <data_item mem_id="1490" data_id="bda9">1011110110101001</data_item>
      <data_item mem_id="14a0" data_id="f9e9">1111100111101001</data_item>
      <data_item mem_id="14b0" data_id="5999">0101100110011001</data_item>
      <data_item mem_id="14c0" data_id="5bdf">0101101111011111</data_item>
      <data_item mem_id="14d0" data_id="91db">1001000111011011</data_item>
      <data_item mem_id="14e0" data_id="fbda">1111101111011010</data_item>
      <data_item mem_id="14f0" data_id="bfbe">1011111110111110</data_item>
      <data_item mem_id="1500" data_id="b5bd">1011010110111101</data_item>
      <data_item mem_id="1510" data_id="b53d">1011010100111101</data_item>
      <data_item mem_id="1520" data_id="7dbd">0111110110111101</data_item>
      <data_item mem_id="1530" data_id="2fbd">0010111110111101</data_item>
      <data_item mem_id="1540" data_id="ed3f">1110110100111111</data_item>
      <data_item mem_id="1550" data_id="fb7b">1111101101111011</data_item>
      <data_item mem_id="1560" data_id="bb5b">1011101101011011</data_item>
      <data_item mem_id="1570" data_id="dbdb">1101101111011011</data_item>
      <data_item mem_id="1580" data_id="9ebd">1001111010111101</data_item>
      <data_item mem_id="1590" data_id="bcf5">1011110011110101</data_item>
      <data_item mem_id="15a0" data_id="b8b7">1011100010110111</data_item>
      <data_item mem_id="15b0" data_id="bfbc">1011111110111100</data_item>
      <data_item mem_id="15c0" data_id="bdab">1011110110101011</data_item>
      <data_item mem_id="15d0" data_id="b9a9">1011100110101001</data_item>
      <data_item mem_id="15e0" data_id="5bcf">0101101111001111</data_item>
      <data_item mem_id="15f0" data_id="53df">0101001111011111</data_item>
      <data_item mem_id="1600" data_id="5bdb">0101101111011011</data_item>
      <data_item mem_id="1610" data_id="f3da">1111001111011010</data_item>
      <data_item mem_id="1620" data_id="bfbe">1011111110111110</data_item>
      <data_item mem_id="1630" data_id="9d9d">1001110110011101</data_item>
      <data_item mem_id="1640" data_id="b4bd">1011010010111101</data_item>
      <data_item mem_id="1650" data_id="ffbd">1111111110111101</data_item>
      <data_item mem_id="1660" data_id="bbbd">1011101110111101</data_item>
      <data_item mem_id="1670" data_id="cb73">1100101101110011</data_item>
      <data_item mem_id="1680" data_id="eb5b">1110101101011011</data_item>
      <data_item mem_id="1690" data_id="db5b">1101101101011011</data_item>
      <data_item mem_id="16a0" data_id="dbcb">1101101111001011</data_item>
      <data_item mem_id="16b0" data_id="dafb">1101101011111011</data_item>
      <data_item mem_id="16c0" data_id="de57">1101111001010111</data_item>
      <data_item mem_id="16d0" data_id="fc33">1111110000110011</data_item>
      <data_item mem_id="16e0" data_id="9bb5">1001101110110101</data_item>
      <data_item mem_id="16f0" data_id="b9b9">1011100110111001</data_item>
      <data_item mem_id="1700" data_id="b9eb">1011100111101011</data_item>
      <data_item mem_id="1710" data_id="9b83">1001101110000011</data_item>
      <data_item mem_id="1720" data_id="4642">0100011001000010</data_item>
      <data_item mem_id="1730" data_id="7319">0111001100011001</data_item>
      <data_item mem_id="1740" data_id="bbc2">1011101111000010</data_item>
      <data_item mem_id="1750" data_id="2216">0010001000010110</data_item>
      <data_item mem_id="1760" data_id="34bc">0011010010111100</data_item>
      <data_item mem_id="1770" data_id="f424">1111010000100100</data_item>
      <data_item mem_id="1780" data_id="6531">0110010100110001</data_item>
      <data_item mem_id="1790" data_id="bfbd">1011111110111101</data_item>
      <data_item mem_id="17a0" data_id="2262">0010001001100010</data_item>
      <data_item mem_id="17b0" data_id="635b">0110001101011011</data_item>
      <data_item mem_id="17c0" data_id="d940">1101100101000000</data_item>
      <data_item mem_id="17d0" data_id="4673">0100011001110011</data_item>
      <data_item mem_id="17e0" data_id="58fb">0101100011111011</data_item>
      <data_item mem_id="17f0" data_id="da26">1101101000100110</data_item>
      <data_item mem_id="1800" data_id="2235">0010001000110101</data_item>
      <data_item mem_id="1810" data_id="bfb1">1011111110110001</data_item>
      <data_item mem_id="1820" data_id="bdbd">1011110110111101</data_item>
      <data_item mem_id="1830" data_id="bd8d">1011110110001101</data_item>
      <data_item mem_id="1840" data_id="99ab">1001100110101011</data_item>
      <data_item mem_id="1850" data_id="1e08">0001111000001000</data_item>
      <data_item mem_id="1860" data_id="59db">0101100111011011</data_item>
      <data_item mem_id="1870" data_id="09db">0000100111011011</data_item>
      <data_item mem_id="1880" data_id="8e9c">1000111010011100</data_item>
      <data_item mem_id="1890" data_id="19b8">0001100110111000</data_item>
      <data_item mem_id="18a0" data_id="b5bc">1011010110111100</data_item>
      <data_item mem_id="18b0" data_id="b5bd">1011010110111101</data_item>
      <data_item mem_id="18c0" data_id="b3b9">1011001110111001</data_item>
      <data_item mem_id="18d0" data_id="abf9">1010101111111001</data_item>
      <data_item mem_id="18e0" data_id="bb5b">1011101101011011</data_item>
      <data_item mem_id="18f0" data_id="db1b">1101101100011011</data_item>
      <data_item mem_id="1900" data_id="db99">1101101110011001</data_item>
      <data_item mem_id="1910" data_id="dbba">1101101110111010</data_item>
      <data_item mem_id="1920" data_id="8224">1000001000100100</data_item>
      <data_item mem_id="1930" data_id="3435">0011010000110101</data_item>
      <data_item mem_id="1940" data_id="9da4">1001110110100100</data_item>
      <data_item mem_id="1950" data_id="2471">0010010001110001</data_item>
      <data_item mem_id="1960" data_id="3d89">0011110110001001</data_item>
      <data_item mem_id="1970" data_id="bc22">1011110000100010</data_item>
      <data_item mem_id="1980" data_id="6163">0110000101100011</data_item>
      <data_item mem_id="1990" data_id="59fb">0101100111111011</data_item>
      <data_item mem_id="19a0" data_id="4242">0100001001000010</data_item>
      <data_item mem_id="19b0" data_id="5158">0101000101011000</data_item>
      <data_item mem_id="19c0" data_id="df86">1101111110000110</data_item>
      <data_item mem_id="19d0" data_id="4474">0100010001110100</data_item>
      <data_item mem_id="19e0" data_id="1585">0001010110000101</data_item>
      <data_item mem_id="19f0" data_id="9c24">1001110000100100</data_item>
      <data_item mem_id="1a00" data_id="2311">0010001100010001</data_item>
      <data_item mem_id="1a10" data_id="895b">1000100101011011</data_item>
      <data_item mem_id="1a20" data_id="471b">0100011100011011</data_item>
      <data_item mem_id="1a30" data_id="5b7b">0101101101111011</data_item>
      <data_item mem_id="1a40" data_id="9bda">1001101111011010</data_item>
      <data_item mem_id="1a50" data_id="dabf">1101101010111111</data_item>
      <data_item mem_id="1a60" data_id="9eb1">1001111010110001</data_item>
      <data_item mem_id="1a70" data_id="b981">1011100110000001</data_item>
      <data_item mem_id="1a80" data_id="9dfd">1001110111111101</data_item>
      <data_item mem_id="1a90" data_id="b99b">1011100110011011</data_item>
      <data_item mem_id="1aa0" data_id="bdab">1011110110101011</data_item>
      <data_item mem_id="1ab0" data_id="fbcb">1111101111001011</data_item>
      <data_item mem_id="1ac0" data_id="1b9b">0001101110011011</data_item>
      <data_item mem_id="1ad0" data_id="5bdf">0101101111011111</data_item>
      <data_item mem_id="1ae0" data_id="dbda">1101101111011010</data_item>
      <data_item mem_id="1af0" data_id="bbd9">1011101111011001</data_item>
      <data_item mem_id="1b00" data_id="b3fe">1011001111111110</data_item>
      <data_item mem_id="1b10" data_id="b3bb">1011001110111011</data_item>
      <data_item mem_id="1b20" data_id="b1b9">1011000110111001</data_item>
      <data_item mem_id="1b30" data_id="bdbd">1011110110111101</data_item>
      <data_item mem_id="1b40" data_id="abf9">1010101111111001</data_item>
      <data_item mem_id="1b50" data_id="cf5e">1100111101011110</data_item>
      <data_item mem_id="1b60" data_id="db7b">1101101101111011</data_item>
      <data_item mem_id="1b70" data_id="fbdb">1111101111011011</data_item>
      <data_item mem_id="1b80" data_id="dbbf">1101101110111111</data_item>
      <data_item mem_id="1b90" data_id="9eb5">1001111010110101</data_item>
      <data_item mem_id="1ba0" data_id="bcf5">1011110011110101</data_item>
      <data_item mem_id="1bb0" data_id="bdf5">1011110111110101</data_item>
      <data_item mem_id="1bc0" data_id="bdbf">1011110110111111</data_item>
      <data_item mem_id="1bd0" data_id="bdab">1011110110101011</data_item>
      <data_item mem_id="1be0" data_id="f9eb">1111100111101011</data_item>
      <data_item mem_id="1bf0" data_id="5b99">0101101110011001</data_item>
      <data_item mem_id="1c00" data_id="5bdf">0101101111011111</data_item>
      <data_item mem_id="1c10" data_id="d9db">1101100111011011</data_item>
      <data_item mem_id="1c20" data_id="fbd0">1111101111010000</data_item>
      <data_item mem_id="1c30" data_id="bfbc">1011111110111100</data_item>
      <data_item mem_id="1c40" data_id="b5bd">1011010110111101</data_item>
      <data_item mem_id="1c50" data_id="95bd">1001010110111101</data_item>
      <data_item mem_id="1c60" data_id="fdbd">1111110110111101</data_item>
      <data_item mem_id="1c70" data_id="afbc">1010111110111100</data_item>
      <data_item mem_id="1c80" data_id="af3f">1010111100111111</data_item>
      <data_item mem_id="1c90" data_id="ab78">1010101101111000</data_item>
      <data_item mem_id="1ca0" data_id="3919">0011100100011001</data_item>
      <data_item mem_id="1cb0" data_id="dbd9">1101101111011001</data_item>
      <data_item mem_id="1cc0" data_id="8cbd">1000110010111101</data_item>
      <data_item mem_id="1cd0" data_id="b8b5">1011100010110101</data_item>
      <data_item mem_id="1ce0" data_id="fdb7">1111110110110111</data_item>
      <data_item mem_id="1cf0" data_id="bdb9">1011110110111001</data_item>
      <data_item mem_id="1d00" data_id="adab">1010110110101011</data_item>
      <data_item mem_id="1d10" data_id="b9af">1011100110101111</data_item>
      <data_item mem_id="1d20" data_id="5bcf">0101101111001111</data_item>
      <data_item mem_id="1d30" data_id="5b99">0101101110011001</data_item>
      <data_item mem_id="1d40" data_id="7b9b">0111101110011011</data_item>
      <data_item mem_id="1d50" data_id="9bda">1001101111011010</data_item>
      <data_item mem_id="1d60" data_id="bf9e">1011111110011110</data_item>
      <data_item mem_id="1d70" data_id="b5bd">1011010110111101</data_item>
      <data_item mem_id="1d80" data_id="b5bd">1011010110111101</data_item>
      <data_item mem_id="1d90" data_id="fdbd">1111110110111101</data_item>
      <data_item mem_id="1da0" data_id="bf9d">1011111110011101</data_item>
      <data_item mem_id="1db0" data_id="2b7b">0010101101111011</data_item>
      <data_item mem_id="1dc0" data_id="eb5b">1110101101011011</data_item>
      <data_item mem_id="1dd0" data_id="db5b">1101101101011011</data_item>
      <data_item mem_id="1de0" data_id="83db">1000001111011011</data_item>
      <data_item mem_id="1df0" data_id="dbdb">1101101111011011</data_item>
      <data_item mem_id="1e00" data_id="98f7">1001100011110111</data_item>
      <data_item mem_id="1e10" data_id="fc97">1111110010010111</data_item>
      <data_item mem_id="1e20" data_id="bf9f">1011111110011111</data_item>
      <data_item mem_id="1e30" data_id="bdb9">1011110110111001</data_item>
      <data_item mem_id="1e40" data_id="99eb">1001100111101011</data_item>
      <data_item mem_id="1e50" data_id="dbcf">1101101111001111</data_item>
      <data_item mem_id="1e60" data_id="1bdb">0001101111011011</data_item>
      <data_item mem_id="1e70" data_id="7bdb">0111101111011011</data_item>
      <data_item mem_id="1e80" data_id="dbda">1101101111011010</data_item>
      <data_item mem_id="1e90" data_id="9b9e">1001101110011110</data_item>
      <data_item mem_id="1ea0" data_id="b5b8">1011010110111000</data_item>
      <data_item mem_id="1eb0" data_id="f5bd">1111010110111101</data_item>
      <data_item mem_id="1ec0" data_id="b9bd">1011100110111101</data_item>
      <data_item mem_id="1ed0" data_id="9fbd">1001111110111101</data_item>
      <data_item mem_id="1ee0" data_id="8bfb">1000101111111011</data_item>
      <data_item mem_id="1ef0" data_id="e35b">1110001101011011</data_item>
      <data_item mem_id="1f00" data_id="db5b">1101101101011011</data_item>
      <data_item mem_id="1f10" data_id="dfdb">1101111111011011</data_item>
      <data_item mem_id="1f20" data_id="9afb">1001101011111011</data_item>
      <data_item mem_id="1f30" data_id="dab3">1101101010110011</data_item>
      <data_item mem_id="1f40" data_id="beb5">1011111010110101</data_item>
      <data_item mem_id="1f50" data_id="bfb5">1011111110110101</data_item>
      <data_item mem_id="1f60" data_id="bdbd">1011110110111101</data_item>
      <data_item mem_id="1f70" data_id="bdaf">1011110110101111</data_item>
      <data_item mem_id="1f80" data_id="b9ef">1011100111101111</data_item>
      <data_item mem_id="1f90" data_id="55cb">0101010111001011</data_item>
      <data_item mem_id="1fa0" data_id="7bbb">0111101110111011</data_item>
      <data_item mem_id="1fb0" data_id="5bdb">0101101111011011</data_item>
      <data_item mem_id="1fc0" data_id="9b9e">1001101110011110</data_item>
      <data_item mem_id="1fd0" data_id="b5bc">1011010110111100</data_item>
      <data_item mem_id="1fe0" data_id="f5bd">1111010110111101</data_item>
      <data_item mem_id="1ff0" data_id="b1bd">1011000110111101</data_item>
      <data_item mem_id="2000" data_id="bdbd">1011110110111101</data_item>
      <data_item mem_id="2010" data_id="a3d9">1010001111011001</data_item>
      <data_item mem_id="2020" data_id="ab5b">1010101101011011</data_item>
      <data_item mem_id="2030" data_id="db5b">1101101101011011</data_item>
      <data_item mem_id="2040" data_id="ddf9">1101110111111001</data_item>
      <data_item mem_id="2050" data_id="dbfb">1101101111111011</data_item>
      <data_item mem_id="2060" data_id="9abf">1001101010111111</data_item>
      <data_item mem_id="2070" data_id="beb5">1011111010110101</data_item>
      <data_item mem_id="2080" data_id="bdb1">1011110110110001</data_item>
      <data_item mem_id="2090" data_id="bdfd">1011110111111101</data_item>
      <data_item mem_id="20a0" data_id="bdaf">1011110110101111</data_item>
      <data_item mem_id="20b0" data_id="bdb9">1011110110111001</data_item>
      <data_item mem_id="20c0" data_id="3fcb">0011111111001011</data_item>
      <data_item mem_id="20d0" data_id="5bfb">0101101111111011</data_item>
      <data_item mem_id="20e0" data_id="5b9b">0101101110011011</data_item>
      <data_item mem_id="20f0" data_id="9bda">1001101111011010</data_item>
      <data_item mem_id="2100" data_id="f8be">1111100010111110</data_item>
      <data_item mem_id="2110" data_id="f5fc">1111010111111100</data_item>
      <data_item mem_id="2120" data_id="b7bf">1011011110111111</data_item>
      <data_item mem_id="2130" data_id="abbd">1010101110111101</data_item>
      <data_item mem_id="2140" data_id="b9a9">1011100110101001</data_item>
      <data_item mem_id="2150" data_id="eb5b">1110101101011011</data_item>
      <data_item mem_id="2160" data_id="4f5b">0100111101011011</data_item>
      <data_item mem_id="2170" data_id="df7b">1101111101111011</data_item>
      <data_item mem_id="2180" data_id="9b7b">1001101101111011</data_item>
      <data_item mem_id="2190" data_id="dabf">1101101010111111</data_item>
      <data_item mem_id="21a0" data_id="9eb5">1001111010110101</data_item>
      <data_item mem_id="21b0" data_id="bd95">1011110110010101</data_item>
      <data_item mem_id="21c0" data_id="bdfd">1011110111111101</data_item>
      <data_item mem_id="21d0" data_id="bdbd">1011110110111101</data_item>
      <data_item mem_id="21e0" data_id="9dbb">1001110110111011</data_item>
      <data_item mem_id="21f0" data_id="db8b">1101101110001011</data_item>
      <data_item mem_id="2200" data_id="5bdb">0101101111011011</data_item>
      <data_item mem_id="2210" data_id="5bdf">0101101111011111</data_item>
      <data_item mem_id="2220" data_id="dada">1101101011011010</data_item>
      <data_item mem_id="2230" data_id="dad8">1101101011011000</data_item>
      <data_item mem_id="2240" data_id="b7fa">1011011111111010</data_item>
      <data_item mem_id="2250" data_id="b7b8">1011011110111000</data_item>
      <data_item mem_id="2260" data_id="b19d">1011000110011101</data_item>
      <data_item mem_id="2270" data_id="8dbd">1000110110111101</data_item>
      <data_item mem_id="2280" data_id="abf9">1010101111111001</data_item>
      <data_item mem_id="2290" data_id="cf5b">1100111101011011</data_item>
      <data_item mem_id="22a0" data_id="db5b">1101101101011011</data_item>
      <data_item mem_id="22b0" data_id="f8da">1111100011011010</data_item>
      <data_item mem_id="22c0" data_id="de9d">1101111010011101</data_item>
      <data_item mem_id="22d0" data_id="9ab1">1001101010110001</data_item>
      <data_item mem_id="22e0" data_id="bcf5">1011110011110101</data_item>
      <data_item mem_id="22f0" data_id="bdf7">1011110111110111</data_item>
      <data_item mem_id="2300" data_id="bdbf">1011110110111111</data_item>
      <data_item mem_id="2310" data_id="b9ab">1011100110101011</data_item>
      <data_item mem_id="2320" data_id="f9eb">1111100111101011</data_item>
      <data_item mem_id="2330" data_id="5bda">0101101111011010</data_item>
      <data_item mem_id="2340" data_id="5bdf">0101101111011111</data_item>
      <data_item mem_id="2350" data_id="dbdb">1101101111011011</data_item>
      <data_item mem_id="2360" data_id="fbda">1111101111011010</data_item>
      <data_item mem_id="2370" data_id="bfbe">1011111110111110</data_item>
      <data_item mem_id="2380" data_id="b5bd">1011010110111101</data_item>
      <data_item mem_id="2390" data_id="b5bd">1011010110111101</data_item>
      <data_item mem_id="23a0" data_id="fdbd">1111110110111101</data_item>
      <data_item mem_id="23b0" data_id="6f99">0110111110011001</data_item>
      <data_item mem_id="23c0" data_id="af7d">1010111101111101</data_item>
      <data_item mem_id="23d0" data_id="eb7b">1110101101111011</data_item>
      <data_item mem_id="23e0" data_id="f95b">1111100101011011</data_item>
      <data_item mem_id="23f0" data_id="db9b">1101101110011011</data_item>
      <data_item mem_id="2400" data_id="9abd">1001101010111101</data_item>
      <data_item mem_id="2410" data_id="9cb5">1001110010110101</data_item>
      <data_item mem_id="2420" data_id="fdb7">1111110110110111</data_item>
      <data_item mem_id="2430" data_id="9dbf">1001110110111111</data_item>
      <data_item mem_id="2440" data_id="bda9">1011110110101001</data_item>
      <data_item mem_id="2450" data_id="b999">1011100110011001</data_item>
      <data_item mem_id="2460" data_id="1bcf">0001101111001111</data_item>
      <data_item mem_id="2470" data_id="5bdb">0101101111011011</data_item>
      <data_item mem_id="2480" data_id="fb99">1111101110011001</data_item>
      <data_item mem_id="2490" data_id="b9da">1011100111011010</data_item>
      <data_item mem_id="24a0" data_id="9b9f">1001101110011111</data_item>
      <data_item mem_id="24b0" data_id="95bd">1001010110111101</data_item>
      <data_item mem_id="24c0" data_id="35bd">0011010110111101</data_item>
      <data_item mem_id="24d0" data_id="fd3d">1111110100111101</data_item>
      <data_item mem_id="24e0" data_id="bfbd">1011111110111101</data_item>
      <data_item mem_id="24f0" data_id="ab7b">1010101101111011</data_item>
      <data_item mem_id="2500" data_id="ab5b">1010101101011011</data_item>
      <data_item mem_id="2510" data_id="db5b">1101101101011011</data_item>
      <data_item mem_id="2520" data_id="dbdb">1101101111011011</data_item>
      <data_item mem_id="2530" data_id="dbfb">1101101111111011</data_item>
      <data_item mem_id="2540" data_id="caf7">1100101011110111</data_item>
      <data_item mem_id="2550" data_id="fc95">1111110010010101</data_item>
      <data_item mem_id="2560" data_id="bfb5">1011111110110101</data_item>
      <data_item mem_id="2570" data_id="3db9">0011110110111001</data_item>
      <data_item mem_id="2580" data_id="b9e9">1011100111101001</data_item>
      <data_item mem_id="2590" data_id="dbcf">1101101111001111</data_item>
      <data_item mem_id="25a0" data_id="1b9b">0001101110011011</data_item>
      <data_item mem_id="25b0" data_id="4bd9">0100101111011001</data_item>
      <data_item mem_id="25c0" data_id="cbda">1100101111011010</data_item>
      <data_item mem_id="25d0" data_id="bf9f">1011111110011111</data_item>
      <data_item mem_id="25e0" data_id="959d">1001010110011101</data_item>
      <data_item mem_id="25f0" data_id="d5bd">1101010110111101</data_item>
      <data_item mem_id="2600" data_id="f9b0">1111100110110000</data_item>
      <data_item mem_id="2610" data_id="3fb9">0011111110111001</data_item>
      <data_item mem_id="2620" data_id="b9db">1011100111011011</data_item>
      <data_item mem_id="2630" data_id="eb5b">1110101101011011</data_item>
      <data_item mem_id="2640" data_id="db5b">1101101101011011</data_item>
      <data_item mem_id="2650" data_id="c3db">1100001111011011</data_item>
      <data_item mem_id="2660" data_id="dafb">1101101011111011</data_item>
      <data_item mem_id="2670" data_id="dab7">1101101010110111</data_item>
      <data_item mem_id="2680" data_id="9eb5">1001111010110101</data_item>
      <data_item mem_id="2690" data_id="bbb1">1011101110110001</data_item>
      <data_item mem_id="26a0" data_id="2461">0010010001100001</data_item>
      <data_item mem_id="26b0" data_id="302f">0011000000101111</data_item>
      <data_item mem_id="26c0" data_id="b9a2">1011100110100010</data_item>
      <data_item mem_id="26d0" data_id="4243">0100001001000011</data_item>
      <data_item mem_id="26e0" data_id="53fb">0101001111111011</data_item>
      <data_item mem_id="26f0" data_id="9242">1001001001000010</data_item>
      <data_item mem_id="2700" data_id="0716">0000011100010110</data_item>
      <data_item mem_id="2710" data_id="91b8">1001000110111000</data_item>
      <data_item mem_id="2720" data_id="2425">0010010000100101</data_item>
      <data_item mem_id="2730" data_id="333d">0011001100111101</data_item>
      <data_item mem_id="2740" data_id="bba0">1011101110100000</data_item>
      <data_item mem_id="2750" data_id="2071">0010000001110001</data_item>
      <data_item mem_id="2760" data_id="4b5b">0100101101011011</data_item>
      <data_item mem_id="2770" data_id="9242">1001001001000010</data_item>
      <data_item mem_id="2780" data_id="4553">0100010101010011</data_item>
      <data_item mem_id="2790" data_id="dbf9">1101101111111001</data_item>
      <data_item mem_id="27a0" data_id="9abf">1001101010111111</data_item>
      <data_item mem_id="27b0" data_id="bcb5">1011110010110101</data_item>
      <data_item mem_id="27c0" data_id="b9b1">1011100110110001</data_item>
      <data_item mem_id="27d0" data_id="bdfc">1011110111111100</data_item>
      <data_item mem_id="27e0" data_id="9d99">1001110110011001</data_item>
      <data_item mem_id="27f0" data_id="99ab">1001100110101011</data_item>
   </data>
 </resultfile>
