<?xml version="1.0" encoding="ISO-8859-1"?>
 <resultfile>
   <header>
      <link id="46-47">
        <source_moteid>46</source_moteid>
        <dest_moteid>47</dest_moteid>
      </link>
      <filedate>Thu Jul 21 17:27:13 2011</filedate>
      <channels>
        <num_channels>4</num_channels>
        <channel_ids>11.12.13.14</channel_ids>
      </channels>
   </header>
   <data>
      <data_item mem_id="0000" data_id="d6de">1101011011011110</data_item>
      <data_item mem_id="0010" data_id="f6b6">1111011010110110</data_item>
      <data_item mem_id="0020" data_id="f794">1111011110010100</data_item>
      <data_item mem_id="0030" data_id="b7bd">1011011110111101</data_item>
      <data_item mem_id="0040" data_id="bdbd">1011110110111101</data_item>
      <data_item mem_id="0050" data_id="fd6d">1111110101101101</data_item>
      <data_item mem_id="0060" data_id="ef6b">1110111101101011</data_item>
      <data_item mem_id="0070" data_id="4f7b">0100111101111011</data_item>
      <data_item mem_id="0080" data_id="1b3b">0001101100111011</data_item>
      <data_item mem_id="0090" data_id="dbd7">1101101111010111</data_item>
      <data_item mem_id="00a0" data_id="dff6">1101111111110110</data_item>
      <data_item mem_id="00b0" data_id="bedf">1011111011011111</data_item>
      <data_item mem_id="00c0" data_id="b5fb">1011010111111011</data_item>
      <data_item mem_id="00d0" data_id="fdba">1111110110111010</data_item>
      <data_item mem_id="00e0" data_id="fbff">1111101111111111</data_item>
      <data_item mem_id="00f0" data_id="7fef">0111111111101111</data_item>
      <data_item mem_id="0100" data_id="7b7f">0111101101111111</data_item>
      <data_item mem_id="0110" data_id="7bdb">0111101111011011</data_item>
      <data_item mem_id="0120" data_id="dbdf">1101101111011111</data_item>
      <data_item mem_id="0130" data_id="d4dc">1101010011011100</data_item>
      <data_item mem_id="0140" data_id="f6b2">1111011010110010</data_item>
      <data_item mem_id="0150" data_id="d7b5">1101011110110101</data_item>
      <data_item mem_id="0160" data_id="b7bd">1011011110111101</data_item>
      <data_item mem_id="0170" data_id="bdbd">1011110110111101</data_item>
      <data_item mem_id="0180" data_id="fd6d">1111110101101101</data_item>
      <data_item mem_id="0190" data_id="ef6b">1110111101101011</data_item>
      <data_item mem_id="01a0" data_id="6f7b">0110111101111011</data_item>
      <data_item mem_id="01b0" data_id="5b7b">0101101101111011</data_item>
      <data_item mem_id="01c0" data_id="dbdb">1101101111011011</data_item>
      <data_item mem_id="01d0" data_id="dfd6">1101111111010110</data_item>
      <data_item mem_id="01e0" data_id="9ef6">1001111011110110</data_item>
      <data_item mem_id="01f0" data_id="34f3">0011010011110011</data_item>
      <data_item mem_id="0200" data_id="b1bb">1011000110111011</data_item>
      <data_item mem_id="0210" data_id="b9bd">1011100110111101</data_item>
      <data_item mem_id="0220" data_id="7dff">0111110111111111</data_item>
      <data_item mem_id="0230" data_id="6bff">0110101111111111</data_item>
      <data_item mem_id="0240" data_id="fbdf">1111101111011111</data_item>
      <data_item mem_id="0250" data_id="bf9f">1011111110011111</data_item>
      <data_item mem_id="0260" data_id="bf9f">1011111110011111</data_item>
      <data_item mem_id="0270" data_id="f6fe">1111011011111110</data_item>
      <data_item mem_id="0280" data_id="f7b7">1111011110110111</data_item>
      <data_item mem_id="0290" data_id="b79d">1011011110011101</data_item>
      <data_item mem_id="02a0" data_id="b9b9">1011100110111001</data_item>
      <data_item mem_id="02b0" data_id="f96b">1111100101101011</data_item>
      <data_item mem_id="02c0" data_id="ef6b">1110111101101011</data_item>
      <data_item mem_id="02d0" data_id="6f7b">0110111101111011</data_item>
      <data_item mem_id="02e0" data_id="5b7b">0101101101111011</data_item>
      <data_item mem_id="02f0" data_id="db9b">1101101110011011</data_item>
      <data_item mem_id="0300" data_id="9fd6">1001111111010110</data_item>
      <data_item mem_id="0310" data_id="def6">1101111011110110</data_item>
      <data_item mem_id="0320" data_id="b6f7">1011011011110111</data_item>
      <data_item mem_id="0330" data_id="b5b7">1011010110110111</data_item>
      <data_item mem_id="0340" data_id="b9bf">1011100110111111</data_item>
      <data_item mem_id="0350" data_id="9dfd">1001110111111101</data_item>
      <data_item mem_id="0360" data_id="69ef">0110100111101111</data_item>
      <data_item mem_id="0370" data_id="6b4f">0110101101001111</data_item>
      <data_item mem_id="0380" data_id="3b1b">0011101100011011</data_item>
      <data_item mem_id="0390" data_id="bb9b">1011101110011011</data_item>
      <data_item mem_id="03a0" data_id="d7ff">1101011111111111</data_item>
      <data_item mem_id="03b0" data_id="f7bf">1111011110111111</data_item>
      <data_item mem_id="03c0" data_id="fbbd">1111101110111101</data_item>
      <data_item mem_id="03d0" data_id="fbb9">1111101110111001</data_item>
      <data_item mem_id="03e0" data_id="f9f9">1111100111111001</data_item>
      <data_item mem_id="03f0" data_id="ff6f">1111111101101111</data_item>
      <data_item mem_id="0400" data_id="ef7b">1110111101111011</data_item>
      <data_item mem_id="0410" data_id="5b78">0101101101111000</data_item>
      <data_item mem_id="0420" data_id="db9b">1101101110011011</data_item>
      <data_item mem_id="0430" data_id="9f96">1001111110010110</data_item>
      <data_item mem_id="0440" data_id="9ef6">1001111011110110</data_item>
      <data_item mem_id="0450" data_id="b6f7">1011011011110111</data_item>
      <data_item mem_id="0460" data_id="b5b7">1011010110110111</data_item>
      <data_item mem_id="0470" data_id="9db9">1001110110111001</data_item>
      <data_item mem_id="0480" data_id="bdfd">1011110111111101</data_item>
      <data_item mem_id="0490" data_id="6def">0110110111101111</data_item>
      <data_item mem_id="04a0" data_id="6b6f">0110101101101111</data_item>
      <data_item mem_id="04b0" data_id="7b5b">0111101101011011</data_item>
      <data_item mem_id="04c0" data_id="3b9b">0011101110011011</data_item>
      <data_item mem_id="04d0" data_id="c31f">1100001100011111</data_item>
      <data_item mem_id="04e0" data_id="d69e">1101011010011110</data_item>
      <data_item mem_id="04f0" data_id="f6b5">1111011010110101</data_item>
      <data_item mem_id="0500" data_id="f3b1">1111001110110001</data_item>
      <data_item mem_id="0510" data_id="bbbb">1011101110111011</data_item>
      <data_item mem_id="0520" data_id="fd7f">1111110101111111</data_item>
      <data_item mem_id="0530" data_id="ff7b">1111111101111011</data_item>
      <data_item mem_id="0540" data_id="fffb">1111111111111011</data_item>
      <data_item mem_id="0550" data_id="dfbb">1101111110111011</data_item>
      <data_item mem_id="0560" data_id="9f9f">1001111110011111</data_item>
      <data_item mem_id="0570" data_id="9ef6">1001111011110110</data_item>
      <data_item mem_id="0580" data_id="b6f7">1011011011110111</data_item>
      <data_item mem_id="0590" data_id="b5b7">1011010110110111</data_item>
      <data_item mem_id="05a0" data_id="bdb9">1011110110111001</data_item>
      <data_item mem_id="05b0" data_id="b9f9">1011100111111001</data_item>
      <data_item mem_id="05c0" data_id="6def">0110110111101111</data_item>
      <data_item mem_id="05d0" data_id="6b6f">0110101101101111</data_item>
      <data_item mem_id="05e0" data_id="7b5f">0111101101011111</data_item>
      <data_item mem_id="05f0" data_id="7bdb">0111101111011011</data_item>
      <data_item mem_id="0600" data_id="dbdf">1101101111011111</data_item>
      <data_item mem_id="0610" data_id="d6de">1101011011011110</data_item>
      <data_item mem_id="0620" data_id="f6b4">1111011010110100</data_item>
      <data_item mem_id="0630" data_id="f7b1">1111011110110001</data_item>
      <data_item mem_id="0640" data_id="b7bd">1011011110111101</data_item>
      <data_item mem_id="0650" data_id="bd1d">1011110100011101</data_item>
      <data_item mem_id="0660" data_id="fd6b">1111110101101011</data_item>
      <data_item mem_id="0670" data_id="ef6b">1110111101101011</data_item>
      <data_item mem_id="0680" data_id="5f7f">0101111101111111</data_item>
      <data_item mem_id="0690" data_id="dbff">1101101111111111</data_item>
      <data_item mem_id="06a0" data_id="ffd7">1111111111010111</data_item>
      <data_item mem_id="06b0" data_id="fff7">1111111111110111</data_item>
      <data_item mem_id="06c0" data_id="9ff7">1001111111110111</data_item>
      <data_item mem_id="06d0" data_id="bdbf">1011110110111111</data_item>
      <data_item mem_id="06e0" data_id="bdfd">1011110111111101</data_item>
      <data_item mem_id="06f0" data_id="6de8">0110110111101000</data_item>
      <data_item mem_id="0700" data_id="6b4f">0110101101001111</data_item>
      <data_item mem_id="0710" data_id="7b5b">0111101101011011</data_item>
      <data_item mem_id="0720" data_id="7bdb">0111101111011011</data_item>
      <data_item mem_id="0730" data_id="9bdf">1001101111011111</data_item>
      <data_item mem_id="0740" data_id="965e">1001011001011110</data_item>
      <data_item mem_id="0750" data_id="f4b6">1111010010110110</data_item>
      <data_item mem_id="0760" data_id="f7b5">1111011110110101</data_item>
      <data_item mem_id="0770" data_id="b7bd">1011011110111101</data_item>
      <data_item mem_id="0780" data_id="bdbd">1011110110111101</data_item>
      <data_item mem_id="0790" data_id="fd6d">1111110101101101</data_item>
      <data_item mem_id="07a0" data_id="ef6b">1110111101101011</data_item>
      <data_item mem_id="07b0" data_id="4f3b">0100111100111011</data_item>
      <data_item mem_id="07c0" data_id="1b3b">0001101100111011</data_item>
      <data_item mem_id="07d0" data_id="9bd3">1001101111010011</data_item>
      <data_item mem_id="07e0" data_id="dfd6">1101111111010110</data_item>
      <data_item mem_id="07f0" data_id="beff">1011111011111111</data_item>
      <data_item mem_id="0800" data_id="b5ff">1011010111111111</data_item>
      <data_item mem_id="0810" data_id="fdff">1111110111111111</data_item>
      <data_item mem_id="0820" data_id="b9ff">1011100111111111</data_item>
      <data_item mem_id="0830" data_id="7fef">0111111111101111</data_item>
      <data_item mem_id="0840" data_id="7b7f">0111101101111111</data_item>
      <data_item mem_id="0850" data_id="7bdb">0111101111011011</data_item>
      <data_item mem_id="0860" data_id="fbdf">1111101111011111</data_item>
      <data_item mem_id="0870" data_id="96de">1001011011011110</data_item>
      <data_item mem_id="0880" data_id="f4b6">1111010010110110</data_item>
      <data_item mem_id="0890" data_id="f7a5">1111011110100101</data_item>
      <data_item mem_id="08a0" data_id="b7bd">1011011110111101</data_item>
      <data_item mem_id="08b0" data_id="3d8d">0011110110001101</data_item>
      <data_item mem_id="08c0" data_id="e96d">1110100101101101</data_item>
      <data_item mem_id="08d0" data_id="ef73">1110111101110011</data_item>
      <data_item mem_id="08e0" data_id="6f7a">0110111101111010</data_item>
      <data_item mem_id="08f0" data_id="5a7b">0101101001111011</data_item>
      <data_item mem_id="0900" data_id="d3db">1101001111011011</data_item>
      <data_item mem_id="0910" data_id="df96">1101111110010110</data_item>
      <data_item mem_id="0920" data_id="5ef6">0101111011110110</data_item>
      <data_item mem_id="0930" data_id="b4f7">1011010011110111</data_item>
      <data_item mem_id="0940" data_id="b5b7">1011010110110111</data_item>
      <data_item mem_id="0950" data_id="bdbd">1011110110111101</data_item>
      <data_item mem_id="0960" data_id="78ff">0111100011111111</data_item>
      <data_item mem_id="0970" data_id="6bef">0110101111101111</data_item>
      <data_item mem_id="0980" data_id="fb47">1111101101000111</data_item>
      <data_item mem_id="0990" data_id="bf9f">1011111110011111</data_item>
      <data_item mem_id="09a0" data_id="bfbf">1011111110111111</data_item>
      <data_item mem_id="09b0" data_id="f7fe">1111011111111110</data_item>
      <data_item mem_id="09c0" data_id="f7b5">1111011110110101</data_item>
      <data_item mem_id="09d0" data_id="f7bd">1111011110111101</data_item>
      <data_item mem_id="09e0" data_id="b9b9">1011100110111001</data_item>
      <data_item mem_id="09f0" data_id="f969">1111100101101001</data_item>
      <data_item mem_id="0a00" data_id="ef6b">1110111101101011</data_item>
      <data_item mem_id="0a10" data_id="6f7b">0110111101111011</data_item>
      <data_item mem_id="0a20" data_id="5b7b">0101101101111011</data_item>
      <data_item mem_id="0a30" data_id="db9b">1101101110011011</data_item>
      <data_item mem_id="0a40" data_id="9fd6">1001111111010110</data_item>
      <data_item mem_id="0a50" data_id="def6">1101111011110110</data_item>
      <data_item mem_id="0a60" data_id="b6f7">1011011011110111</data_item>
      <data_item mem_id="0a70" data_id="b5b7">1011010110110111</data_item>
      <data_item mem_id="0a80" data_id="b9bd">1011100110111101</data_item>
      <data_item mem_id="0a90" data_id="3dfd">0011110111111101</data_item>
      <data_item mem_id="0aa0" data_id="69ef">0110100111101111</data_item>
      <data_item mem_id="0ab0" data_id="6b47">0110101101000111</data_item>
      <data_item mem_id="0ac0" data_id="191b">0001100100011011</data_item>
      <data_item mem_id="0ad0" data_id="3bbb">0011101110111011</data_item>
      <data_item mem_id="0ae0" data_id="d7df">1101011111011111</data_item>
      <data_item mem_id="0af0" data_id="f6bf">1111011010111111</data_item>
      <data_item mem_id="0b00" data_id="ffb5">1111111110110101</data_item>
      <data_item mem_id="0b10" data_id="fbf9">1111101111111001</data_item>
      <data_item mem_id="0b20" data_id="f9f9">1111100111111001</data_item>
      <data_item mem_id="0b30" data_id="ff6b">1111111101101011</data_item>
      <data_item mem_id="0b40" data_id="ef78">1110111101111000</data_item>
      <data_item mem_id="0b50" data_id="5b7b">0101101101111011</data_item>
      <data_item mem_id="0b60" data_id="db9b">1101101110011011</data_item>
      <data_item mem_id="0b70" data_id="9396">1001001110010110</data_item>
      <data_item mem_id="0b80" data_id="9e36">1001111000110110</data_item>
      <data_item mem_id="0b90" data_id="b6f7">1011011011110111</data_item>
      <data_item mem_id="0ba0" data_id="b5b7">1011010110110111</data_item>
      <data_item mem_id="0bb0" data_id="bdb9">1011110110111001</data_item>
      <data_item mem_id="0bc0" data_id="bdfd">1011110111111101</data_item>
      <data_item mem_id="0bd0" data_id="6def">0110110111101111</data_item>
      <data_item mem_id="0be0" data_id="6b6f">0110101101101111</data_item>
      <data_item mem_id="0bf0" data_id="7b5b">0111101101011011</data_item>
      <data_item mem_id="0c00" data_id="3b9b">0011101110011011</data_item>
      <data_item mem_id="0c10" data_id="d3df">1101001111011111</data_item>
      <data_item mem_id="0c20" data_id="d69e">1101011010011110</data_item>
      <data_item mem_id="0c30" data_id="f6b4">1111011010110100</data_item>
      <data_item mem_id="0c40" data_id="f3f1">1111001111110001</data_item>
      <data_item mem_id="0c50" data_id="bbbb">1011101110111011</data_item>
      <data_item mem_id="0c60" data_id="bd7f">1011110101111111</data_item>
      <data_item mem_id="0c70" data_id="ff7b">1111111101111011</data_item>
      <data_item mem_id="0c80" data_id="7ffb">0111111111111011</data_item>
      <data_item mem_id="0c90" data_id="d5bb">1101010110111011</data_item>
      <data_item mem_id="0ca0" data_id="9f97">1001111110010111</data_item>
      <data_item mem_id="0cb0" data_id="9ef6">1001111011110110</data_item>
      <data_item mem_id="0cc0" data_id="bef7">1011111011110111</data_item>
      <data_item mem_id="0cd0" data_id="b5b7">1011010110110111</data_item>
      <data_item mem_id="0ce0" data_id="bdb9">1011110110111001</data_item>
      <data_item mem_id="0cf0" data_id="b9f9">1011100111111001</data_item>
      <data_item mem_id="0d00" data_id="6def">0110110111101111</data_item>
      <data_item mem_id="0d10" data_id="6b6f">0110101101101111</data_item>
      <data_item mem_id="0d20" data_id="7b5b">0111101101011011</data_item>
      <data_item mem_id="0d30" data_id="7bdb">0111101111011011</data_item>
      <data_item mem_id="0d40" data_id="dbdf">1101101111011111</data_item>
      <data_item mem_id="0d50" data_id="d6de">1101011011011110</data_item>
      <data_item mem_id="0d60" data_id="f6b4">1111011010110100</data_item>
      <data_item mem_id="0d70" data_id="f7b1">1111011110110001</data_item>
      <data_item mem_id="0d80" data_id="b3b9">1011001110111001</data_item>
      <data_item mem_id="0d90" data_id="bd3d">1011110100111101</data_item>
      <data_item mem_id="0da0" data_id="fd61">1111110101100001</data_item>
      <data_item mem_id="0db0" data_id="efeb">1110111111101011</data_item>
      <data_item mem_id="0dc0" data_id="5f3f">0101111100111111</data_item>
      <data_item mem_id="0dd0" data_id="9bbb">1001101110111011</data_item>
      <data_item mem_id="0de0" data_id="3fd7">0011111111010111</data_item>
      <data_item mem_id="0df0" data_id="fff7">1111111111110111</data_item>
      <data_item mem_id="0e00" data_id="bfff">1011111111111111</data_item>
      <data_item mem_id="0e10" data_id="bdfb">1011110111111011</data_item>
      <data_item mem_id="0e20" data_id="b9f9">1011100111111001</data_item>
      <data_item mem_id="0e30" data_id="79ef">0111100111101111</data_item>
      <data_item mem_id="0e40" data_id="632f">0110001100101111</data_item>
      <data_item mem_id="0e50" data_id="7b5b">0111101101011011</data_item>
      <data_item mem_id="0e60" data_id="fbda">1111101111011010</data_item>
      <data_item mem_id="0e70" data_id="9b9f">1001101110011111</data_item>
      <data_item mem_id="0e80" data_id="96de">1001011011011110</data_item>
      <data_item mem_id="0e90" data_id="f6b6">1111011010110110</data_item>
      <data_item mem_id="0ea0" data_id="f7b5">1111011110110101</data_item>
      <data_item mem_id="0eb0" data_id="b7bd">1011011110111101</data_item>
      <data_item mem_id="0ec0" data_id="bdbd">1011110110111101</data_item>
      <data_item mem_id="0ed0" data_id="fd69">1111110101101001</data_item>
      <data_item mem_id="0ee0" data_id="ef6b">1110111101101011</data_item>
      <data_item mem_id="0ef0" data_id="4f3b">0100111100111011</data_item>
      <data_item mem_id="0f00" data_id="1b3b">0001101100111011</data_item>
      <data_item mem_id="0f10" data_id="9bd3">1001101111010011</data_item>
      <data_item mem_id="0f20" data_id="dfd6">1101111111010110</data_item>
      <data_item mem_id="0f30" data_id="beff">1011111011111111</data_item>
      <data_item mem_id="0f40" data_id="b5f3">1011010111110011</data_item>
      <data_item mem_id="0f50" data_id="d8bb">1101100010111011</data_item>
      <data_item mem_id="0f60" data_id="fbff">1111101111111111</data_item>
      <data_item mem_id="0f70" data_id="7fff">0111111111111111</data_item>
      <data_item mem_id="0f80" data_id="7bff">0111101111111111</data_item>
      <data_item mem_id="0f90" data_id="7bdb">0111101111011011</data_item>
      <data_item mem_id="0fa0" data_id="fbdf">1111101111011111</data_item>
      <data_item mem_id="0fb0" data_id="96de">1001011011011110</data_item>
      <data_item mem_id="0fc0" data_id="f6b6">1111011010110110</data_item>
      <data_item mem_id="0fd0" data_id="f7b5">1111011110110101</data_item>
      <data_item mem_id="0fe0" data_id="b7bd">1011011110111101</data_item>
      <data_item mem_id="0ff0" data_id="b9bd">1011100110111101</data_item>
      <data_item mem_id="1000" data_id="fd6d">1111110101101101</data_item>
      <data_item mem_id="1010" data_id="ef6b">1110111101101011</data_item>
      <data_item mem_id="1020" data_id="6f7b">0110111101111011</data_item>
      <data_item mem_id="1030" data_id="5b7b">0101101101111011</data_item>
      <data_item mem_id="1040" data_id="83d1">1000001111010001</data_item>
      <data_item mem_id="1050" data_id="5fd6">0101111111010110</data_item>
      <data_item mem_id="1060" data_id="9ef6">1001111011110110</data_item>
      <data_item mem_id="1070" data_id="b4f3">1011010011110011</data_item>
      <data_item mem_id="1080" data_id="b1b3">1011000110110011</data_item>
      <data_item mem_id="1090" data_id="b99d">1011100110011101</data_item>
      <data_item mem_id="10a0" data_id="3dfd">0011110111111101</data_item>
      <data_item mem_id="10b0" data_id="6bef">0110101111101111</data_item>
      <data_item mem_id="10c0" data_id="fb5f">1111101101011111</data_item>
      <data_item mem_id="10d0" data_id="bf9f">1011111110011111</data_item>
      <data_item mem_id="10e0" data_id="bfbf">1011111110111111</data_item>
      <data_item mem_id="10f0" data_id="f7fe">1111011111111110</data_item>
      <data_item mem_id="1100" data_id="f7b5">1111011110110101</data_item>
      <data_item mem_id="1110" data_id="f1bd">1111000110111101</data_item>
      <data_item mem_id="1120" data_id="bbb9">1011101110111001</data_item>
      <data_item mem_id="1130" data_id="f969">1111100101101001</data_item>
      <data_item mem_id="1140" data_id="ef69">1110111101101001</data_item>
      <data_item mem_id="1150" data_id="6f7b">0110111101111011</data_item>
      <data_item mem_id="1160" data_id="5b7b">0101101101111011</data_item>
      <data_item mem_id="1170" data_id="db9b">1101101110011011</data_item>
      <data_item mem_id="1180" data_id="dfd6">1101111111010110</data_item>
      <data_item mem_id="1190" data_id="def6">1101111011110110</data_item>
      <data_item mem_id="11a0" data_id="b6f7">1011011011110111</data_item>
      <data_item mem_id="11b0" data_id="b5b7">1011010110110111</data_item>
      <data_item mem_id="11c0" data_id="bd95">1011110110010101</data_item>
      <data_item mem_id="11d0" data_id="3dfd">0011110111111101</data_item>
      <data_item mem_id="11e0" data_id="69ef">0110100111101111</data_item>
      <data_item mem_id="11f0" data_id="6b4f">0110101101001111</data_item>
      <data_item mem_id="1200" data_id="3b5b">0011101101011011</data_item>
      <data_item mem_id="1210" data_id="7bfb">0111101111111011</data_item>
      <data_item mem_id="1220" data_id="d7df">1101011111011111</data_item>
      <data_item mem_id="1230" data_id="f6bf">1111011010111111</data_item>
      <data_item mem_id="1240" data_id="ffb5">1111111110110101</data_item>
      <data_item mem_id="1250" data_id="fffd">1111111111111101</data_item>
      <data_item mem_id="1260" data_id="bfff">1011111111111111</data_item>
      <data_item mem_id="1270" data_id="ff7b">1111111101111011</data_item>
      <data_item mem_id="1280" data_id="ef73">1110111101110011</data_item>
      <data_item mem_id="1290" data_id="1f7b">0001111101111011</data_item>
      <data_item mem_id="12a0" data_id="dbca">1101101111001010</data_item>
      <data_item mem_id="12b0" data_id="df16">1101111100010110</data_item>
      <data_item mem_id="12c0" data_id="def6">1101111011110110</data_item>
      <data_item mem_id="12d0" data_id="b677">1011011001110111</data_item>
      <data_item mem_id="12e0" data_id="b5b7">1011010110110111</data_item>
      <data_item mem_id="12f0" data_id="bdbd">1011110110111101</data_item>
      <data_item mem_id="1300" data_id="bd1d">1011110100011101</data_item>
      <data_item mem_id="1310" data_id="6def">0110110111101111</data_item>
      <data_item mem_id="1320" data_id="6b4f">0110101101001111</data_item>
      <data_item mem_id="1330" data_id="7b5b">0111101101011011</data_item>
      <data_item mem_id="1340" data_id="7bdb">0111101111011011</data_item>
      <data_item mem_id="1350" data_id="d3df">1101001111011111</data_item>
      <data_item mem_id="1360" data_id="d69e">1101011010011110</data_item>
      <data_item mem_id="1370" data_id="f6b4">1111011010110100</data_item>
      <data_item mem_id="1380" data_id="f7b5">1111011110110101</data_item>
      <data_item mem_id="1390" data_id="abad">1010101110101101</data_item>
      <data_item mem_id="13a0" data_id="e974">1110100101110100</data_item>
      <data_item mem_id="13b0" data_id="fe69">1111111001101001</data_item>
      <data_item mem_id="13c0" data_id="ff7b">1111111101111011</data_item>
      <data_item mem_id="13d0" data_id="dcfb">1101110011111011</data_item>
      <data_item mem_id="13e0" data_id="dff7">1101111111110111</data_item>
      <data_item mem_id="13f0" data_id="5ff6">0101111111110110</data_item>
      <data_item mem_id="1400" data_id="9af7">1001101011110111</data_item>
      <data_item mem_id="1410" data_id="b5b7">1011010110110111</data_item>
      <data_item mem_id="1420" data_id="bdbd">1011110110111101</data_item>
      <data_item mem_id="1430" data_id="fdfd">1111110111111101</data_item>
      <data_item mem_id="1440" data_id="6def">0110110111101111</data_item>
      <data_item mem_id="1450" data_id="6b6f">0110101101101111</data_item>
      <data_item mem_id="1460" data_id="7b5a">0111101101011010</data_item>
      <data_item mem_id="1470" data_id="7bdb">0111101111011011</data_item>
      <data_item mem_id="1480" data_id="db5e">1101101101011110</data_item>
      <data_item mem_id="1490" data_id="d6de">1101011011011110</data_item>
      <data_item mem_id="14a0" data_id="c0b4">1100000010110100</data_item>
      <data_item mem_id="14b0" data_id="f7b5">1111011110110101</data_item>
      <data_item mem_id="14c0" data_id="b7b1">1011011110110001</data_item>
      <data_item mem_id="14d0" data_id="390d">0011100100001101</data_item>
      <data_item mem_id="14e0" data_id="fd69">1111110101101001</data_item>
      <data_item mem_id="14f0" data_id="efeb">1110111111101011</data_item>
      <data_item mem_id="1500" data_id="4e7f">0100111001111111</data_item>
      <data_item mem_id="1510" data_id="5bfb">0101101111111011</data_item>
      <data_item mem_id="1520" data_id="fbd7">1111101111010111</data_item>
      <data_item mem_id="1530" data_id="fff7">1111111111110111</data_item>
      <data_item mem_id="1540" data_id="bfff">1011111111111111</data_item>
      <data_item mem_id="1550" data_id="bdff">1011110111111111</data_item>
      <data_item mem_id="1560" data_id="bdfd">1011110111111101</data_item>
      <data_item mem_id="1570" data_id="7def">0111110111101111</data_item>
      <data_item mem_id="1580" data_id="4bef">0100101111101111</data_item>
      <data_item mem_id="1590" data_id="7b5b">0111101101011011</data_item>
      <data_item mem_id="15a0" data_id="7b5a">0111101101011010</data_item>
      <data_item mem_id="15b0" data_id="db9f">1101101110011111</data_item>
      <data_item mem_id="15c0" data_id="949c">1001010010011100</data_item>
      <data_item mem_id="15d0" data_id="f432">1111010000110010</data_item>
      <data_item mem_id="15e0" data_id="f7b5">1111011110110101</data_item>
      <data_item mem_id="15f0" data_id="b7bd">1011011110111101</data_item>
      <data_item mem_id="1600" data_id="bdbd">1011110110111101</data_item>
      <data_item mem_id="1610" data_id="dd69">1101110101101001</data_item>
      <data_item mem_id="1620" data_id="ef6b">1110111101101011</data_item>
      <data_item mem_id="1630" data_id="4f3b">0100111100111011</data_item>
      <data_item mem_id="1640" data_id="1b39">0001101100111001</data_item>
      <data_item mem_id="1650" data_id="9bd1">1001101111010001</data_item>
      <data_item mem_id="1660" data_id="dfd6">1101111111010110</data_item>
      <data_item mem_id="1670" data_id="9efe">1001111011111110</data_item>
      <data_item mem_id="1680" data_id="b5f7">1011010111110111</data_item>
      <data_item mem_id="1690" data_id="fdbf">1111110110111111</data_item>
      <data_item mem_id="16a0" data_id="dfdf">1101111111011111</data_item>
      <data_item mem_id="16b0" data_id="5fdf">0101111111011111</data_item>
      <data_item mem_id="16c0" data_id="7bdf">0111101111011111</data_item>
      <data_item mem_id="16d0" data_id="fbdf">1111101111011111</data_item>
      <data_item mem_id="16e0" data_id="bb9f">1011101110011111</data_item>
      <data_item mem_id="16f0" data_id="979e">1001011110011110</data_item>
      <data_item mem_id="1700" data_id="f6b6">1111011010110110</data_item>
      <data_item mem_id="1710" data_id="f7b5">1111011110110101</data_item>
      <data_item mem_id="1720" data_id="b7bd">1011011110111101</data_item>
      <data_item mem_id="1730" data_id="b9b9">1011100110111001</data_item>
      <data_item mem_id="1740" data_id="d12d">1101000100101101</data_item>
      <data_item mem_id="1750" data_id="ef6b">1110111101101011</data_item>
      <data_item mem_id="1760" data_id="6f7b">0110111101111011</data_item>
      <data_item mem_id="1770" data_id="5b7b">0101101101111011</data_item>
      <data_item mem_id="1780" data_id="dbd3">1101101111010011</data_item>
      <data_item mem_id="1790" data_id="df96">1101111110010110</data_item>
      <data_item mem_id="17a0" data_id="9ef6">1001111011110110</data_item>
      <data_item mem_id="17b0" data_id="b4f7">1011010011110111</data_item>
      <data_item mem_id="17c0" data_id="b1b3">1011000110110011</data_item>
      <data_item mem_id="17d0" data_id="9b9d">1001101110011101</data_item>
      <data_item mem_id="17e0" data_id="3ddd">0011110111011101</data_item>
      <data_item mem_id="17f0" data_id="29ef">0010100111101111</data_item>
      <data_item mem_id="1800" data_id="fb5f">1111101101011111</data_item>
      <data_item mem_id="1810" data_id="7f93">0111111110010011</data_item>
      <data_item mem_id="1820" data_id="bfbf">1011111110111111</data_item>
      <data_item mem_id="1830" data_id="f7bd">1111011110111101</data_item>
      <data_item mem_id="1840" data_id="f7bd">1111011110111101</data_item>
      <data_item mem_id="1850" data_id="f7bd">1111011110111101</data_item>
      <data_item mem_id="1860" data_id="bbb9">1011101110111001</data_item>
      <data_item mem_id="1870" data_id="f949">1111100101001001</data_item>
      <data_item mem_id="1880" data_id="cf4b">1100111101001011</data_item>
      <data_item mem_id="1890" data_id="4f7b">0100111101111011</data_item>
      <data_item mem_id="18a0" data_id="5b7b">0101101101111011</data_item>
      <data_item mem_id="18b0" data_id="cbdb">1100101111011011</data_item>
      <data_item mem_id="18c0" data_id="dfd6">1101111111010110</data_item>
      <data_item mem_id="18d0" data_id="def6">1101111011110110</data_item>
      <data_item mem_id="18e0" data_id="b6f7">1011011011110111</data_item>
      <data_item mem_id="18f0" data_id="b5b7">1011010110110111</data_item>
      <data_item mem_id="1900" data_id="bdbd">1011110110111101</data_item>
      <data_item mem_id="1910" data_id="3ddd">0011110111011101</data_item>
      <data_item mem_id="1920" data_id="69ef">0110100111101111</data_item>
      <data_item mem_id="1930" data_id="6b4f">0110101101001111</data_item>
      <data_item mem_id="1940" data_id="3f1b">0011111100011011</data_item>
      <data_item mem_id="1950" data_id="39b9">0011100110111001</data_item>
      <data_item mem_id="1960" data_id="d3dd">1101001111011101</data_item>
      <data_item mem_id="1970" data_id="d7be">1101011110111110</data_item>
      <data_item mem_id="1980" data_id="ffb5">1111111110110101</data_item>
      <data_item mem_id="1990" data_id="fbf9">1111101111111001</data_item>
      <data_item mem_id="19a0" data_id="fbfb">1111101111111011</data_item>
      <data_item mem_id="19b0" data_id="ff7b">1111111101111011</data_item>
      <data_item mem_id="19c0" data_id="ef7b">1110111101111011</data_item>
      <data_item mem_id="19d0" data_id="5ffb">0101111111111011</data_item>
      <data_item mem_id="19e0" data_id="db9b">1101101110011011</data_item>
      <data_item mem_id="19f0" data_id="dfd2">1101111111010010</data_item>
      <data_item mem_id="1a00" data_id="9cf6">1001110011110110</data_item>
      <data_item mem_id="1a10" data_id="b6f7">1011011011110111</data_item>
      <data_item mem_id="1a20" data_id="b5b7">1011010110110111</data_item>
      <data_item mem_id="1a30" data_id="bdb9">1011110110111001</data_item>
      <data_item mem_id="1a40" data_id="bdfd">1011110111111101</data_item>
      <data_item mem_id="1a50" data_id="6def">0110110111101111</data_item>
      <data_item mem_id="1a60" data_id="6b4f">0110101101001111</data_item>
      <data_item mem_id="1a70" data_id="7b5b">0111101101011011</data_item>
      <data_item mem_id="1a80" data_id="7b9b">0111101110011011</data_item>
      <data_item mem_id="1a90" data_id="d1df">1101000111011111</data_item>
      <data_item mem_id="1aa0" data_id="969e">1001011010011110</data_item>
      <data_item mem_id="1ab0" data_id="feb4">1111111010110100</data_item>
      <data_item mem_id="1ac0" data_id="f3f1">1111001111110001</data_item>
      <data_item mem_id="1ad0" data_id="b79b">1011011110011011</data_item>
      <data_item mem_id="1ae0" data_id="bd5d">1011110101011101</data_item>
      <data_item mem_id="1af0" data_id="ff69">1111111101101001</data_item>
      <data_item mem_id="1b00" data_id="fffb">1111111111111011</data_item>
      <data_item mem_id="1b10" data_id="dfff">1101111111111111</data_item>
      <data_item mem_id="1b20" data_id="9fb1">1001111110110001</data_item>
      <data_item mem_id="1b30" data_id="ddf4">1101110111110100</data_item>
      <data_item mem_id="1b40" data_id="bcf7">1011110011110111</data_item>
      <data_item mem_id="1b50" data_id="b5b7">1011010110110111</data_item>
      <data_item mem_id="1b60" data_id="b5bd">1011010110111101</data_item>
      <data_item mem_id="1b70" data_id="b9f9">1011100111111001</data_item>
      <data_item mem_id="1b80" data_id="6def">0110110111101111</data_item>
      <data_item mem_id="1b90" data_id="4b6f">0100101101101111</data_item>
      <data_item mem_id="1ba0" data_id="7b5b">0111101101011011</data_item>
      <data_item mem_id="1bb0" data_id="7bdb">0111101111011011</data_item>
      <data_item mem_id="1bc0" data_id="dbdf">1101101111011111</data_item>
      <data_item mem_id="1bd0" data_id="d69e">1101011010011110</data_item>
      <data_item mem_id="1be0" data_id="f6b4">1111011010110100</data_item>
      <data_item mem_id="1bf0" data_id="f7b1">1111011110110001</data_item>
      <data_item mem_id="1c00" data_id="b7b9">1011011110111001</data_item>
      <data_item mem_id="1c10" data_id="bd3d">1011110100111101</data_item>
      <data_item mem_id="1c20" data_id="fd69">1111110101101001</data_item>
      <data_item mem_id="1c30" data_id="efeb">1110111111101011</data_item>
      <data_item mem_id="1c40" data_id="4f3f">0100111100111111</data_item>
      <data_item mem_id="1c50" data_id="5bb9">0101101110111001</data_item>
      <data_item mem_id="1c60" data_id="bdd5">1011110111010101</data_item>
      <data_item mem_id="1c70" data_id="ddf6">1101110111110110</data_item>
      <data_item mem_id="1c80" data_id="bfff">1011111111111111</data_item>
      <data_item mem_id="1c90" data_id="b5fb">1011010111111011</data_item>
      <data_item mem_id="1ca0" data_id="fdf7">1111110111110111</data_item>
      <data_item mem_id="1cb0" data_id="59ff">0101100111111111</data_item>
      <data_item mem_id="1cc0" data_id="4bef">0100101111101111</data_item>
      <data_item mem_id="1cd0" data_id="7b4b">0111101101001011</data_item>
      <data_item mem_id="1ce0" data_id="7bdb">0111101111011011</data_item>
      <data_item mem_id="1cf0" data_id="dbdf">1101101111011111</data_item>
      <data_item mem_id="1d00" data_id="d6de">1101011011011110</data_item>
      <data_item mem_id="1d10" data_id="f6b6">1111011010110110</data_item>
      <data_item mem_id="1d20" data_id="f7b5">1111011110110101</data_item>
      <data_item mem_id="1d30" data_id="b7bd">1011011110111101</data_item>
      <data_item mem_id="1d40" data_id="bd3d">1011110100111101</data_item>
      <data_item mem_id="1d50" data_id="fd69">1111110101101001</data_item>
      <data_item mem_id="1d60" data_id="ef6b">1110111101101011</data_item>
      <data_item mem_id="1d70" data_id="4f5b">0100111101011011</data_item>
      <data_item mem_id="1d80" data_id="5b7b">0101101101111011</data_item>
      <data_item mem_id="1d90" data_id="dbd3">1101101111010011</data_item>
      <data_item mem_id="1da0" data_id="dfd6">1101111111010110</data_item>
      <data_item mem_id="1db0" data_id="9efe">1001111011111110</data_item>
      <data_item mem_id="1dc0" data_id="b5f7">1011010111110111</data_item>
      <data_item mem_id="1dd0" data_id="f5bf">1111010110111111</data_item>
      <data_item mem_id="1de0" data_id="bffd">1011111111111101</data_item>
      <data_item mem_id="1df0" data_id="7bff">0111101111111111</data_item>
      <data_item mem_id="1e00" data_id="7bdf">0111101111011111</data_item>
      <data_item mem_id="1e10" data_id="fbdf">1111101111011111</data_item>
      <data_item mem_id="1e20" data_id="fbdf">1111101111011111</data_item>
      <data_item mem_id="1e30" data_id="d7de">1101011111011110</data_item>
      <data_item mem_id="1e40" data_id="f6b6">1111011010110110</data_item>
      <data_item mem_id="1e50" data_id="f7b5">1111011110110101</data_item>
      <data_item mem_id="1e60" data_id="b7bd">1011011110111101</data_item>
      <data_item mem_id="1e70" data_id="bdbd">1011110110111101</data_item>
      <data_item mem_id="1e80" data_id="fd6d">1111110101101101</data_item>
      <data_item mem_id="1e90" data_id="ef6b">1110111101101011</data_item>
      <data_item mem_id="1ea0" data_id="6f7b">0110111101111011</data_item>
      <data_item mem_id="1eb0" data_id="5b7b">0101101101111011</data_item>
      <data_item mem_id="1ec0" data_id="dbd3">1101101111010011</data_item>
      <data_item mem_id="1ed0" data_id="dfd6">1101111111010110</data_item>
      <data_item mem_id="1ee0" data_id="9ef6">1001111011110110</data_item>
      <data_item mem_id="1ef0" data_id="b4ff">1011010011111111</data_item>
      <data_item mem_id="1f00" data_id="b1b7">1011000110110111</data_item>
      <data_item mem_id="1f10" data_id="bfbd">1011111110111101</data_item>
      <data_item mem_id="1f20" data_id="3dfd">0011110111111101</data_item>
      <data_item mem_id="1f30" data_id="69ed">0110100111101101</data_item>
      <data_item mem_id="1f40" data_id="eb5f">1110101101011111</data_item>
      <data_item mem_id="1f50" data_id="7fdb">0111111111011011</data_item>
      <data_item mem_id="1f60" data_id="ffff">1111111111111111</data_item>
      <data_item mem_id="1f70" data_id="f7bf">1111011110111111</data_item>
      <data_item mem_id="1f80" data_id="f7bd">1111011110111101</data_item>
      <data_item mem_id="1f90" data_id="f7bd">1111011110111101</data_item>
      <data_item mem_id="1fa0" data_id="fbb9">1111101110111001</data_item>
      <data_item mem_id="1fb0" data_id="f959">1111100101011001</data_item>
      <data_item mem_id="1fc0" data_id="cf4b">1100111101001011</data_item>
      <data_item mem_id="1fd0" data_id="4f7b">0100111101111011</data_item>
      <data_item mem_id="1fe0" data_id="5b7b">0101101101111011</data_item>
      <data_item mem_id="1ff0" data_id="d99b">1101100110011011</data_item>
      <data_item mem_id="2000" data_id="dfd6">1101111111010110</data_item>
      <data_item mem_id="2010" data_id="def6">1101111011110110</data_item>
      <data_item mem_id="2020" data_id="b0f7">1011000011110111</data_item>
      <data_item mem_id="2030" data_id="b1b7">1011000110110111</data_item>
      <data_item mem_id="2040" data_id="a9bd">1010100110111101</data_item>
      <data_item mem_id="2050" data_id="1ddc">0001110111011100</data_item>
      <data_item mem_id="2060" data_id="69af">0110100110101111</data_item>
      <data_item mem_id="2070" data_id="6b4f">0110101101001111</data_item>
      <data_item mem_id="2080" data_id="3f1b">0011111100011011</data_item>
      <data_item mem_id="2090" data_id="3bb9">0011101110111001</data_item>
      <data_item mem_id="20a0" data_id="d1d7">1101000111010111</data_item>
      <data_item mem_id="20b0" data_id="d6be">1101011010111110</data_item>
      <data_item mem_id="20c0" data_id="feb5">1111111010110101</data_item>
      <data_item mem_id="20d0" data_id="f3f1">1111001111110001</data_item>
      <data_item mem_id="20e0" data_id="bb5b">1011101101011011</data_item>
      <data_item mem_id="20f0" data_id="df5b">1101111101011011</data_item>
      <data_item mem_id="2100" data_id="df7b">1101111101111011</data_item>
      <data_item mem_id="2110" data_id="df7a">1101111101111010</data_item>
      <data_item mem_id="2120" data_id="1ba3">0001101110100011</data_item>
      <data_item mem_id="2130" data_id="9f96">1001111110010110</data_item>
      <data_item mem_id="2140" data_id="dcf4">1101110011110100</data_item>
      <data_item mem_id="2150" data_id="b6f7">1011011011110111</data_item>
      <data_item mem_id="2160" data_id="b5b7">1011010110110111</data_item>
      <data_item mem_id="2170" data_id="bdb9">1011110110111001</data_item>
      <data_item mem_id="2180" data_id="bdfd">1011110111111101</data_item>
      <data_item mem_id="2190" data_id="6def">0110110111101111</data_item>
      <data_item mem_id="21a0" data_id="6b4f">0110101101001111</data_item>
      <data_item mem_id="21b0" data_id="7b5b">0111101101011011</data_item>
      <data_item mem_id="21c0" data_id="7b99">0111101110011001</data_item>
      <data_item mem_id="21d0" data_id="d1dd">1101000111011101</data_item>
      <data_item mem_id="21e0" data_id="d69e">1101011010011110</data_item>
      <data_item mem_id="21f0" data_id="feb4">1111111010110100</data_item>
      <data_item mem_id="2200" data_id="f3f1">1111001111110001</data_item>
      <data_item mem_id="2210" data_id="b39b">1011001110011011</data_item>
      <data_item mem_id="2220" data_id="9d5d">1001110101011101</data_item>
      <data_item mem_id="2230" data_id="dd6b">1101110101101011</data_item>
      <data_item mem_id="2240" data_id="effb">1110111111111011</data_item>
      <data_item mem_id="2250" data_id="5fbf">0101111110111111</data_item>
      <data_item mem_id="2260" data_id="9bb5">1001101110110101</data_item>
      <data_item mem_id="2270" data_id="bdf5">1011110111110101</data_item>
      <data_item mem_id="2280" data_id="bef7">1011111011110111</data_item>
      <data_item mem_id="2290" data_id="b5f7">1011010111110111</data_item>
      <data_item mem_id="22a0" data_id="fdb9">1111110110111001</data_item>
      <data_item mem_id="22b0" data_id="bdf1">1011110111110001</data_item>
      <data_item mem_id="22c0" data_id="6def">0110110111101111</data_item>
      <data_item mem_id="22d0" data_id="6b6f">0110101101101111</data_item>
      <data_item mem_id="22e0" data_id="7b5b">0111101101011011</data_item>
      <data_item mem_id="22f0" data_id="7bdb">0111101111011011</data_item>
      <data_item mem_id="2300" data_id="dbdf">1101101111011111</data_item>
      <data_item mem_id="2310" data_id="d69e">1101011010011110</data_item>
      <data_item mem_id="2320" data_id="f6b4">1111011010110100</data_item>
      <data_item mem_id="2330" data_id="f7b5">1111011110110101</data_item>
      <data_item mem_id="2340" data_id="b3b9">1011001110111001</data_item>
      <data_item mem_id="2350" data_id="bd3d">1011110100111101</data_item>
      <data_item mem_id="2360" data_id="fd69">1111110101101001</data_item>
      <data_item mem_id="2370" data_id="efe9">1110111111101001</data_item>
      <data_item mem_id="2380" data_id="4f3f">0100111100111111</data_item>
      <data_item mem_id="2390" data_id="1b39">0001101100111001</data_item>
      <data_item mem_id="23a0" data_id="b9d7">1011100111010111</data_item>
      <data_item mem_id="23b0" data_id="ddf6">1101110111110110</data_item>
      <data_item mem_id="23c0" data_id="b5ff">1011010111111111</data_item>
      <data_item mem_id="23d0" data_id="bdfb">1011110111111011</data_item>
      <data_item mem_id="23e0" data_id="f9fb">1111100111111011</data_item>
      <data_item mem_id="23f0" data_id="79fb">0111100111111011</data_item>
      <data_item mem_id="2400" data_id="6bef">0110101111101111</data_item>
      <data_item mem_id="2410" data_id="fb5f">1111101101011111</data_item>
      <data_item mem_id="2420" data_id="7bdb">0111101111011011</data_item>
      <data_item mem_id="2430" data_id="9b9f">1001101110011111</data_item>
      <data_item mem_id="2440" data_id="96de">1001011011011110</data_item>
      <data_item mem_id="2450" data_id="f6b6">1111011010110110</data_item>
      <data_item mem_id="2460" data_id="f7b5">1111011110110101</data_item>
      <data_item mem_id="2470" data_id="b7bd">1011011110111101</data_item>
      <data_item mem_id="2480" data_id="3f7d">0011111101111101</data_item>
      <data_item mem_id="2490" data_id="fd69">1111110101101001</data_item>
      <data_item mem_id="24a0" data_id="ef6b">1110111101101011</data_item>
      <data_item mem_id="24b0" data_id="4f3b">0100111100111011</data_item>
      <data_item mem_id="24c0" data_id="1b3b">0001101100111011</data_item>
      <data_item mem_id="24d0" data_id="fbd1">1111101111010001</data_item>
      <data_item mem_id="24e0" data_id="dfd6">1101111111010110</data_item>
      <data_item mem_id="24f0" data_id="9efe">1001111011111110</data_item>
      <data_item mem_id="2500" data_id="b4f7">1011010011110111</data_item>
      <data_item mem_id="2510" data_id="f5bb">1111010110111011</data_item>
      <data_item mem_id="2520" data_id="bbfd">1011101111111101</data_item>
      <data_item mem_id="2530" data_id="79ff">0111100111111111</data_item>
      <data_item mem_id="2540" data_id="6b0f">0110101100001111</data_item>
      <data_item mem_id="2550" data_id="fbdf">1111101111011111</data_item>
      <data_item mem_id="2560" data_id="bf9f">1011111110011111</data_item>
      <data_item mem_id="2570" data_id="f79c">1111011110011100</data_item>
      <data_item mem_id="2580" data_id="f6be">1111011010111110</data_item>
      <data_item mem_id="2590" data_id="f7b5">1111011110110101</data_item>
      <data_item mem_id="25a0" data_id="b7bd">1011011110111101</data_item>
      <data_item mem_id="25b0" data_id="b9b9">1011100110111001</data_item>
      <data_item mem_id="25c0" data_id="fd6d">1111110101101101</data_item>
      <data_item mem_id="25d0" data_id="ef6b">1110111101101011</data_item>
      <data_item mem_id="25e0" data_id="6e6b">0110111001101011</data_item>
      <data_item mem_id="25f0" data_id="5f7b">0101111101111011</data_item>
      <data_item mem_id="2600" data_id="dbd3">1101101111010011</data_item>
      <data_item mem_id="2610" data_id="dfd7">1101111111010111</data_item>
      <data_item mem_id="2620" data_id="9ef6">1001111011110110</data_item>
      <data_item mem_id="2630" data_id="b4f3">1011010011110011</data_item>
      <data_item mem_id="2640" data_id="b1b3">1011000110110011</data_item>
      <data_item mem_id="2650" data_id="9b9d">1001101110011101</data_item>
      <data_item mem_id="2660" data_id="3dfd">0011110111111101</data_item>
      <data_item mem_id="2670" data_id="61ef">0110000111101111</data_item>
      <data_item mem_id="2680" data_id="eb5f">1110101101011111</data_item>
      <data_item mem_id="2690" data_id="3f1b">0011111100011011</data_item>
      <data_item mem_id="26a0" data_id="b9bf">1011100110111111</data_item>
      <data_item mem_id="26b0" data_id="d5bf">1101010110111111</data_item>
      <data_item mem_id="26c0" data_id="f6bd">1111011010111101</data_item>
      <data_item mem_id="26d0" data_id="3fbd">0011111110111101</data_item>
      <data_item mem_id="26e0" data_id="fbb9">1111101110111001</data_item>
      <data_item mem_id="26f0" data_id="f95d">1111100101011101</data_item>
      <data_item mem_id="2700" data_id="ef6b">1110111101101011</data_item>
      <data_item mem_id="2710" data_id="4f7b">0100111101111011</data_item>
      <data_item mem_id="2720" data_id="5b7b">0101101101111011</data_item>
      <data_item mem_id="2730" data_id="dbcb">1101101111001011</data_item>
      <data_item mem_id="2740" data_id="dfd6">1101111111010110</data_item>
      <data_item mem_id="2750" data_id="def6">1101111011110110</data_item>
      <data_item mem_id="2760" data_id="bcf7">1011110011110111</data_item>
      <data_item mem_id="2770" data_id="b5b3">1011010110110011</data_item>
      <data_item mem_id="2780" data_id="b9bd">1011100110111101</data_item>
      <data_item mem_id="2790" data_id="3dfd">0011110111111101</data_item>
      <data_item mem_id="27a0" data_id="69ef">0110100111101111</data_item>
      <data_item mem_id="27b0" data_id="eb4f">1110101101001111</data_item>
      <data_item mem_id="27c0" data_id="3f1b">0011111100011011</data_item>
      <data_item mem_id="27d0" data_id="39b9">0011100110111001</data_item>
      <data_item mem_id="27e0" data_id="d1df">1101000111011111</data_item>
      <data_item mem_id="27f0" data_id="d69e">1101011010011110</data_item>
   </data>
 </resultfile>
