<?xml version="1.0" encoding="ISO-8859-1"?>
 <resultfile>
   <header>
      <link id="23-28">
        <source_moteid>23</source_moteid>
        <dest_moteid>28</dest_moteid>
      </link>
      <filedate>Thu Jul 21 14:48:07 2011</filedate>
      <channels>
        <num_channels>4</num_channels>
        <channel_ids>11.12.13.14</channel_ids>
      </channels>
   </header>
   <data>
      <data_item mem_id="0000" data_id="bb9b">1011101110011011</data_item>
      <data_item mem_id="0010" data_id="9bbb">1001101110111011</data_item>
      <data_item mem_id="0020" data_id="b3b1">1011001110110001</data_item>
      <data_item mem_id="0030" data_id="9199">1001000110011001</data_item>
      <data_item mem_id="0040" data_id="9b99">1001101110011001</data_item>
      <data_item mem_id="0050" data_id="9b99">1001101110011001</data_item>
      <data_item mem_id="0060" data_id="999b">1001100110011011</data_item>
      <data_item mem_id="0070" data_id="bb3b">1011101100111011</data_item>
      <data_item mem_id="0080" data_id="b919">1011100100011001</data_item>
      <data_item mem_id="0090" data_id="99b9">1001100110111001</data_item>
      <data_item mem_id="00a0" data_id="99ff">1001100111111111</data_item>
      <data_item mem_id="00b0" data_id="9991">1001100110010001</data_item>
      <data_item mem_id="00c0" data_id="b9b1">1011100110110001</data_item>
      <data_item mem_id="00d0" data_id="b999">1011100110011001</data_item>
      <data_item mem_id="00e0" data_id="9999">1001100110011001</data_item>
      <data_item mem_id="00f0" data_id="999b">1001100110011011</data_item>
      <data_item mem_id="0100" data_id="b9bb">1011100110111011</data_item>
      <data_item mem_id="0110" data_id="3bbb">0011101110111011</data_item>
      <data_item mem_id="0120" data_id="3919">0011100100011001</data_item>
      <data_item mem_id="0130" data_id="b991">1011100110010001</data_item>
      <data_item mem_id="0140" data_id="399b">0011100110011011</data_item>
      <data_item mem_id="0150" data_id="b3bb">1011001110111011</data_item>
      <data_item mem_id="0160" data_id="939b">1001001110011011</data_item>
      <data_item mem_id="0170" data_id="9399">1001001110011001</data_item>
      <data_item mem_id="0180" data_id="dd9d">1101110110011101</data_item>
      <data_item mem_id="0190" data_id="dfbb">1101111110111011</data_item>
      <data_item mem_id="01a0" data_id="bf3b">1011111100111011</data_item>
      <data_item mem_id="01b0" data_id="b939">1011100100111001</data_item>
      <data_item mem_id="01c0" data_id="9919">1001100100011001</data_item>
      <data_item mem_id="01d0" data_id="99b9">1001100110111001</data_item>
      <data_item mem_id="01e0" data_id="99b3">1001100110110011</data_item>
      <data_item mem_id="01f0" data_id="9bb3">1001101110110011</data_item>
      <data_item mem_id="0200" data_id="9b93">1001101110010011</data_item>
      <data_item mem_id="0210" data_id="999b">1001100110011011</data_item>
      <data_item mem_id="0220" data_id="999b">1001100110011011</data_item>
      <data_item mem_id="0230" data_id="bbbb">1011101110111011</data_item>
      <data_item mem_id="0240" data_id="bbbb">1011101110111011</data_item>
      <data_item mem_id="0250" data_id="3bb9">0011101110111001</data_item>
      <data_item mem_id="0260" data_id="9999">1001100110011001</data_item>
      <data_item mem_id="0270" data_id="b999">1011100110011001</data_item>
      <data_item mem_id="0280" data_id="bbbb">1011101110111011</data_item>
      <data_item mem_id="0290" data_id="b3bb">1011001110111011</data_item>
      <data_item mem_id="02a0" data_id="b399">1011001110011001</data_item>
      <data_item mem_id="02b0" data_id="9b99">1001101110011001</data_item>
      <data_item mem_id="02c0" data_id="9bb9">1001101110111001</data_item>
      <data_item mem_id="02d0" data_id="bb3b">1011101100111011</data_item>
      <data_item mem_id="02e0" data_id="b939">1011100100111001</data_item>
      <data_item mem_id="02f0" data_id="b939">1011100100111001</data_item>
      <data_item mem_id="0300" data_id="99b9">1001100110111001</data_item>
      <data_item mem_id="0310" data_id="99bb">1001100110111011</data_item>
      <data_item mem_id="0320" data_id="9bb3">1001101110110011</data_item>
      <data_item mem_id="0330" data_id="bb93">1011101110010011</data_item>
      <data_item mem_id="0340" data_id="9b9b">1001101110011011</data_item>
      <data_item mem_id="0350" data_id="999b">1001100110011011</data_item>
      <data_item mem_id="0360" data_id="999b">1001100110011011</data_item>
      <data_item mem_id="0370" data_id="3bbb">0011101110111011</data_item>
      <data_item mem_id="0380" data_id="3b99">0011101110011001</data_item>
      <data_item mem_id="0390" data_id="3999">0011100110011001</data_item>
      <data_item mem_id="03a0" data_id="b999">1011100110011001</data_item>
      <data_item mem_id="03b0" data_id="bb9b">1011101110011011</data_item>
      <data_item mem_id="03c0" data_id="b3bb">1011001110111011</data_item>
      <data_item mem_id="03d0" data_id="b39b">1011001110011011</data_item>
      <data_item mem_id="03e0" data_id="9b99">1001101110011001</data_item>
      <data_item mem_id="03f0" data_id="9b99">1001101110011001</data_item>
      <data_item mem_id="0400" data_id="9bbb">1001101110111011</data_item>
      <data_item mem_id="0410" data_id="bb3b">1011101100111011</data_item>
      <data_item mem_id="0420" data_id="b939">1011100100111001</data_item>
      <data_item mem_id="0430" data_id="9bb9">1001101110111001</data_item>
      <data_item mem_id="0440" data_id="9bb9">1001101110111001</data_item>
      <data_item mem_id="0450" data_id="9bb1">1001101110110001</data_item>
      <data_item mem_id="0460" data_id="bb93">1011101110010011</data_item>
      <data_item mem_id="0470" data_id="9393">1001001110010011</data_item>
      <data_item mem_id="0480" data_id="999b">1001100110011011</data_item>
      <data_item mem_id="0490" data_id="b99b">1011100110011011</data_item>
      <data_item mem_id="04a0" data_id="bbbb">1011101110111011</data_item>
      <data_item mem_id="04b0" data_id="3bb9">0011101110111001</data_item>
      <data_item mem_id="04c0" data_id="39b9">0011100110111001</data_item>
      <data_item mem_id="04d0" data_id="b999">1011100110011001</data_item>
      <data_item mem_id="04e0" data_id="bb9b">1011101110011011</data_item>
      <data_item mem_id="04f0" data_id="b3bb">1011001110111011</data_item>
      <data_item mem_id="0500" data_id="b3bb">1011001110111011</data_item>
      <data_item mem_id="0510" data_id="9399">1001001110011001</data_item>
      <data_item mem_id="0520" data_id="9b99">1001101110011001</data_item>
      <data_item mem_id="0530" data_id="9bbb">1001101110111011</data_item>
      <data_item mem_id="0540" data_id="bb3b">1011101100111011</data_item>
      <data_item mem_id="0550" data_id="bb3b">1011101100111011</data_item>
      <data_item mem_id="0560" data_id="b9b9">1011100110111001</data_item>
      <data_item mem_id="0570" data_id="99b9">1001100110111001</data_item>
      <data_item mem_id="0580" data_id="9bb3">1001101110110011</data_item>
      <data_item mem_id="0590" data_id="bbb3">1011101110110011</data_item>
      <data_item mem_id="05a0" data_id="bb93">1011101110010011</data_item>
      <data_item mem_id="05b0" data_id="99db">1001100111011011</data_item>
      <data_item mem_id="05c0" data_id="bd9b">1011110110011011</data_item>
      <data_item mem_id="05d0" data_id="bdbf">1011110110111111</data_item>
      <data_item mem_id="05e0" data_id="3bb9">0011101110111001</data_item>
      <data_item mem_id="05f0" data_id="39b9">0011100110111001</data_item>
      <data_item mem_id="0600" data_id="399d">0011100110011101</data_item>
      <data_item mem_id="0610" data_id="bb99">1011101110011001</data_item>
      <data_item mem_id="0620" data_id="bbbb">1011101110111011</data_item>
      <data_item mem_id="0630" data_id="f3bb">1111001110111011</data_item>
      <data_item mem_id="0640" data_id="8399">1000001110011001</data_item>
      <data_item mem_id="0650" data_id="9b9d">1001101110011101</data_item>
      <data_item mem_id="0660" data_id="9bfd">1001101111111101</data_item>
      <data_item mem_id="0670" data_id="df7f">1101111101111111</data_item>
      <data_item mem_id="0680" data_id="bb3b">1011101100111011</data_item>
      <data_item mem_id="0690" data_id="9919">1001100100011001</data_item>
      <data_item mem_id="06a0" data_id="9df9">1001110111111001</data_item>
      <data_item mem_id="06b0" data_id="ddbf">1101110110111111</data_item>
      <data_item mem_id="06c0" data_id="bbb3">1011101110110011</data_item>
      <data_item mem_id="06d0" data_id="9bb3">1001101110110011</data_item>
      <data_item mem_id="06e0" data_id="9bdb">1001101111011011</data_item>
      <data_item mem_id="06f0" data_id="999f">1001100110011111</data_item>
      <data_item mem_id="0700" data_id="dddf">1101110111011111</data_item>
      <data_item mem_id="0710" data_id="7bbb">0111101110111011</data_item>
      <data_item mem_id="0720" data_id="39b9">0011100110111001</data_item>
      <data_item mem_id="0730" data_id="7999">0111100110011001</data_item>
      <data_item mem_id="0740" data_id="d9db">1101100111011011</data_item>
      <data_item mem_id="0750" data_id="df7b">1101111101111011</data_item>
      <data_item mem_id="0760" data_id="b3bb">1011001110111011</data_item>
      <data_item mem_id="0770" data_id="939b">1001001110011011</data_item>
      <data_item mem_id="0780" data_id="9399">1001001110011001</data_item>
      <data_item mem_id="0790" data_id="9bb9">1001101110111001</data_item>
      <data_item mem_id="07a0" data_id="bbbb">1011101110111011</data_item>
      <data_item mem_id="07b0" data_id="bb3b">1011101100111011</data_item>
      <data_item mem_id="07c0" data_id="b939">1011100100111001</data_item>
      <data_item mem_id="07d0" data_id="9999">1001100110011001</data_item>
      <data_item mem_id="07e0" data_id="99bb">1001100110111011</data_item>
      <data_item mem_id="07f0" data_id="dbb3">1101101110110011</data_item>
      <data_item mem_id="0800" data_id="bbb3">1011101110110011</data_item>
      <data_item mem_id="0810" data_id="b99b">1011100110011011</data_item>
      <data_item mem_id="0820" data_id="999b">1001100110011011</data_item>
      <data_item mem_id="0830" data_id="999f">1001100110011111</data_item>
      <data_item mem_id="0840" data_id="bbbb">1011101110111011</data_item>
      <data_item mem_id="0850" data_id="3b9b">0011101110011011</data_item>
      <data_item mem_id="0860" data_id="399d">0011100110011101</data_item>
      <data_item mem_id="0870" data_id="b99d">1011100110011101</data_item>
      <data_item mem_id="0880" data_id="b99b">1011100110011011</data_item>
      <data_item mem_id="0890" data_id="f3bb">1111001110111011</data_item>
      <data_item mem_id="08a0" data_id="b39b">1011001110011011</data_item>
      <data_item mem_id="08b0" data_id="9399">1001001110011001</data_item>
      <data_item mem_id="08c0" data_id="df9d">1101111110011101</data_item>
      <data_item mem_id="08d0" data_id="9ff9">1001111111111001</data_item>
      <data_item mem_id="08e0" data_id="bb3b">1011101100111011</data_item>
      <data_item mem_id="08f0" data_id="b939">1011100100111001</data_item>
      <data_item mem_id="0900" data_id="b999">1011100110011001</data_item>
      <data_item mem_id="0910" data_id="9fbf">1001111110111111</data_item>
      <data_item mem_id="0920" data_id="9db3">1001110110110011</data_item>
      <data_item mem_id="0930" data_id="bbb3">1011101110110011</data_item>
      <data_item mem_id="0940" data_id="bb93">1011101110010011</data_item>
      <data_item mem_id="0950" data_id="999b">1001100110011011</data_item>
      <data_item mem_id="0960" data_id="99bb">1001100110111011</data_item>
      <data_item mem_id="0970" data_id="b9bb">1011100110111011</data_item>
      <data_item mem_id="0980" data_id="3b93">0011101110010011</data_item>
      <data_item mem_id="0990" data_id="3bb9">0011101110111001</data_item>
      <data_item mem_id="09a0" data_id="b999">1011100110011001</data_item>
      <data_item mem_id="09b0" data_id="bb99">1011101110011001</data_item>
      <data_item mem_id="09c0" data_id="bbbb">1011101110111011</data_item>
      <data_item mem_id="09d0" data_id="b3b9">1011001110111001</data_item>
      <data_item mem_id="09e0" data_id="b399">1011001110011001</data_item>
      <data_item mem_id="09f0" data_id="bb99">1011101110011001</data_item>
      <data_item mem_id="0a00" data_id="9b98">1001101110011000</data_item>
      <data_item mem_id="0a10" data_id="bb3b">1011101100111011</data_item>
      <data_item mem_id="0a20" data_id="b939">1011100100111001</data_item>
      <data_item mem_id="0a30" data_id="bb39">1011101100111001</data_item>
      <data_item mem_id="0a40" data_id="9bb9">1001101110111001</data_item>
      <data_item mem_id="0a50" data_id="dff9">1101111111111001</data_item>
      <data_item mem_id="0a60" data_id="bbb3">1011101110110011</data_item>
      <data_item mem_id="0a70" data_id="bb93">1011101110010011</data_item>
      <data_item mem_id="0a80" data_id="9b93">1001101110010011</data_item>
      <data_item mem_id="0a90" data_id="99db">1001100111011011</data_item>
      <data_item mem_id="0aa0" data_id="b9db">1011100111011011</data_item>
      <data_item mem_id="0ab0" data_id="399b">0011100110011011</data_item>
      <data_item mem_id="0ac0" data_id="3bb9">0011101110111001</data_item>
      <data_item mem_id="0ad0" data_id="3999">0011100110011001</data_item>
      <data_item mem_id="0ae0" data_id="b99d">1011100110011101</data_item>
      <data_item mem_id="0af0" data_id="fffb">1111111111111011</data_item>
      <data_item mem_id="0b00" data_id="f3bb">1111001110111011</data_item>
      <data_item mem_id="0b10" data_id="b3bb">1011001110111011</data_item>
      <data_item mem_id="0b20" data_id="bb99">1011101110011001</data_item>
      <data_item mem_id="0b30" data_id="9b99">1001101110011001</data_item>
      <data_item mem_id="0b40" data_id="9f39">1001111100111001</data_item>
      <data_item mem_id="0b50" data_id="bb3b">1011101100111011</data_item>
      <data_item mem_id="0b60" data_id="bb39">1011101100111001</data_item>
      <data_item mem_id="0b70" data_id="9fdb">1001111111011011</data_item>
      <data_item mem_id="0b80" data_id="9dbf">1001110110111111</data_item>
      <data_item mem_id="0b90" data_id="dfb3">1101111110110011</data_item>
      <data_item mem_id="0ba0" data_id="9bb3">1001101110110011</data_item>
      <data_item mem_id="0bb0" data_id="9b9b">1001101110011011</data_item>
      <data_item mem_id="0bc0" data_id="9ddd">1001110111011101</data_item>
      <data_item mem_id="0bd0" data_id="b9df">1011100111011111</data_item>
      <data_item mem_id="0be0" data_id="b9bf">1011100110111111</data_item>
      <data_item mem_id="0bf0" data_id="7fff">0111111111111111</data_item>
      <data_item mem_id="0c00" data_id="7bff">0111101111111111</data_item>
      <data_item mem_id="0c10" data_id="bb5b">1011101101011011</data_item>
      <data_item mem_id="0c20" data_id="bfdf">1011111111011111</data_item>
      <data_item mem_id="0c30" data_id="f7fb">1111011111111011</data_item>
      <data_item mem_id="0c40" data_id="d5bb">1101010110111011</data_item>
      <data_item mem_id="0c50" data_id="93bd">1001001110111101</data_item>
      <data_item mem_id="0c60" data_id="bb9d">1011101110011101</data_item>
      <data_item mem_id="0c70" data_id="7fff">0111111111111111</data_item>
      <data_item mem_id="0c80" data_id="fd5d">1111110101011101</data_item>
      <data_item mem_id="0c90" data_id="9b3b">1001101100111011</data_item>
      <data_item mem_id="0ca0" data_id="bff9">1011111111111001</data_item>
      <data_item mem_id="0cb0" data_id="9ddf">1001110111011111</data_item>
      <data_item mem_id="0cc0" data_id="d9ff">1101100111111111</data_item>
      <data_item mem_id="0cd0" data_id="bf91">1011111110010001</data_item>
      <data_item mem_id="0ce0" data_id="9df7">1001110111110111</data_item>
      <data_item mem_id="0cf0" data_id="99f9">1001100111111001</data_item>
      <data_item mem_id="0d00" data_id="9d9d">1001110110011101</data_item>
      <data_item mem_id="0d10" data_id="ddbf">1101110110111111</data_item>
      <data_item mem_id="0d20" data_id="5bb9">0101101110111001</data_item>
      <data_item mem_id="0d30" data_id="1999">0001100110011001</data_item>
      <data_item mem_id="0d40" data_id="39bd">0011100110111101</data_item>
      <data_item mem_id="0d50" data_id="bdd9">1011110111011001</data_item>
      <data_item mem_id="0d60" data_id="9dbb">1001110110111011</data_item>
      <data_item mem_id="0d70" data_id="f5bb">1111010110111011</data_item>
      <data_item mem_id="0d80" data_id="f199">1111000110011001</data_item>
      <data_item mem_id="0d90" data_id="9b99">1001101110011001</data_item>
      <data_item mem_id="0da0" data_id="ff19">1111111100011001</data_item>
      <data_item mem_id="0db0" data_id="9f1b">1001111100011011</data_item>
      <data_item mem_id="0dc0" data_id="bb3b">1011101100111011</data_item>
      <data_item mem_id="0dd0" data_id="b999">1011100110011001</data_item>
      <data_item mem_id="0de0" data_id="999b">1001100110011011</data_item>
      <data_item mem_id="0df0" data_id="99bb">1001100110111011</data_item>
      <data_item mem_id="0e00" data_id="b9b1">1011100110110001</data_item>
      <data_item mem_id="0e10" data_id="9bb3">1001101110110011</data_item>
      <data_item mem_id="0e20" data_id="9b3b">1001101100111011</data_item>
      <data_item mem_id="0e30" data_id="999b">1001100110011011</data_item>
      <data_item mem_id="0e40" data_id="b99b">1011100110011011</data_item>
      <data_item mem_id="0e50" data_id="3b99">0011101110011001</data_item>
      <data_item mem_id="0e60" data_id="1999">0001100110011001</data_item>
      <data_item mem_id="0e70" data_id="3999">0011100110011001</data_item>
      <data_item mem_id="0e80" data_id="9b9b">1001101110011011</data_item>
      <data_item mem_id="0e90" data_id="9b9b">1001101110011011</data_item>
      <data_item mem_id="0ea0" data_id="93bb">1001001110111011</data_item>
      <data_item mem_id="0eb0" data_id="939b">1001001110011011</data_item>
      <data_item mem_id="0ec0" data_id="9b99">1001101110011001</data_item>
      <data_item mem_id="0ed0" data_id="9bb9">1001101110111001</data_item>
      <data_item mem_id="0ee0" data_id="9bbb">1001101110111011</data_item>
      <data_item mem_id="0ef0" data_id="b939">1011100100111001</data_item>
      <data_item mem_id="0f00" data_id="b939">1011100100111001</data_item>
      <data_item mem_id="0f10" data_id="99b9">1001100110111001</data_item>
      <data_item mem_id="0f20" data_id="bbb9">1011101110111001</data_item>
      <data_item mem_id="0f30" data_id="8bb3">1000101110110011</data_item>
      <data_item mem_id="0f40" data_id="bbb3">1011101110110011</data_item>
      <data_item mem_id="0f50" data_id="b99b">1011100110011011</data_item>
      <data_item mem_id="0f60" data_id="999b">1001100110011011</data_item>
      <data_item mem_id="0f70" data_id="91b9">1001000110111001</data_item>
      <data_item mem_id="0f80" data_id="9bb9">1001101110111001</data_item>
      <data_item mem_id="0f90" data_id="b3bb">1011001110111011</data_item>
      <data_item mem_id="0fa0" data_id="3bb9">0011101110111001</data_item>
      <data_item mem_id="0fb0" data_id="b99b">1011100110011011</data_item>
      <data_item mem_id="0fc0" data_id="999b">1001100110011011</data_item>
      <data_item mem_id="0fd0" data_id="bbbb">1011101110111011</data_item>
      <data_item mem_id="0fe0" data_id="93bb">1001001110111011</data_item>
      <data_item mem_id="0ff0" data_id="9399">1001001110011001</data_item>
      <data_item mem_id="1000" data_id="9bb9">1001101110111001</data_item>
      <data_item mem_id="1010" data_id="bbb9">1011101110111001</data_item>
      <data_item mem_id="1020" data_id="bb3b">1011101100111011</data_item>
      <data_item mem_id="1030" data_id="b939">1011100100111001</data_item>
      <data_item mem_id="1040" data_id="b9b9">1011100110111001</data_item>
      <data_item mem_id="1050" data_id="99b9">1001100110111001</data_item>
      <data_item mem_id="1060" data_id="99bb">1001100110111011</data_item>
      <data_item mem_id="1070" data_id="bbb3">1011101110110011</data_item>
      <data_item mem_id="1080" data_id="bb93">1011101110010011</data_item>
      <data_item mem_id="1090" data_id="999b">1001100110011011</data_item>
      <data_item mem_id="10a0" data_id="999b">1001100110011011</data_item>
      <data_item mem_id="10b0" data_id="b9bb">1011100110111011</data_item>
      <data_item mem_id="10c0" data_id="3bbb">0011101110111011</data_item>
      <data_item mem_id="10d0" data_id="3bb9">0011101110111001</data_item>
      <data_item mem_id="10e0" data_id="b999">1011100110011001</data_item>
      <data_item mem_id="10f0" data_id="bb99">1011101110011001</data_item>
      <data_item mem_id="1100" data_id="bbbb">1011101110111011</data_item>
      <data_item mem_id="1110" data_id="b39b">1011001110011011</data_item>
      <data_item mem_id="1120" data_id="b399">1011001110011001</data_item>
      <data_item mem_id="1130" data_id="bb99">1011101110011001</data_item>
      <data_item mem_id="1140" data_id="9bb9">1001101110111001</data_item>
      <data_item mem_id="1150" data_id="bb3b">1011101100111011</data_item>
      <data_item mem_id="1160" data_id="bb39">1011101100111001</data_item>
      <data_item mem_id="1170" data_id="b939">1011100100111001</data_item>
      <data_item mem_id="1180" data_id="99bb">1001100110111011</data_item>
      <data_item mem_id="1190" data_id="99b9">1001100110111001</data_item>
      <data_item mem_id="11a0" data_id="bbb3">1011101110110011</data_item>
      <data_item mem_id="11b0" data_id="bb93">1011101110010011</data_item>
      <data_item mem_id="11c0" data_id="9999">1001100110011001</data_item>
      <data_item mem_id="11d0" data_id="9999">1001100110011001</data_item>
      <data_item mem_id="11e0" data_id="9999">1001100110011001</data_item>
      <data_item mem_id="11f0" data_id="3bbb">0011101110111011</data_item>
      <data_item mem_id="1200" data_id="3bb9">0011101110111001</data_item>
      <data_item mem_id="1210" data_id="3999">0011100110011001</data_item>
      <data_item mem_id="1220" data_id="b999">1011100110011001</data_item>
      <data_item mem_id="1230" data_id="9bbb">1001101110111011</data_item>
      <data_item mem_id="1240" data_id="b3bb">1011001110111011</data_item>
      <data_item mem_id="1250" data_id="b3bb">1011001110111011</data_item>
      <data_item mem_id="1260" data_id="9399">1001001110011001</data_item>
      <data_item mem_id="1270" data_id="9b99">1001101110011001</data_item>
      <data_item mem_id="1280" data_id="bbbb">1011101110111011</data_item>
      <data_item mem_id="1290" data_id="bb1b">1011101100011011</data_item>
      <data_item mem_id="12a0" data_id="bb39">1011101100111001</data_item>
      <data_item mem_id="12b0" data_id="9bb9">1001101110111001</data_item>
      <data_item mem_id="12c0" data_id="99b9">1001100110111001</data_item>
      <data_item mem_id="12d0" data_id="9bb3">1001101110110011</data_item>
      <data_item mem_id="12e0" data_id="bbb3">1011101110110011</data_item>
      <data_item mem_id="12f0" data_id="9b9b">1001101110011011</data_item>
      <data_item mem_id="1300" data_id="999b">1001100110011011</data_item>
      <data_item mem_id="1310" data_id="99bb">1001100110111011</data_item>
      <data_item mem_id="1320" data_id="9bbb">1001101110111011</data_item>
      <data_item mem_id="1330" data_id="3b99">0011101110011001</data_item>
      <data_item mem_id="1340" data_id="39b9">0011100110111001</data_item>
      <data_item mem_id="1350" data_id="b999">1011100110011001</data_item>
      <data_item mem_id="1360" data_id="b999">1011100110011001</data_item>
      <data_item mem_id="1370" data_id="b3b3">1011001110110011</data_item>
      <data_item mem_id="1380" data_id="b31b">1011001100011011</data_item>
      <data_item mem_id="1390" data_id="9399">1001001110011001</data_item>
      <data_item mem_id="13a0" data_id="9b99">1001101110011001</data_item>
      <data_item mem_id="13b0" data_id="bbbb">1011101110111011</data_item>
      <data_item mem_id="13c0" data_id="bb3b">1011101100111011</data_item>
      <data_item mem_id="13d0" data_id="bb3b">1011101100111011</data_item>
      <data_item mem_id="13e0" data_id="b9b9">1011100110111001</data_item>
      <data_item mem_id="13f0" data_id="99b9">1001100110111001</data_item>
      <data_item mem_id="1400" data_id="99bb">1001100110111011</data_item>
      <data_item mem_id="1410" data_id="bbb3">1011101110110011</data_item>
      <data_item mem_id="1420" data_id="9bb3">1001101110110011</data_item>
      <data_item mem_id="1430" data_id="999b">1001100110011011</data_item>
      <data_item mem_id="1440" data_id="999b">1001100110011011</data_item>
      <data_item mem_id="1450" data_id="b9bb">1011100110111011</data_item>
      <data_item mem_id="1460" data_id="3bb9">0011101110111001</data_item>
      <data_item mem_id="1470" data_id="39b9">0011100110111001</data_item>
      <data_item mem_id="1480" data_id="b999">1011100110011001</data_item>
      <data_item mem_id="1490" data_id="bb99">1011101110011001</data_item>
      <data_item mem_id="14a0" data_id="bbb9">1011101110111001</data_item>
      <data_item mem_id="14b0" data_id="93bb">1001001110111011</data_item>
      <data_item mem_id="14c0" data_id="939b">1001001110011011</data_item>
      <data_item mem_id="14d0" data_id="9b99">1001101110011001</data_item>
      <data_item mem_id="14e0" data_id="9bb9">1001101110111001</data_item>
      <data_item mem_id="14f0" data_id="9b3b">1001101100111011</data_item>
      <data_item mem_id="1500" data_id="bb33">1011101100110011</data_item>
      <data_item mem_id="1510" data_id="b931">1011100100110001</data_item>
      <data_item mem_id="1520" data_id="9991">1001100110010001</data_item>
      <data_item mem_id="1530" data_id="99bb">1001100110111011</data_item>
      <data_item mem_id="1540" data_id="9bb3">1001101110110011</data_item>
      <data_item mem_id="1550" data_id="bbb3">1011101110110011</data_item>
      <data_item mem_id="1560" data_id="bb9b">1011101110011011</data_item>
      <data_item mem_id="1570" data_id="999b">1001100110011011</data_item>
      <data_item mem_id="1580" data_id="999b">1001100110011011</data_item>
      <data_item mem_id="1590" data_id="3bbb">0011101110111011</data_item>
      <data_item mem_id="15a0" data_id="3bbb">0011101110111011</data_item>
      <data_item mem_id="15b0" data_id="3b9b">0011101110011011</data_item>
      <data_item mem_id="15c0" data_id="b99b">1011100110011011</data_item>
      <data_item mem_id="15d0" data_id="bb9b">1011101110011011</data_item>
      <data_item mem_id="15e0" data_id="b3bb">1011001110111011</data_item>
      <data_item mem_id="15f0" data_id="939b">1001001110011011</data_item>
      <data_item mem_id="1600" data_id="9b99">1001101110011001</data_item>
      <data_item mem_id="1610" data_id="bbb9">1011101110111001</data_item>
      <data_item mem_id="1620" data_id="9bbb">1001101110111011</data_item>
      <data_item mem_id="1630" data_id="bb3b">1011101100111011</data_item>
      <data_item mem_id="1640" data_id="b939">1011100100111001</data_item>
      <data_item mem_id="1650" data_id="99b9">1001100110111001</data_item>
      <data_item mem_id="1660" data_id="99bb">1001100110111011</data_item>
      <data_item mem_id="1670" data_id="9b93">1001101110010011</data_item>
      <data_item mem_id="1680" data_id="bbb3">1011101110110011</data_item>
      <data_item mem_id="1690" data_id="bb9b">1011101110011011</data_item>
      <data_item mem_id="16a0" data_id="999b">1001100110011011</data_item>
      <data_item mem_id="16b0" data_id="999b">1001100110011011</data_item>
      <data_item mem_id="16c0" data_id="bbbb">1011101110111011</data_item>
      <data_item mem_id="16d0" data_id="3bbb">0011101110111011</data_item>
      <data_item mem_id="16e0" data_id="1bb9">0001101110111001</data_item>
      <data_item mem_id="16f0" data_id="b999">1011100110011001</data_item>
      <data_item mem_id="1700" data_id="b99b">1011100110011011</data_item>
      <data_item mem_id="1710" data_id="b3bb">1011001110111011</data_item>
      <data_item mem_id="1720" data_id="b3bb">1011001110111011</data_item>
      <data_item mem_id="1730" data_id="b391">1011001110010001</data_item>
      <data_item mem_id="1740" data_id="1bb9">0001101110111001</data_item>
      <data_item mem_id="1750" data_id="b9b9">1011100110111001</data_item>
      <data_item mem_id="1760" data_id="bbbb">1011101110111011</data_item>
      <data_item mem_id="1770" data_id="b939">1011100100111001</data_item>
      <data_item mem_id="1780" data_id="b9b9">1011100110111001</data_item>
      <data_item mem_id="1790" data_id="99bb">1001100110111011</data_item>
      <data_item mem_id="17a0" data_id="9bbb">1001101110111011</data_item>
      <data_item mem_id="17b0" data_id="bbb3">1011101110110011</data_item>
      <data_item mem_id="17c0" data_id="bb93">1011101110010011</data_item>
      <data_item mem_id="17d0" data_id="999b">1001100110011011</data_item>
      <data_item mem_id="17e0" data_id="999b">1001100110011011</data_item>
      <data_item mem_id="17f0" data_id="99bb">1001100110111011</data_item>
      <data_item mem_id="1800" data_id="3bbb">0011101110111011</data_item>
      <data_item mem_id="1810" data_id="3bb9">0011101110111001</data_item>
      <data_item mem_id="1820" data_id="b999">1011100110011001</data_item>
      <data_item mem_id="1830" data_id="b991">1011100110010001</data_item>
      <data_item mem_id="1840" data_id="bbbb">1011101110111011</data_item>
      <data_item mem_id="1850" data_id="b3bb">1011001110111011</data_item>
      <data_item mem_id="1860" data_id="93bb">1001001110111011</data_item>
      <data_item mem_id="1870" data_id="9b98">1001101110011000</data_item>
      <data_item mem_id="1880" data_id="9bb9">1001101110111001</data_item>
      <data_item mem_id="1890" data_id="bb3b">1011101100111011</data_item>
      <data_item mem_id="18a0" data_id="bb3b">1011101100111011</data_item>
      <data_item mem_id="18b0" data_id="bb39">1011101100111001</data_item>
      <data_item mem_id="18c0" data_id="9bbb">1001101110111011</data_item>
      <data_item mem_id="18d0" data_id="9bbb">1001101110111011</data_item>
      <data_item mem_id="18e0" data_id="bbb1">1011101110110001</data_item>
      <data_item mem_id="18f0" data_id="9b93">1001101110010011</data_item>
      <data_item mem_id="1900" data_id="9b93">1001101110010011</data_item>
      <data_item mem_id="1910" data_id="99bb">1001100110111011</data_item>
      <data_item mem_id="1920" data_id="b9bb">1011100110111011</data_item>
      <data_item mem_id="1930" data_id="3bbb">0011101110111011</data_item>
      <data_item mem_id="1940" data_id="3bb9">0011101110111001</data_item>
      <data_item mem_id="1950" data_id="3999">0011100110011001</data_item>
      <data_item mem_id="1960" data_id="b99b">1011100110011011</data_item>
      <data_item mem_id="1970" data_id="bb9b">1011101110011011</data_item>
      <data_item mem_id="1980" data_id="b3bb">1011001110111011</data_item>
      <data_item mem_id="1990" data_id="b3bb">1011001110111011</data_item>
      <data_item mem_id="19a0" data_id="9b99">1001101110011001</data_item>
      <data_item mem_id="19b0" data_id="9999">1001100110011001</data_item>
      <data_item mem_id="19c0" data_id="9bbb">1001101110111011</data_item>
      <data_item mem_id="19d0" data_id="bb19">1011101100011001</data_item>
      <data_item mem_id="19e0" data_id="993b">1001100100111011</data_item>
      <data_item mem_id="19f0" data_id="99b9">1001100110111001</data_item>
      <data_item mem_id="1a00" data_id="9999">1001100110011001</data_item>
      <data_item mem_id="1a10" data_id="9bb3">1001101110110011</data_item>
      <data_item mem_id="1a20" data_id="bbb3">1011101110110011</data_item>
      <data_item mem_id="1a30" data_id="9993">1001100110010011</data_item>
      <data_item mem_id="1a40" data_id="99bb">1001100110111011</data_item>
      <data_item mem_id="1a50" data_id="b991">1011100110010001</data_item>
      <data_item mem_id="1a60" data_id="99bb">1001100110111011</data_item>
      <data_item mem_id="1a70" data_id="3bb9">0011101110111001</data_item>
      <data_item mem_id="1a80" data_id="3999">0011100110011001</data_item>
      <data_item mem_id="1a90" data_id="b99b">1011100110011011</data_item>
      <data_item mem_id="1aa0" data_id="bb99">1011101110011001</data_item>
      <data_item mem_id="1ab0" data_id="999b">1001100110011011</data_item>
      <data_item mem_id="1ac0" data_id="b3bb">1011001110111011</data_item>
      <data_item mem_id="1ad0" data_id="9399">1001001110011001</data_item>
      <data_item mem_id="1ae0" data_id="9999">1001100110011001</data_item>
      <data_item mem_id="1af0" data_id="9bbb">1001101110111011</data_item>
      <data_item mem_id="1b00" data_id="b919">1011100100011001</data_item>
      <data_item mem_id="1b10" data_id="bb3b">1011101100111011</data_item>
      <data_item mem_id="1b20" data_id="b9b9">1011100110111001</data_item>
      <data_item mem_id="1b30" data_id="9999">1001100110011001</data_item>
      <data_item mem_id="1b40" data_id="9bbb">1001101110111011</data_item>
      <data_item mem_id="1b50" data_id="bb91">1011101110010001</data_item>
      <data_item mem_id="1b60" data_id="9bb3">1001101110110011</data_item>
      <data_item mem_id="1b70" data_id="b99b">1011100110011011</data_item>
      <data_item mem_id="1b80" data_id="b999">1011100110011001</data_item>
      <data_item mem_id="1b90" data_id="b9bb">1011100110111011</data_item>
      <data_item mem_id="1ba0" data_id="3bb9">0011101110111001</data_item>
      <data_item mem_id="1bb0" data_id="1b99">0001101110011001</data_item>
      <data_item mem_id="1bc0" data_id="b999">1011100110011001</data_item>
      <data_item mem_id="1bd0" data_id="bb99">1011101110011001</data_item>
      <data_item mem_id="1be0" data_id="9bbb">1001101110111011</data_item>
      <data_item mem_id="1bf0" data_id="b3bb">1011001110111011</data_item>
      <data_item mem_id="1c00" data_id="939b">1001001110011011</data_item>
      <data_item mem_id="1c10" data_id="9b99">1001101110011001</data_item>
      <data_item mem_id="1c20" data_id="9bb9">1001101110111001</data_item>
      <data_item mem_id="1c30" data_id="bb3b">1011101100111011</data_item>
      <data_item mem_id="1c40" data_id="bb3b">1011101100111011</data_item>
      <data_item mem_id="1c50" data_id="b939">1011100100111001</data_item>
      <data_item mem_id="1c60" data_id="99b9">1001100110111001</data_item>
      <data_item mem_id="1c70" data_id="9bbb">1001101110111011</data_item>
      <data_item mem_id="1c80" data_id="bbb3">1011101110110011</data_item>
      <data_item mem_id="1c90" data_id="bbb3">1011101110110011</data_item>
      <data_item mem_id="1ca0" data_id="bb9b">1011101110011011</data_item>
      <data_item mem_id="1cb0" data_id="999b">1001100110011011</data_item>
      <data_item mem_id="1cc0" data_id="99bb">1001100110111011</data_item>
      <data_item mem_id="1cd0" data_id="bbbb">1011101110111011</data_item>
      <data_item mem_id="1ce0" data_id="3bbb">0011101110111011</data_item>
      <data_item mem_id="1cf0" data_id="3b9b">0011101110011011</data_item>
      <data_item mem_id="1d00" data_id="b999">1011100110011001</data_item>
      <data_item mem_id="1d10" data_id="bb9b">1011101110011011</data_item>
      <data_item mem_id="1d20" data_id="b1bb">1011000110111011</data_item>
      <data_item mem_id="1d30" data_id="b39b">1011001110011011</data_item>
      <data_item mem_id="1d40" data_id="9b99">1001101110011001</data_item>
      <data_item mem_id="1d50" data_id="9bb9">1001101110111001</data_item>
      <data_item mem_id="1d60" data_id="bbab">1011101110101011</data_item>
      <data_item mem_id="1d70" data_id="bb3b">1011101100111011</data_item>
      <data_item mem_id="1d80" data_id="b939">1011100100111001</data_item>
      <data_item mem_id="1d90" data_id="99b9">1001100110111001</data_item>
      <data_item mem_id="1da0" data_id="99bb">1001100110111011</data_item>
      <data_item mem_id="1db0" data_id="9bb3">1001101110110011</data_item>
      <data_item mem_id="1dc0" data_id="bbb3">1011101110110011</data_item>
      <data_item mem_id="1dd0" data_id="bb93">1011101110010011</data_item>
      <data_item mem_id="1de0" data_id="999b">1001100110011011</data_item>
      <data_item mem_id="1df0" data_id="899b">1000100110011011</data_item>
      <data_item mem_id="1e00" data_id="bbbb">1011101110111011</data_item>
      <data_item mem_id="1e10" data_id="3bbb">0011101110111011</data_item>
      <data_item mem_id="1e20" data_id="3bb9">0011101110111001</data_item>
      <data_item mem_id="1e30" data_id="b999">1011100110011001</data_item>
      <data_item mem_id="1e40" data_id="b99b">1011100110011011</data_item>
      <data_item mem_id="1e50" data_id="b3bb">1011001110111011</data_item>
      <data_item mem_id="1e60" data_id="b3bb">1011001110111011</data_item>
      <data_item mem_id="1e70" data_id="b3b9">1011001110111001</data_item>
      <data_item mem_id="1e80" data_id="bb99">1011101110011001</data_item>
      <data_item mem_id="1e90" data_id="99a9">1001100110101001</data_item>
      <data_item mem_id="1ea0" data_id="bb3b">1011101100111011</data_item>
      <data_item mem_id="1eb0" data_id="bb39">1011101100111001</data_item>
      <data_item mem_id="1ec0" data_id="b9b9">1011100110111001</data_item>
      <data_item mem_id="1ed0" data_id="99b9">1001100110111001</data_item>
      <data_item mem_id="1ee0" data_id="9bbb">1001101110111011</data_item>
      <data_item mem_id="1ef0" data_id="9bb3">1001101110110011</data_item>
      <data_item mem_id="1f00" data_id="b913">1011100100010011</data_item>
      <data_item mem_id="1f10" data_id="999b">1001100110011011</data_item>
      <data_item mem_id="1f20" data_id="999b">1001100110011011</data_item>
      <data_item mem_id="1f30" data_id="b9bb">1011100110111011</data_item>
      <data_item mem_id="1f40" data_id="3bbb">0011101110111011</data_item>
      <data_item mem_id="1f50" data_id="3b99">0011101110011001</data_item>
      <data_item mem_id="1f60" data_id="b999">1011100110011001</data_item>
      <data_item mem_id="1f70" data_id="b9db">1011100111011011</data_item>
      <data_item mem_id="1f80" data_id="bbbb">1011101110111011</data_item>
      <data_item mem_id="1f90" data_id="b3bb">1011001110111011</data_item>
      <data_item mem_id="1fa0" data_id="b39b">1011001110011011</data_item>
      <data_item mem_id="1fb0" data_id="9b99">1001101110011001</data_item>
      <data_item mem_id="1fc0" data_id="9bb9">1001101110111001</data_item>
      <data_item mem_id="1fd0" data_id="bb3b">1011101100111011</data_item>
      <data_item mem_id="1fe0" data_id="9b3b">1001101100111011</data_item>
      <data_item mem_id="1ff0" data_id="bb3b">1011101100111011</data_item>
      <data_item mem_id="2000" data_id="9bbb">1001101110111011</data_item>
      <data_item mem_id="2010" data_id="9bbb">1001101110111011</data_item>
      <data_item mem_id="2020" data_id="bbb3">1011101110110011</data_item>
      <data_item mem_id="2030" data_id="bb93">1011101110010011</data_item>
      <data_item mem_id="2040" data_id="9b9b">1001101110011011</data_item>
      <data_item mem_id="2050" data_id="99bb">1001100110111011</data_item>
      <data_item mem_id="2060" data_id="b9bb">1011100110111011</data_item>
      <data_item mem_id="2070" data_id="bbbb">1011101110111011</data_item>
      <data_item mem_id="2080" data_id="3bb9">0011101110111001</data_item>
      <data_item mem_id="2090" data_id="3999">0011100110011001</data_item>
      <data_item mem_id="20a0" data_id="b999">1011100110011001</data_item>
      <data_item mem_id="20b0" data_id="bb9b">1011101110011011</data_item>
      <data_item mem_id="20c0" data_id="b3bb">1011001110111011</data_item>
      <data_item mem_id="20d0" data_id="b3bb">1011001110111011</data_item>
      <data_item mem_id="20e0" data_id="9b99">1001101110011001</data_item>
      <data_item mem_id="20f0" data_id="9b99">1001101110011001</data_item>
      <data_item mem_id="2100" data_id="bbbb">1011101110111011</data_item>
      <data_item mem_id="2110" data_id="bb3b">1011101100111011</data_item>
      <data_item mem_id="2120" data_id="bb39">1011101100111001</data_item>
      <data_item mem_id="2130" data_id="99b9">1001100110111001</data_item>
      <data_item mem_id="2140" data_id="9bbb">1001101110111011</data_item>
      <data_item mem_id="2150" data_id="9b93">1001101110010011</data_item>
      <data_item mem_id="2160" data_id="b931">1011100100110001</data_item>
      <data_item mem_id="2170" data_id="bbb3">1011101110110011</data_item>
      <data_item mem_id="2180" data_id="99bb">1001100110111011</data_item>
      <data_item mem_id="2190" data_id="999b">1001100110011011</data_item>
      <data_item mem_id="21a0" data_id="bbbb">1011101110111011</data_item>
      <data_item mem_id="21b0" data_id="3bbb">0011101110111011</data_item>
      <data_item mem_id="21c0" data_id="39b9">0011100110111001</data_item>
      <data_item mem_id="21d0" data_id="b999">1011100110011001</data_item>
      <data_item mem_id="21e0" data_id="bb9b">1011101110011011</data_item>
      <data_item mem_id="21f0" data_id="b3bb">1011001110111011</data_item>
      <data_item mem_id="2200" data_id="b3bb">1011001110111011</data_item>
      <data_item mem_id="2210" data_id="9399">1001001110011001</data_item>
      <data_item mem_id="2220" data_id="9b99">1001101110011001</data_item>
      <data_item mem_id="2230" data_id="9bbb">1001101110111011</data_item>
      <data_item mem_id="2240" data_id="bb39">1011101100111001</data_item>
      <data_item mem_id="2250" data_id="993b">1001100100111011</data_item>
      <data_item mem_id="2260" data_id="b989">1011100110001001</data_item>
      <data_item mem_id="2270" data_id="9db9">1001110110111001</data_item>
      <data_item mem_id="2280" data_id="9d9f">1001110110011111</data_item>
      <data_item mem_id="2290" data_id="bab3">1011101010110011</data_item>
      <data_item mem_id="22a0" data_id="b9b3">1011100110110011</data_item>
      <data_item mem_id="22b0" data_id="b91b">1011100100011011</data_item>
      <data_item mem_id="22c0" data_id="999a">1001100110011010</data_item>
      <data_item mem_id="22d0" data_id="b9bb">1011100110111011</data_item>
      <data_item mem_id="22e0" data_id="3bbb">0011101110111011</data_item>
      <data_item mem_id="22f0" data_id="1bbb">0001101110111011</data_item>
      <data_item mem_id="2300" data_id="b98f">1011100110001111</data_item>
      <data_item mem_id="2310" data_id="b899">1011100010011001</data_item>
      <data_item mem_id="2320" data_id="abbb">1010101110111011</data_item>
      <data_item mem_id="2330" data_id="93bb">1001001110111011</data_item>
      <data_item mem_id="2340" data_id="939b">1001001110011011</data_item>
      <data_item mem_id="2350" data_id="9b99">1001101110011001</data_item>
      <data_item mem_id="2360" data_id="9b99">1001101110011001</data_item>
      <data_item mem_id="2370" data_id="bb3b">1011101100111011</data_item>
      <data_item mem_id="2380" data_id="bb3b">1011101100111011</data_item>
      <data_item mem_id="2390" data_id="b939">1011100100111001</data_item>
      <data_item mem_id="23a0" data_id="99b9">1001100110111001</data_item>
      <data_item mem_id="23b0" data_id="9bbb">1001101110111011</data_item>
      <data_item mem_id="23c0" data_id="bbb3">1011101110110011</data_item>
      <data_item mem_id="23d0" data_id="bbb3">1011101110110011</data_item>
      <data_item mem_id="23e0" data_id="bb9b">1011101110011011</data_item>
      <data_item mem_id="23f0" data_id="999b">1001100110011011</data_item>
      <data_item mem_id="2400" data_id="999b">1001100110011011</data_item>
      <data_item mem_id="2410" data_id="9bbb">1001101110111011</data_item>
      <data_item mem_id="2420" data_id="3b3b">0011101100111011</data_item>
      <data_item mem_id="2430" data_id="3b99">0011101110011001</data_item>
      <data_item mem_id="2440" data_id="b999">1011100110011001</data_item>
      <data_item mem_id="2450" data_id="bb9a">1011101110011010</data_item>
      <data_item mem_id="2460" data_id="b3bb">1011001110111011</data_item>
      <data_item mem_id="2470" data_id="b3bb">1011001110111011</data_item>
      <data_item mem_id="2480" data_id="9b99">1001101110011001</data_item>
      <data_item mem_id="2490" data_id="bf9d">1011111110011101</data_item>
      <data_item mem_id="24a0" data_id="ffbb">1111111110111011</data_item>
      <data_item mem_id="24b0" data_id="bf3b">1011111100111011</data_item>
      <data_item mem_id="24c0" data_id="b939">1011100100111001</data_item>
      <data_item mem_id="24d0" data_id="9939">1001100100111001</data_item>
      <data_item mem_id="24e0" data_id="9dff">1001110111111111</data_item>
      <data_item mem_id="24f0" data_id="ddf7">1101110111110111</data_item>
      <data_item mem_id="2500" data_id="fbf3">1111101111110011</data_item>
      <data_item mem_id="2510" data_id="b9b3">1011100110110011</data_item>
      <data_item mem_id="2520" data_id="999b">1001100110011011</data_item>
      <data_item mem_id="2530" data_id="dd9b">1101110110011011</data_item>
      <data_item mem_id="2540" data_id="f9bb">1111100110111011</data_item>
      <data_item mem_id="2550" data_id="3b9b">0011101110011011</data_item>
      <data_item mem_id="2560" data_id="3b9d">0011101110011101</data_item>
      <data_item mem_id="2570" data_id="999d">1001100110011101</data_item>
      <data_item mem_id="2580" data_id="f99d">1111100110011101</data_item>
      <data_item mem_id="2590" data_id="f7bf">1111011110111111</data_item>
      <data_item mem_id="25a0" data_id="b39b">1011001110011011</data_item>
      <data_item mem_id="25b0" data_id="b399">1011001110011001</data_item>
      <data_item mem_id="25c0" data_id="9b99">1001101110011001</data_item>
      <data_item mem_id="25d0" data_id="dfb9">1101111110111001</data_item>
      <data_item mem_id="25e0" data_id="bf79">1011111101111001</data_item>
      <data_item mem_id="25f0" data_id="db3b">1101101100111011</data_item>
      <data_item mem_id="2600" data_id="9999">1001100110011001</data_item>
      <data_item mem_id="2610" data_id="95fb">1001010111111011</data_item>
      <data_item mem_id="2620" data_id="ddff">1101110111111111</data_item>
      <data_item mem_id="2630" data_id="fff3">1111111111110011</data_item>
      <data_item mem_id="2640" data_id="fbf3">1111101111110011</data_item>
      <data_item mem_id="2650" data_id="99fb">1001100111111011</data_item>
      <data_item mem_id="2660" data_id="99bb">1001100110111011</data_item>
      <data_item mem_id="2670" data_id="fddb">1111110111011011</data_item>
      <data_item mem_id="2680" data_id="7fbf">0111111110111111</data_item>
      <data_item mem_id="2690" data_id="3bb9">0011101110111001</data_item>
      <data_item mem_id="26a0" data_id="b91d">1011100100011101</data_item>
      <data_item mem_id="26b0" data_id="bddb">1011110111011011</data_item>
      <data_item mem_id="26c0" data_id="ffbf">1111111110111111</data_item>
      <data_item mem_id="26d0" data_id="b3f9">1011001111111001</data_item>
      <data_item mem_id="26e0" data_id="f3bb">1111001110111011</data_item>
      <data_item mem_id="26f0" data_id="db99">1101101110011001</data_item>
      <data_item mem_id="2700" data_id="9fd9">1001111111011001</data_item>
      <data_item mem_id="2710" data_id="ff7d">1111111101111101</data_item>
      <data_item mem_id="2720" data_id="ff73">1111111101110011</data_item>
      <data_item mem_id="2730" data_id="ff3b">1111111100111011</data_item>
      <data_item mem_id="2740" data_id="9ff3">1001111111110011</data_item>
      <data_item mem_id="2750" data_id="dfdd">1101111111011101</data_item>
      <data_item mem_id="2760" data_id="bbb3">1011101110110011</data_item>
      <data_item mem_id="2770" data_id="fbf1">1111101111110001</data_item>
      <data_item mem_id="2780" data_id="9bbb">1001101110111011</data_item>
      <data_item mem_id="2790" data_id="b9ff">1011100111111111</data_item>
      <data_item mem_id="27a0" data_id="7573">0111010101110011</data_item>
      <data_item mem_id="27b0" data_id="9bbb">1001101110111011</data_item>
      <data_item mem_id="27c0" data_id="39bd">0011100110111101</data_item>
      <data_item mem_id="27d0" data_id="3b9d">0011101110011101</data_item>
      <data_item mem_id="27e0" data_id="b99b">1011100110011011</data_item>
      <data_item mem_id="27f0" data_id="f717">1111011100010111</data_item>
   </data>
 </resultfile>
