<?xml version="1.0" encoding="ISO-8859-1"?>
 <resultfile>
   <header>
      <link id="31-32">
        <source_moteid>31</source_moteid>
        <dest_moteid>32</dest_moteid>
      </link>
      <filedate>Thu Jul 21 14:35:37 2011</filedate>
      <channels>
        <num_channels>8</num_channels>
        <channel_ids>11.12.13.14.15.16.17.18</channel_ids>
      </channels>
   </header>
   <data>
      <data_item mem_id="0000" data_id="febe">1111111010111110</data_item>
      <data_item mem_id="0010" data_id="be8f">1011111010001111</data_item>
      <data_item mem_id="0020" data_id="dfcf">1101111111001111</data_item>
      <data_item mem_id="0030" data_id="bfdd">1011111111011101</data_item>
      <data_item mem_id="0040" data_id="fddd">1111110111011101</data_item>
      <data_item mem_id="0050" data_id="fdff">1111110111111111</data_item>
      <data_item mem_id="0060" data_id="bfdf">1011111111011111</data_item>
      <data_item mem_id="0070" data_id="9f9b">1001111110011011</data_item>
      <data_item mem_id="0080" data_id="dfbb">1101111110111011</data_item>
      <data_item mem_id="0090" data_id="feff">1111111011111111</data_item>
      <data_item mem_id="00a0" data_id="fe9e">1111111010011110</data_item>
      <data_item mem_id="00b0" data_id="9e9e">1001111010011110</data_item>
      <data_item mem_id="00c0" data_id="ffff">1111111111111111</data_item>
      <data_item mem_id="00d0" data_id="9fff">1001111111111111</data_item>
      <data_item mem_id="00e0" data_id="9dbd">1001110110111101</data_item>
      <data_item mem_id="00f0" data_id="bdbf">1011110110111111</data_item>
      <data_item mem_id="0100" data_id="ddcd">1101110111001101</data_item>
      <data_item mem_id="0110" data_id="bdfd">1011110111111101</data_item>
      <data_item mem_id="0120" data_id="2b7b">0010101101111011</data_item>
      <data_item mem_id="0130" data_id="9fbf">1001111110111111</data_item>
      <data_item mem_id="0140" data_id="bf9f">1011111110011111</data_item>
      <data_item mem_id="0150" data_id="dfdf">1101111111011111</data_item>
      <data_item mem_id="0160" data_id="cfdf">1100111111011111</data_item>
      <data_item mem_id="0170" data_id="ffdf">1111111111011111</data_item>
      <data_item mem_id="0180" data_id="fd9f">1111110110011111</data_item>
      <data_item mem_id="0190" data_id="bf9f">1011111110011111</data_item>
      <data_item mem_id="01a0" data_id="9f89">1001111110001001</data_item>
      <data_item mem_id="01b0" data_id="d9b8">1101100110111000</data_item>
      <data_item mem_id="01c0" data_id="fbff">1111101111111111</data_item>
      <data_item mem_id="01d0" data_id="be9e">1011111010011110</data_item>
      <data_item mem_id="01e0" data_id="befe">1011111011111110</data_item>
      <data_item mem_id="01f0" data_id="dfdf">1101111111011111</data_item>
      <data_item mem_id="0200" data_id="cfff">1100111111111111</data_item>
      <data_item mem_id="0210" data_id="dddd">1101110111011101</data_item>
      <data_item mem_id="0220" data_id="9dbd">1001110110111101</data_item>
      <data_item mem_id="0230" data_id="fffd">1111111111111101</data_item>
      <data_item mem_id="0240" data_id="bddd">1011110111011101</data_item>
      <data_item mem_id="0250" data_id="0fef">0000111111101111</data_item>
      <data_item mem_id="0260" data_id="fb5b">1111101101011011</data_item>
      <data_item mem_id="0270" data_id="9f8e">1001111110001110</data_item>
      <data_item mem_id="0280" data_id="dedf">1101111011011111</data_item>
      <data_item mem_id="0290" data_id="dfdf">1101111111011111</data_item>
      <data_item mem_id="02a0" data_id="dfdf">1101111111011111</data_item>
      <data_item mem_id="02b0" data_id="ed8d">1110110110001101</data_item>
      <data_item mem_id="02c0" data_id="af9f">1010111110011111</data_item>
      <data_item mem_id="02d0" data_id="9f8f">1001111110001111</data_item>
      <data_item mem_id="02e0" data_id="cba9">1100101110101001</data_item>
      <data_item mem_id="02f0" data_id="c9bf">1100100110111111</data_item>
      <data_item mem_id="0300" data_id="bebe">1011111010111110</data_item>
      <data_item mem_id="0310" data_id="bebe">1011111010111110</data_item>
      <data_item mem_id="0320" data_id="9fdf">1001111111011111</data_item>
      <data_item mem_id="0330" data_id="ffff">1111111111111111</data_item>
      <data_item mem_id="0340" data_id="ddfd">1101110111111101</data_item>
      <data_item mem_id="0350" data_id="ddfd">1101110111111101</data_item>
      <data_item mem_id="0360" data_id="dfff">1101111111111111</data_item>
      <data_item mem_id="0370" data_id="dfdf">1101111111011111</data_item>
      <data_item mem_id="0380" data_id="9bfb">1001101111111011</data_item>
      <data_item mem_id="0390" data_id="abfb">1010101111111011</data_item>
      <data_item mem_id="03a0" data_id="bf9e">1011111110011110</data_item>
      <data_item mem_id="03b0" data_id="de9e">1101111010011110</data_item>
      <data_item mem_id="03c0" data_id="deff">1101111011111111</data_item>
      <data_item mem_id="03d0" data_id="dfdf">1101111111011111</data_item>
      <data_item mem_id="03e0" data_id="fe9d">1111111010011101</data_item>
      <data_item mem_id="03f0" data_id="bdbd">1011110110111101</data_item>
      <data_item mem_id="0400" data_id="9fcd">1001111111001101</data_item>
      <data_item mem_id="0410" data_id="cd8d">1100110110001101</data_item>
      <data_item mem_id="0420" data_id="dd2f">1101110100101111</data_item>
      <data_item mem_id="0430" data_id="ae8f">1010111010001111</data_item>
      <data_item mem_id="0440" data_id="bece">1011111011001110</data_item>
      <data_item mem_id="0450" data_id="9f9f">1001111110011111</data_item>
      <data_item mem_id="0460" data_id="cf8f">1100111110001111</data_item>
      <data_item mem_id="0470" data_id="8ddd">1000110111011101</data_item>
      <data_item mem_id="0480" data_id="ddfd">1101110111111101</data_item>
      <data_item mem_id="0490" data_id="bd9d">1011110110011101</data_item>
      <data_item mem_id="04a0" data_id="df9f">1101111110011111</data_item>
      <data_item mem_id="04b0" data_id="89c9">1000100111001001</data_item>
      <data_item mem_id="04c0" data_id="bbdb">1011101111011011</data_item>
      <data_item mem_id="04d0" data_id="dffe">1101111111111110</data_item>
      <data_item mem_id="04e0" data_id="aebe">1010111010111110</data_item>
      <data_item mem_id="04f0" data_id="9edf">1001111011011111</data_item>
      <data_item mem_id="0500" data_id="ffdf">1111111111011111</data_item>
      <data_item mem_id="0510" data_id="ff9d">1111111110011101</data_item>
      <data_item mem_id="0520" data_id="bd9d">1011110110011101</data_item>
      <data_item mem_id="0530" data_id="bdff">1011110111111111</data_item>
      <data_item mem_id="0540" data_id="eda9">1110110110101001</data_item>
      <data_item mem_id="0550" data_id="bdbb">1011110110111011</data_item>
      <data_item mem_id="0560" data_id="ff7f">1111111101111111</data_item>
      <data_item mem_id="0570" data_id="ffbb">1111111110111011</data_item>
      <data_item mem_id="0580" data_id="d7de">1101011111011110</data_item>
      <data_item mem_id="0590" data_id="dfcf">1101111111001111</data_item>
      <data_item mem_id="05a0" data_id="ffff">1111111111111111</data_item>
      <data_item mem_id="05b0" data_id="cded">1100110111101101</data_item>
      <data_item mem_id="05c0" data_id="9fbf">1001111110111111</data_item>
      <data_item mem_id="05d0" data_id="9f8f">1001111110001111</data_item>
      <data_item mem_id="05e0" data_id="89d9">1000100111011001</data_item>
      <data_item mem_id="05f0" data_id="a9e9">1010100111101001</data_item>
      <data_item mem_id="0600" data_id="7f2e">0111111100101110</data_item>
      <data_item mem_id="0610" data_id="bebe">1011111010111110</data_item>
      <data_item mem_id="0620" data_id="be9f">1011111010011111</data_item>
      <data_item mem_id="0630" data_id="ffef">1111111111101111</data_item>
      <data_item mem_id="0640" data_id="cdcd">1100110111001101</data_item>
      <data_item mem_id="0650" data_id="6d5d">0110110101011101</data_item>
      <data_item mem_id="0660" data_id="1cef">0001110011101111</data_item>
      <data_item mem_id="0670" data_id="ff9f">1111111110011111</data_item>
      <data_item mem_id="0680" data_id="cd3b">1100110100111011</data_item>
      <data_item mem_id="0690" data_id="fb3b">1111101100111011</data_item>
      <data_item mem_id="06a0" data_id="7fff">0111111111111111</data_item>
      <data_item mem_id="06b0" data_id="dede">1101111011011110</data_item>
      <data_item mem_id="06c0" data_id="9ede">1001111011011110</data_item>
      <data_item mem_id="06d0" data_id="ffff">1111111111111111</data_item>
      <data_item mem_id="06e0" data_id="cf7f">1100111101111111</data_item>
      <data_item mem_id="06f0" data_id="1dbd">0001110110111101</data_item>
      <data_item mem_id="0700" data_id="9f9f">1001111110011111</data_item>
      <data_item mem_id="0710" data_id="ddcd">1101110111001101</data_item>
      <data_item mem_id="0720" data_id="adfd">1010110111111101</data_item>
      <data_item mem_id="0730" data_id="afbf">1010111110111111</data_item>
      <data_item mem_id="0740" data_id="3bbe">0011101110111110</data_item>
      <data_item mem_id="0750" data_id="be1e">1011111000011110</data_item>
      <data_item mem_id="0760" data_id="ddcf">1101110111001111</data_item>
      <data_item mem_id="0770" data_id="efcd">1110111111001101</data_item>
      <data_item mem_id="0780" data_id="6d5d">0110110101011101</data_item>
      <data_item mem_id="0790" data_id="fd3f">1111110100111111</data_item>
      <data_item mem_id="07a0" data_id="ffdf">1111111111011111</data_item>
      <data_item mem_id="07b0" data_id="df9b">1101111110011011</data_item>
      <data_item mem_id="07c0" data_id="dbbb">1101101110111011</data_item>
      <data_item mem_id="07d0" data_id="fb3f">1111101100111111</data_item>
      <data_item mem_id="07e0" data_id="be8e">1011111010001110</data_item>
      <data_item mem_id="07f0" data_id="3efe">0011111011111110</data_item>
      <data_item mem_id="0800" data_id="ffff">1111111111111111</data_item>
      <data_item mem_id="0810" data_id="dfbf">1101111110111111</data_item>
      <data_item mem_id="0820" data_id="ddbd">1101110110111101</data_item>
      <data_item mem_id="0830" data_id="fdbf">1111110110111111</data_item>
      <data_item mem_id="0840" data_id="dfdd">1101111111011101</data_item>
      <data_item mem_id="0850" data_id="bffd">1011111111111101</data_item>
      <data_item mem_id="0860" data_id="8bbf">1000101110111111</data_item>
      <data_item mem_id="0870" data_id="ffbe">1111111110111110</data_item>
      <data_item mem_id="0880" data_id="ff9f">1111111110011111</data_item>
      <data_item mem_id="0890" data_id="d9be">1101100110111110</data_item>
      <data_item mem_id="08a0" data_id="9fcf">1001111111001111</data_item>
      <data_item mem_id="08b0" data_id="eddd">1110110111011101</data_item>
      <data_item mem_id="08c0" data_id="bddf">1011110111011111</data_item>
      <data_item mem_id="08d0" data_id="ffdf">1111111111011111</data_item>
      <data_item mem_id="08e0" data_id="df99">1101111110011001</data_item>
      <data_item mem_id="08f0" data_id="d9b9">1101100110111001</data_item>
      <data_item mem_id="0900" data_id="ebff">1110101111111111</data_item>
      <data_item mem_id="0910" data_id="febe">1111111010111110</data_item>
      <data_item mem_id="0920" data_id="aebe">1010111010111110</data_item>
      <data_item mem_id="0930" data_id="bfff">1011111111111111</data_item>
      <data_item mem_id="0940" data_id="dfff">1101111111111111</data_item>
      <data_item mem_id="0950" data_id="dd7d">1101110101111101</data_item>
      <data_item mem_id="0960" data_id="5dfd">0101110111111101</data_item>
      <data_item mem_id="0970" data_id="dffd">1101111111111101</data_item>
      <data_item mem_id="0980" data_id="fdfd">1111110111111101</data_item>
      <data_item mem_id="0990" data_id="bbfb">1011101111111011</data_item>
      <data_item mem_id="09a0" data_id="fbcf">1111101111001111</data_item>
      <data_item mem_id="09b0" data_id="dfbe">1101111110111110</data_item>
      <data_item mem_id="09c0" data_id="fe9f">1111111010011111</data_item>
      <data_item mem_id="09d0" data_id="efff">1110111111111111</data_item>
      <data_item mem_id="09e0" data_id="cfdf">1100111111011111</data_item>
      <data_item mem_id="09f0" data_id="ffdf">1111111111011111</data_item>
      <data_item mem_id="0a00" data_id="ffdf">1111111111011111</data_item>
      <data_item mem_id="0a10" data_id="df9d">1101111110011101</data_item>
      <data_item mem_id="0a20" data_id="ddb9">1101110110111001</data_item>
      <data_item mem_id="0a30" data_id="fdbf">1111110110111111</data_item>
      <data_item mem_id="0a40" data_id="9ebe">1001111010111110</data_item>
      <data_item mem_id="0a50" data_id="be9e">1011111010011110</data_item>
      <data_item mem_id="0a60" data_id="9fdf">1001111111011111</data_item>
      <data_item mem_id="0a70" data_id="efef">1110111111101111</data_item>
      <data_item mem_id="0a80" data_id="dd6d">1101110101101101</data_item>
      <data_item mem_id="0a90" data_id="5dfd">0101110111111101</data_item>
      <data_item mem_id="0aa0" data_id="fbff">1111101111111111</data_item>
      <data_item mem_id="0ab0" data_id="dfdf">1101111111011111</data_item>
      <data_item mem_id="0ac0" data_id="99fb">1001100111111011</data_item>
      <data_item mem_id="0ad0" data_id="bbfb">1011101111111011</data_item>
      <data_item mem_id="0ae0" data_id="bfbe">1011111110111110</data_item>
      <data_item mem_id="0af0" data_id="debe">1101111010111110</data_item>
      <data_item mem_id="0b00" data_id="deff">1101111011111111</data_item>
      <data_item mem_id="0b10" data_id="ffdf">1111111111011111</data_item>
      <data_item mem_id="0b20" data_id="7f5d">0111111101011101</data_item>
      <data_item mem_id="0b30" data_id="fdff">1111110111111111</data_item>
      <data_item mem_id="0b40" data_id="dfdd">1101111111011101</data_item>
      <data_item mem_id="0b50" data_id="cdad">1100110110101101</data_item>
      <data_item mem_id="0b60" data_id="fdbf">1111110110111111</data_item>
      <data_item mem_id="0b70" data_id="bfbf">1011111110111111</data_item>
      <data_item mem_id="0b80" data_id="bfbe">1011111110111110</data_item>
      <data_item mem_id="0b90" data_id="bfdd">1011111111011101</data_item>
      <data_item mem_id="0ba0" data_id="efcf">1110111111001111</data_item>
      <data_item mem_id="0bb0" data_id="cd6d">1100110101101101</data_item>
      <data_item mem_id="0bc0" data_id="dc3d">1101110000111101</data_item>
      <data_item mem_id="0bd0" data_id="ffff">1111111111111111</data_item>
      <data_item mem_id="0be0" data_id="df9f">1101111110011111</data_item>
      <data_item mem_id="0bf0" data_id="99db">1001100111011011</data_item>
      <data_item mem_id="0c00" data_id="bbfb">1011101111111011</data_item>
      <data_item mem_id="0c10" data_id="bffe">1011111111111110</data_item>
      <data_item mem_id="0c20" data_id="be9e">1011111010011110</data_item>
      <data_item mem_id="0c30" data_id="bebf">1011111010111111</data_item>
      <data_item mem_id="0c40" data_id="9fcf">1001111111001111</data_item>
      <data_item mem_id="0c50" data_id="dfdd">1101111111011101</data_item>
      <data_item mem_id="0c60" data_id="fddd">1111110111011101</data_item>
      <data_item mem_id="0c70" data_id="bdef">1011110111101111</data_item>
      <data_item mem_id="0c80" data_id="ddbf">1101110110111111</data_item>
      <data_item mem_id="0c90" data_id="fdbb">1111110110111011</data_item>
      <data_item mem_id="0ca0" data_id="ebff">1110101111111111</data_item>
      <data_item mem_id="0cb0" data_id="bfbf">1011111110111111</data_item>
      <data_item mem_id="0cc0" data_id="9fbf">1001111110111111</data_item>
      <data_item mem_id="0cd0" data_id="afcf">1010111111001111</data_item>
      <data_item mem_id="0ce0" data_id="cd6d">1100110101101101</data_item>
      <data_item mem_id="0cf0" data_id="5f7d">0101111101111101</data_item>
      <data_item mem_id="0d00" data_id="5fbf">0101111110111111</data_item>
      <data_item mem_id="0d10" data_id="dfdf">1101111111011111</data_item>
      <data_item mem_id="0d20" data_id="99db">1001100111011011</data_item>
      <data_item mem_id="0d30" data_id="b9f9">1011100111111001</data_item>
      <data_item mem_id="0d40" data_id="bfbe">1011111110111110</data_item>
      <data_item mem_id="0d50" data_id="bebe">1011111010111110</data_item>
      <data_item mem_id="0d60" data_id="9e9f">1001111010011111</data_item>
      <data_item mem_id="0d70" data_id="dfcf">1101111111001111</data_item>
      <data_item mem_id="0d80" data_id="efcd">1110111111001101</data_item>
      <data_item mem_id="0d90" data_id="7c5d">0111110001011101</data_item>
      <data_item mem_id="0da0" data_id="5ddf">0101110111011111</data_item>
      <data_item mem_id="0db0" data_id="ffdd">1111111111011101</data_item>
      <data_item mem_id="0dc0" data_id="bdb9">1011110110111001</data_item>
      <data_item mem_id="0dd0" data_id="f9fb">1111100111111011</data_item>
      <data_item mem_id="0de0" data_id="dbff">1101101111111111</data_item>
      <data_item mem_id="0df0" data_id="de9e">1101111010011110</data_item>
      <data_item mem_id="0e00" data_id="9eff">1001111011111111</data_item>
      <data_item mem_id="0e10" data_id="cfcf">1100111111001111</data_item>
      <data_item mem_id="0e20" data_id="deff">1101111011111111</data_item>
      <data_item mem_id="0e30" data_id="ddbf">1101110110111111</data_item>
      <data_item mem_id="0e40" data_id="9f8f">1001111110001111</data_item>
      <data_item mem_id="0e50" data_id="cddf">1100110111011111</data_item>
      <data_item mem_id="0e60" data_id="bffb">1011111111111011</data_item>
      <data_item mem_id="0e70" data_id="bf7f">1011111101111111</data_item>
      <data_item mem_id="0e80" data_id="3ebe">0011111010111110</data_item>
      <data_item mem_id="0e90" data_id="be9f">1011111010011111</data_item>
      <data_item mem_id="0ea0" data_id="dfcf">1101111111001111</data_item>
      <data_item mem_id="0eb0" data_id="ebcd">1110101111001101</data_item>
      <data_item mem_id="0ec0" data_id="6d5d">0110110101011101</data_item>
      <data_item mem_id="0ed0" data_id="7dff">0111110111111111</data_item>
      <data_item mem_id="0ee0" data_id="ffdf">1111111111011111</data_item>
      <data_item mem_id="0ef0" data_id="df9b">1101111110011011</data_item>
      <data_item mem_id="0f00" data_id="dbbb">1101101110111011</data_item>
      <data_item mem_id="0f10" data_id="fbbf">1111101110111111</data_item>
      <data_item mem_id="0f20" data_id="be9e">1011111010011110</data_item>
      <data_item mem_id="0f30" data_id="8ede">1000111011011110</data_item>
      <data_item mem_id="0f40" data_id="ffff">1111111111111111</data_item>
      <data_item mem_id="0f50" data_id="dfff">1101111111111111</data_item>
      <data_item mem_id="0f60" data_id="cdfd">1100110111111101</data_item>
      <data_item mem_id="0f70" data_id="fdff">1111110111111111</data_item>
      <data_item mem_id="0f80" data_id="dddd">1101110111011101</data_item>
      <data_item mem_id="0f90" data_id="bdfd">1011110111111101</data_item>
      <data_item mem_id="0fa0" data_id="bb3f">1011101100111111</data_item>
      <data_item mem_id="0fb0" data_id="bfbf">1011111110111111</data_item>
      <data_item mem_id="0fc0" data_id="bf9f">1011111110011111</data_item>
      <data_item mem_id="0fd0" data_id="dfcf">1101111111001111</data_item>
      <data_item mem_id="0fe0" data_id="8ecf">1000111011001111</data_item>
      <data_item mem_id="0ff0" data_id="ed1d">1110110100011101</data_item>
      <data_item mem_id="1000" data_id="bd3f">1011110100111111</data_item>
      <data_item mem_id="1010" data_id="af9f">1010111110011111</data_item>
      <data_item mem_id="1020" data_id="df99">1101111110011001</data_item>
      <data_item mem_id="1030" data_id="d9b9">1101100110111001</data_item>
      <data_item mem_id="1040" data_id="fbbf">1111101110111111</data_item>
      <data_item mem_id="1050" data_id="bebe">1011111010111110</data_item>
      <data_item mem_id="1060" data_id="bebe">1011111010111110</data_item>
      <data_item mem_id="1070" data_id="bfff">1011111111111111</data_item>
      <data_item mem_id="1080" data_id="dfff">1101111111111111</data_item>
      <data_item mem_id="1090" data_id="ddbd">1101110110111101</data_item>
      <data_item mem_id="10a0" data_id="9dbd">1001110110111101</data_item>
      <data_item mem_id="10b0" data_id="ffff">1111111111111111</data_item>
      <data_item mem_id="10c0" data_id="bffd">1011111111111101</data_item>
      <data_item mem_id="10d0" data_id="ab7b">1010101101111011</data_item>
      <data_item mem_id="10e0" data_id="fb7f">1111101101111111</data_item>
      <data_item mem_id="10f0" data_id="bf9e">1011111110011110</data_item>
      <data_item mem_id="1100" data_id="dedf">1101111011011111</data_item>
      <data_item mem_id="1110" data_id="cfef">1100111111101111</data_item>
      <data_item mem_id="1120" data_id="dfdf">1101111111011111</data_item>
      <data_item mem_id="1130" data_id="ff8f">1111111110001111</data_item>
      <data_item mem_id="1140" data_id="bf8f">1011111110001111</data_item>
      <data_item mem_id="1150" data_id="9f8f">1001111110001111</data_item>
      <data_item mem_id="1160" data_id="cbab">1100101110101011</data_item>
      <data_item mem_id="1170" data_id="fbdf">1111101111011111</data_item>
      <data_item mem_id="1180" data_id="de3e">1101111000111110</data_item>
      <data_item mem_id="1190" data_id="afbe">1010111110111110</data_item>
      <data_item mem_id="11a0" data_id="9f9f">1001111110011111</data_item>
      <data_item mem_id="11b0" data_id="eedf">1110111011011111</data_item>
      <data_item mem_id="11c0" data_id="fddd">1111110111011101</data_item>
      <data_item mem_id="11d0" data_id="dd9d">1101110110011101</data_item>
      <data_item mem_id="11e0" data_id="cf1f">1100111100011111</data_item>
      <data_item mem_id="11f0" data_id="9fcd">1001111111001101</data_item>
      <data_item mem_id="1200" data_id="bfef">1011111111101111</data_item>
      <data_item mem_id="1210" data_id="bf7b">1011111101111011</data_item>
      <data_item mem_id="1220" data_id="ff9e">1111111110011110</data_item>
      <data_item mem_id="1230" data_id="de9e">1101111010011110</data_item>
      <data_item mem_id="1240" data_id="deff">1101111011111111</data_item>
      <data_item mem_id="1250" data_id="ffdf">1111111111011111</data_item>
      <data_item mem_id="1260" data_id="ff9d">1111111110011101</data_item>
      <data_item mem_id="1270" data_id="bd9f">1011110110011111</data_item>
      <data_item mem_id="1280" data_id="9fdd">1001111111011101</data_item>
      <data_item mem_id="1290" data_id="dfbd">1101111110111101</data_item>
      <data_item mem_id="12a0" data_id="edbf">1110110110111111</data_item>
      <data_item mem_id="12b0" data_id="bfbd">1011111110111101</data_item>
      <data_item mem_id="12c0" data_id="3ebe">0011111010111110</data_item>
      <data_item mem_id="12d0" data_id="9fdf">1001111111011111</data_item>
      <data_item mem_id="12e0" data_id="dfdf">1101111111011111</data_item>
      <data_item mem_id="12f0" data_id="dd7d">1101110101111101</data_item>
      <data_item mem_id="1300" data_id="dd7d">1101110101111101</data_item>
      <data_item mem_id="1310" data_id="bfbf">1011111110111111</data_item>
      <data_item mem_id="1320" data_id="dfdf">1101111111011111</data_item>
      <data_item mem_id="1330" data_id="dbdb">1101101111011011</data_item>
      <data_item mem_id="1340" data_id="bbfb">1011101111111011</data_item>
      <data_item mem_id="1350" data_id="bfbe">1011111110111110</data_item>
      <data_item mem_id="1360" data_id="be9e">1011111010011110</data_item>
      <data_item mem_id="1370" data_id="9eff">1001111011111111</data_item>
      <data_item mem_id="1380" data_id="ffdf">1111111111011111</data_item>
      <data_item mem_id="1390" data_id="ff8f">1111111110001111</data_item>
      <data_item mem_id="13a0" data_id="fddd">1111110111011101</data_item>
      <data_item mem_id="13b0" data_id="bdfd">1011110111111101</data_item>
      <data_item mem_id="13c0" data_id="9dbd">1001110110111101</data_item>
      <data_item mem_id="13d0" data_id="df9b">1101111110011011</data_item>
      <data_item mem_id="13e0" data_id="fbbb">1111101110111011</data_item>
      <data_item mem_id="13f0" data_id="bdbf">1011110110111111</data_item>
      <data_item mem_id="1400" data_id="9fbf">1001111110111111</data_item>
      <data_item mem_id="1410" data_id="ffff">1111111111111111</data_item>
      <data_item mem_id="1420" data_id="cf7f">1100111101111111</data_item>
      <data_item mem_id="1430" data_id="9fdd">1001111111011101</data_item>
      <data_item mem_id="1440" data_id="dfbf">1101111110111111</data_item>
      <data_item mem_id="1450" data_id="dfdf">1101111111011111</data_item>
      <data_item mem_id="1460" data_id="9dcb">1001110111001011</data_item>
      <data_item mem_id="1470" data_id="38f9">0011100011111001</data_item>
      <data_item mem_id="1480" data_id="bfbe">1011111110111110</data_item>
      <data_item mem_id="1490" data_id="bebe">1011111010111110</data_item>
      <data_item mem_id="14a0" data_id="bebb">1011111010111011</data_item>
      <data_item mem_id="14b0" data_id="dfdf">1101111111011111</data_item>
      <data_item mem_id="14c0" data_id="dddd">1101110111011101</data_item>
      <data_item mem_id="14d0" data_id="fddd">1111110111011101</data_item>
      <data_item mem_id="14e0" data_id="fdff">1111110111111111</data_item>
      <data_item mem_id="14f0" data_id="bf9f">1011111110011111</data_item>
      <data_item mem_id="1500" data_id="fdbb">1111110110111011</data_item>
      <data_item mem_id="1510" data_id="ffdf">1111111111011111</data_item>
      <data_item mem_id="1520" data_id="ffbf">1111111110111111</data_item>
      <data_item mem_id="1530" data_id="9e9e">1001111010011110</data_item>
      <data_item mem_id="1540" data_id="9cdd">1001110011011101</data_item>
      <data_item mem_id="1550" data_id="ffdf">1111111111011111</data_item>
      <data_item mem_id="1560" data_id="df7f">1101111101111111</data_item>
      <data_item mem_id="1570" data_id="9cbf">1001110010111111</data_item>
      <data_item mem_id="1580" data_id="9d93">1001110110010011</data_item>
      <data_item mem_id="1590" data_id="9ddf">1001110111011111</data_item>
      <data_item mem_id="15a0" data_id="8dfb">1000110111111011</data_item>
      <data_item mem_id="15b0" data_id="9ebf">1001111010111111</data_item>
      <data_item mem_id="15c0" data_id="bb9e">1011101110011110</data_item>
      <data_item mem_id="15d0" data_id="be9f">1011111010011111</data_item>
      <data_item mem_id="15e0" data_id="dfdf">1101111111011111</data_item>
      <data_item mem_id="15f0" data_id="ffdd">1111111111011101</data_item>
      <data_item mem_id="1600" data_id="dddd">1101110111011101</data_item>
      <data_item mem_id="1610" data_id="fdff">1111110111111111</data_item>
      <data_item mem_id="1620" data_id="bfdf">1011111111011111</data_item>
      <data_item mem_id="1630" data_id="df9b">1101111110011011</data_item>
      <data_item mem_id="1640" data_id="dbbb">1101101110111011</data_item>
      <data_item mem_id="1650" data_id="fbbd">1111101110111101</data_item>
      <data_item mem_id="1660" data_id="9e9e">1001111010011110</data_item>
      <data_item mem_id="1670" data_id="9e5e">1001111001011110</data_item>
      <data_item mem_id="1680" data_id="fddf">1111110111011111</data_item>
      <data_item mem_id="1690" data_id="dfff">1101111111111111</data_item>
      <data_item mem_id="16a0" data_id="9d7d">1001110101111101</data_item>
      <data_item mem_id="16b0" data_id="cdbf">1100110110111111</data_item>
      <data_item mem_id="16c0" data_id="dddf">1101110111011111</data_item>
      <data_item mem_id="16d0" data_id="9dfd">1001110111111101</data_item>
      <data_item mem_id="16e0" data_id="7b7f">0111101101111111</data_item>
      <data_item mem_id="16f0" data_id="3fbb">0011111110111011</data_item>
      <data_item mem_id="1700" data_id="bf9f">1011111110011111</data_item>
      <data_item mem_id="1710" data_id="dfde">1101111111011110</data_item>
      <data_item mem_id="1720" data_id="dddf">1101110111011111</data_item>
      <data_item mem_id="1730" data_id="7f5d">0111111101011101</data_item>
      <data_item mem_id="1740" data_id="7dbf">0111110110111111</data_item>
      <data_item mem_id="1750" data_id="bf9f">1011111110011111</data_item>
      <data_item mem_id="1760" data_id="df99">1101111110011001</data_item>
      <data_item mem_id="1770" data_id="d9bb">1101100110111011</data_item>
      <data_item mem_id="1780" data_id="ffbf">1111111110111111</data_item>
      <data_item mem_id="1790" data_id="febe">1111111010111110</data_item>
      <data_item mem_id="17a0" data_id="be9e">1011111010011110</data_item>
      <data_item mem_id="17b0" data_id="afd7">1010111111010111</data_item>
      <data_item mem_id="17c0" data_id="df9f">1101111110011111</data_item>
      <data_item mem_id="17d0" data_id="ddbd">1101110110111101</data_item>
      <data_item mem_id="17e0" data_id="9dbd">1001110110111101</data_item>
      <data_item mem_id="17f0" data_id="ddfd">1101110111111101</data_item>
      <data_item mem_id="1800" data_id="bcaf">1011110010101111</data_item>
      <data_item mem_id="1810" data_id="3bfb">0011101111111011</data_item>
      <data_item mem_id="1820" data_id="7bff">0111101111111111</data_item>
      <data_item mem_id="1830" data_id="bf9e">1011111110011110</data_item>
      <data_item mem_id="1840" data_id="8edf">1000111011011111</data_item>
      <data_item mem_id="1850" data_id="dfdf">1101111111011111</data_item>
      <data_item mem_id="1860" data_id="ffdf">1111111111011111</data_item>
      <data_item mem_id="1870" data_id="ff9d">1111111110011101</data_item>
      <data_item mem_id="1880" data_id="bf9f">1011111110011111</data_item>
      <data_item mem_id="1890" data_id="9f9d">1001111110011101</data_item>
      <data_item mem_id="18a0" data_id="c9bb">1100100110111011</data_item>
      <data_item mem_id="18b0" data_id="9bbf">1001101110111111</data_item>
      <data_item mem_id="18c0" data_id="3fbe">0011111110111110</data_item>
      <data_item mem_id="18d0" data_id="bfbe">1011111110111110</data_item>
      <data_item mem_id="18e0" data_id="9fdf">1001111111011111</data_item>
      <data_item mem_id="18f0" data_id="dfdf">1101111111011111</data_item>
      <data_item mem_id="1900" data_id="ddfd">1101110111111101</data_item>
      <data_item mem_id="1910" data_id="dfbd">1101111110111101</data_item>
      <data_item mem_id="1920" data_id="ffff">1111111111111111</data_item>
      <data_item mem_id="1930" data_id="9fdd">1001111111011101</data_item>
      <data_item mem_id="1940" data_id="bb7b">1011101101111011</data_item>
      <data_item mem_id="1950" data_id="bb7b">1011101101111011</data_item>
      <data_item mem_id="1960" data_id="ffde">1111111111011110</data_item>
      <data_item mem_id="1970" data_id="8e9e">1000111010011110</data_item>
      <data_item mem_id="1980" data_id="deff">1101111011111111</data_item>
      <data_item mem_id="1990" data_id="ffdf">1111111111011111</data_item>
      <data_item mem_id="19a0" data_id="5f9d">0101111110011101</data_item>
      <data_item mem_id="19b0" data_id="bc9f">1011110010011111</data_item>
      <data_item mem_id="19c0" data_id="9fdf">1001111111011111</data_item>
      <data_item mem_id="19d0" data_id="cfef">1100111111101111</data_item>
      <data_item mem_id="19e0" data_id="ef3f">1110111100111111</data_item>
      <data_item mem_id="19f0" data_id="ffbf">1111111110111111</data_item>
      <data_item mem_id="1a00" data_id="bebe">1011111010111110</data_item>
      <data_item mem_id="1a10" data_id="9f5f">1001111101011111</data_item>
      <data_item mem_id="1a20" data_id="efef">1110111111101111</data_item>
      <data_item mem_id="1a30" data_id="ccfd">1100110011111101</data_item>
      <data_item mem_id="1a40" data_id="ddfd">1101110111111101</data_item>
      <data_item mem_id="1a50" data_id="ffff">1111111111111111</data_item>
      <data_item mem_id="1a60" data_id="dfdf">1101111111011111</data_item>
      <data_item mem_id="1a70" data_id="d9db">1101100111011011</data_item>
      <data_item mem_id="1a80" data_id="fbfb">1111101111111011</data_item>
      <data_item mem_id="1a90" data_id="bfbe">1011111110111110</data_item>
      <data_item mem_id="1aa0" data_id="bebe">1011111010111110</data_item>
      <data_item mem_id="1ab0" data_id="debf">1101111010111111</data_item>
      <data_item mem_id="1ac0" data_id="ffdf">1111111111011111</data_item>
      <data_item mem_id="1ad0" data_id="efdd">1110111111011101</data_item>
      <data_item mem_id="1ae0" data_id="fdfd">1111110111111101</data_item>
      <data_item mem_id="1af0" data_id="fdbd">1111110110111101</data_item>
      <data_item mem_id="1b00" data_id="ddbf">1101110110111111</data_item>
      <data_item mem_id="1b10" data_id="ffbb">1111111110111011</data_item>
      <data_item mem_id="1b20" data_id="efbf">1110111110111111</data_item>
      <data_item mem_id="1b30" data_id="bfbd">1011111110111101</data_item>
      <data_item mem_id="1b40" data_id="bebf">1011111010111111</data_item>
      <data_item mem_id="1b50" data_id="ffdf">1111111111011111</data_item>
      <data_item mem_id="1b60" data_id="dfff">1101111111111111</data_item>
      <data_item mem_id="1b70" data_id="dffd">1101111111111101</data_item>
      <data_item mem_id="1b80" data_id="9fbf">1001111110111111</data_item>
      <data_item mem_id="1b90" data_id="dfff">1101111111111111</data_item>
      <data_item mem_id="1ba0" data_id="ddd9">1101110111011001</data_item>
      <data_item mem_id="1bb0" data_id="f9f9">1111100111111001</data_item>
      <data_item mem_id="1bc0" data_id="bfbe">1011111110111110</data_item>
      <data_item mem_id="1bd0" data_id="bebe">1011111010111110</data_item>
      <data_item mem_id="1be0" data_id="bebf">1011111010111111</data_item>
      <data_item mem_id="1bf0" data_id="ffcf">1111111111001111</data_item>
      <data_item mem_id="1c00" data_id="fddd">1111110111011101</data_item>
      <data_item mem_id="1c10" data_id="3d1d">0011110100011101</data_item>
      <data_item mem_id="1c20" data_id="fdff">1111110111111111</data_item>
      <data_item mem_id="1c30" data_id="ff5d">1111111101011101</data_item>
      <data_item mem_id="1c40" data_id="fddb">1111110111011011</data_item>
      <data_item mem_id="1c50" data_id="bb9b">1011101110011011</data_item>
      <data_item mem_id="1c60" data_id="dbff">1101101111111111</data_item>
      <data_item mem_id="1c70" data_id="bede">1011111011011110</data_item>
      <data_item mem_id="1c80" data_id="bedf">1011111011011111</data_item>
      <data_item mem_id="1c90" data_id="eecd">1110111011001101</data_item>
      <data_item mem_id="1ca0" data_id="5f7f">0101111101111111</data_item>
      <data_item mem_id="1cb0" data_id="ddff">1101110111111111</data_item>
      <data_item mem_id="1cc0" data_id="dddf">1101110111011111</data_item>
      <data_item mem_id="1cd0" data_id="cfdd">1100111111011101</data_item>
      <data_item mem_id="1ce0" data_id="fdf9">1111110111111001</data_item>
      <data_item mem_id="1cf0" data_id="7f7f">0111111101111111</data_item>
      <data_item mem_id="1d00" data_id="3a1c">0011101000011100</data_item>
      <data_item mem_id="1d10" data_id="be9f">1011111010011111</data_item>
      <data_item mem_id="1d20" data_id="dfcc">1101111111001100</data_item>
      <data_item mem_id="1d30" data_id="dddc">1101110111011100</data_item>
      <data_item mem_id="1d40" data_id="1ddd">0001110111011101</data_item>
      <data_item mem_id="1d50" data_id="dddf">1101110111011111</data_item>
      <data_item mem_id="1d60" data_id="ffdf">1111111111011111</data_item>
      <data_item mem_id="1d70" data_id="df9b">1101111110011011</data_item>
      <data_item mem_id="1d80" data_id="fbfb">1111101111111011</data_item>
      <data_item mem_id="1d90" data_id="5bdf">0101101111011111</data_item>
      <data_item mem_id="1da0" data_id="de9e">1101111010011110</data_item>
      <data_item mem_id="1db0" data_id="cede">1100111011011110</data_item>
      <data_item mem_id="1dc0" data_id="fffe">1111111111111110</data_item>
      <data_item mem_id="1dd0" data_id="dfff">1101111111111111</data_item>
      <data_item mem_id="1de0" data_id="999d">1001100110011101</data_item>
      <data_item mem_id="1df0" data_id="bd9f">1011110110011111</data_item>
      <data_item mem_id="1e00" data_id="ddcd">1101110111001101</data_item>
      <data_item mem_id="1e10" data_id="bded">1011110111101101</data_item>
      <data_item mem_id="1e20" data_id="bb7f">1011101101111111</data_item>
      <data_item mem_id="1e30" data_id="bf3f">1011111100111111</data_item>
      <data_item mem_id="1e40" data_id="bf9f">1011111110011111</data_item>
      <data_item mem_id="1e50" data_id="dfcc">1101111111001100</data_item>
      <data_item mem_id="1e60" data_id="cfcf">1100111111001111</data_item>
      <data_item mem_id="1e70" data_id="7d1f">0111110100011111</data_item>
      <data_item mem_id="1e80" data_id="7d7f">0111110101111111</data_item>
      <data_item mem_id="1e90" data_id="efdd">1110111111011101</data_item>
      <data_item mem_id="1ea0" data_id="9f99">1001111110011001</data_item>
      <data_item mem_id="1eb0" data_id="ddbd">1101110110111101</data_item>
      <data_item mem_id="1ec0" data_id="fbbf">1111101110111111</data_item>
      <data_item mem_id="1ed0" data_id="bcbe">1011110010111110</data_item>
      <data_item mem_id="1ee0" data_id="aebe">1010111010111110</data_item>
      <data_item mem_id="1ef0" data_id="ffdf">1111111111011111</data_item>
      <data_item mem_id="1f00" data_id="dfce">1101111111001110</data_item>
      <data_item mem_id="1f10" data_id="ed7d">1110110101111101</data_item>
      <data_item mem_id="1f20" data_id="ddfd">1101110111111101</data_item>
      <data_item mem_id="1f30" data_id="edbd">1110110110111101</data_item>
      <data_item mem_id="1f40" data_id="bdfd">1011110111111101</data_item>
      <data_item mem_id="1f50" data_id="dbfb">1101101111111011</data_item>
      <data_item mem_id="1f60" data_id="ff9f">1111111110011111</data_item>
      <data_item mem_id="1f70" data_id="bf9e">1011111110011110</data_item>
      <data_item mem_id="1f80" data_id="9eff">1001111011111111</data_item>
      <data_item mem_id="1f90" data_id="ffdf">1111111111011111</data_item>
      <data_item mem_id="1fa0" data_id="efdd">1110111111011101</data_item>
      <data_item mem_id="1fb0" data_id="3fdf">0011111111011111</data_item>
      <data_item mem_id="1fc0" data_id="ffcf">1111111111001111</data_item>
      <data_item mem_id="1fd0" data_id="dd9d">1101110110011101</data_item>
      <data_item mem_id="1fe0" data_id="ddfd">1101110111111101</data_item>
      <data_item mem_id="1ff0" data_id="dddf">1101110111011111</data_item>
      <data_item mem_id="2000" data_id="febe">1111111010111110</data_item>
      <data_item mem_id="2010" data_id="be9e">1011111010011110</data_item>
      <data_item mem_id="2020" data_id="ffff">1111111111111111</data_item>
      <data_item mem_id="2030" data_id="ffff">1111111111111111</data_item>
      <data_item mem_id="2040" data_id="cd4d">1100110101001101</data_item>
      <data_item mem_id="2050" data_id="ddfd">1101110111111101</data_item>
      <data_item mem_id="2060" data_id="ffef">1111111111101111</data_item>
      <data_item mem_id="2070" data_id="9fdf">1001111111011111</data_item>
      <data_item mem_id="2080" data_id="9bfb">1001101111111011</data_item>
      <data_item mem_id="2090" data_id="bbff">1011101111111111</data_item>
      <data_item mem_id="20a0" data_id="dfde">1101111111011110</data_item>
      <data_item mem_id="20b0" data_id="dede">1101111011011110</data_item>
      <data_item mem_id="20c0" data_id="deff">1101111011111111</data_item>
      <data_item mem_id="20d0" data_id="ffdb">1111111111011011</data_item>
      <data_item mem_id="20e0" data_id="dfdd">1101111111011101</data_item>
      <data_item mem_id="20f0" data_id="fddf">1111110111011111</data_item>
      <data_item mem_id="2100" data_id="df9d">1101111110011101</data_item>
      <data_item mem_id="2110" data_id="9dbd">1001110110111101</data_item>
      <data_item mem_id="2120" data_id="fdbf">1111110110111111</data_item>
      <data_item mem_id="2130" data_id="bfbf">1011111110111111</data_item>
      <data_item mem_id="2140" data_id="bebe">1011111010111110</data_item>
      <data_item mem_id="2150" data_id="ffff">1111111111111111</data_item>
      <data_item mem_id="2160" data_id="ffdf">1111111111011111</data_item>
      <data_item mem_id="2170" data_id="dded">1101110111101101</data_item>
      <data_item mem_id="2180" data_id="9dfd">1001110111111101</data_item>
      <data_item mem_id="2190" data_id="7fff">0111111111111111</data_item>
      <data_item mem_id="21a0" data_id="dfcf">1101111111001111</data_item>
      <data_item mem_id="21b0" data_id="99db">1001100111011011</data_item>
      <data_item mem_id="21c0" data_id="bffb">1011111111111011</data_item>
      <data_item mem_id="21d0" data_id="fffe">1111111111111110</data_item>
      <data_item mem_id="21e0" data_id="bebe">1011111010111110</data_item>
      <data_item mem_id="21f0" data_id="eeff">1110111011111111</data_item>
      <data_item mem_id="2200" data_id="efdf">1110111111011111</data_item>
      <data_item mem_id="2210" data_id="ffdd">1111111111011101</data_item>
      <data_item mem_id="2220" data_id="fdfd">1111110111111101</data_item>
      <data_item mem_id="2230" data_id="fddd">1111110111011101</data_item>
      <data_item mem_id="2240" data_id="ddbd">1101110110111101</data_item>
      <data_item mem_id="2250" data_id="fdbb">1111110110111011</data_item>
      <data_item mem_id="2260" data_id="fbbf">1111101110111111</data_item>
      <data_item mem_id="2270" data_id="bfbf">1011111110111111</data_item>
      <data_item mem_id="2280" data_id="bfef">1011111111101111</data_item>
      <data_item mem_id="2290" data_id="ffef">1111111111101111</data_item>
      <data_item mem_id="22a0" data_id="cfff">1100111111111111</data_item>
      <data_item mem_id="22b0" data_id="dffd">1101111111111101</data_item>
      <data_item mem_id="22c0" data_id="ffff">1111111111111111</data_item>
      <data_item mem_id="22d0" data_id="df9f">1101111110011111</data_item>
      <data_item mem_id="22e0" data_id="9bd9">1001101111011001</data_item>
      <data_item mem_id="22f0" data_id="bbfb">1011101111111011</data_item>
      <data_item mem_id="2300" data_id="fffe">1111111111111110</data_item>
      <data_item mem_id="2310" data_id="bebe">1011111010111110</data_item>
      <data_item mem_id="2320" data_id="bebf">1011111010111111</data_item>
      <data_item mem_id="2330" data_id="ffbf">1111111110111111</data_item>
      <data_item mem_id="2340" data_id="ffdd">1111111111011101</data_item>
      <data_item mem_id="2350" data_id="bddd">1011110111011101</data_item>
      <data_item mem_id="2360" data_id="fdff">1111110111111111</data_item>
      <data_item mem_id="2370" data_id="fdbd">1111110110111101</data_item>
      <data_item mem_id="2380" data_id="fdbb">1111110110111011</data_item>
      <data_item mem_id="2390" data_id="fbfb">1111101111111011</data_item>
      <data_item mem_id="23a0" data_id="abbf">1010101110111111</data_item>
      <data_item mem_id="23b0" data_id="aeee">1010111011101110</data_item>
      <data_item mem_id="23c0" data_id="beff">1011111011111111</data_item>
      <data_item mem_id="23d0" data_id="efdf">1110111111011111</data_item>
      <data_item mem_id="23e0" data_id="ddfe">1101110111111110</data_item>
      <data_item mem_id="23f0" data_id="ddff">1101110111111111</data_item>
      <data_item mem_id="2400" data_id="dfdf">1101111111011111</data_item>
      <data_item mem_id="2410" data_id="9dc9">1001110111001001</data_item>
      <data_item mem_id="2420" data_id="bdf9">1011110111111001</data_item>
      <data_item mem_id="2430" data_id="9fbf">1001111110111111</data_item>
      <data_item mem_id="2440" data_id="babe">1011101010111110</data_item>
      <data_item mem_id="2450" data_id="bebf">1011111010111111</data_item>
      <data_item mem_id="2460" data_id="fffd">1111111111111101</data_item>
      <data_item mem_id="2470" data_id="ffdd">1111111111011101</data_item>
      <data_item mem_id="2480" data_id="fdfd">1111110111111101</data_item>
      <data_item mem_id="2490" data_id="fdff">1111110111111111</data_item>
      <data_item mem_id="24a0" data_id="ff9f">1111111110011111</data_item>
      <data_item mem_id="24b0" data_id="dfc3">1101111111000011</data_item>
      <data_item mem_id="24c0" data_id="fbfd">1111101111111101</data_item>
      <data_item mem_id="24d0" data_id="dfbd">1101111110111101</data_item>
      <data_item mem_id="24e0" data_id="bede">1011111011011110</data_item>
      <data_item mem_id="24f0" data_id="befe">1011111011111110</data_item>
      <data_item mem_id="2500" data_id="ffff">1111111111111111</data_item>
      <data_item mem_id="2510" data_id="9fff">1001111111111111</data_item>
      <data_item mem_id="2520" data_id="dddd">1101110111011101</data_item>
      <data_item mem_id="2530" data_id="fddf">1111110111011111</data_item>
      <data_item mem_id="2540" data_id="dddd">1101110111011101</data_item>
      <data_item mem_id="2550" data_id="bd7d">1011110101111101</data_item>
      <data_item mem_id="2560" data_id="9fff">1001111111111111</data_item>
      <data_item mem_id="2570" data_id="bfbf">1011111110111111</data_item>
      <data_item mem_id="2580" data_id="bf9f">1011111110011111</data_item>
      <data_item mem_id="2590" data_id="ffce">1111111111001110</data_item>
      <data_item mem_id="25a0" data_id="dfdd">1101111111011101</data_item>
      <data_item mem_id="25b0" data_id="6d5e">0110110101011110</data_item>
      <data_item mem_id="25c0" data_id="fdff">1111110111111111</data_item>
      <data_item mem_id="25d0" data_id="bfdf">1011111111011111</data_item>
      <data_item mem_id="25e0" data_id="dfd9">1101111111011001</data_item>
      <data_item mem_id="25f0" data_id="d9bb">1101100110111011</data_item>
      <data_item mem_id="2600" data_id="fbff">1111101111111111</data_item>
      <data_item mem_id="2610" data_id="febe">1111111010111110</data_item>
      <data_item mem_id="2620" data_id="bebe">1011111010111110</data_item>
      <data_item mem_id="2630" data_id="ffdf">1111111111011111</data_item>
      <data_item mem_id="2640" data_id="dfdf">1101111111011111</data_item>
      <data_item mem_id="2650" data_id="ddfd">1101110111111101</data_item>
      <data_item mem_id="2660" data_id="fdfd">1111110111111101</data_item>
      <data_item mem_id="2670" data_id="fdfd">1111110111111101</data_item>
      <data_item mem_id="2680" data_id="fdfd">1111110111111101</data_item>
      <data_item mem_id="2690" data_id="cbfe">1100101111111110</data_item>
      <data_item mem_id="26a0" data_id="fbbf">1111101110111111</data_item>
      <data_item mem_id="26b0" data_id="9fbe">1001111110111110</data_item>
      <data_item mem_id="26c0" data_id="fedf">1111111011011111</data_item>
      <data_item mem_id="26d0" data_id="dfdf">1101111111011111</data_item>
      <data_item mem_id="26e0" data_id="fecf">1111111011001111</data_item>
      <data_item mem_id="26f0" data_id="efdf">1110111111011111</data_item>
      <data_item mem_id="2700" data_id="ffdf">1111111111011111</data_item>
      <data_item mem_id="2710" data_id="9f9d">1001111110011101</data_item>
      <data_item mem_id="2720" data_id="ddb9">1101110110111001</data_item>
      <data_item mem_id="2730" data_id="fdff">1111110111111111</data_item>
      <data_item mem_id="2740" data_id="beae">1011111010101110</data_item>
      <data_item mem_id="2750" data_id="bebe">1011111010111110</data_item>
      <data_item mem_id="2760" data_id="bdbf">1011110110111111</data_item>
      <data_item mem_id="2770" data_id="ffff">1111111111111111</data_item>
      <data_item mem_id="2780" data_id="9dfd">1001110111111101</data_item>
      <data_item mem_id="2790" data_id="9dbd">1001110110111101</data_item>
      <data_item mem_id="27a0" data_id="ffff">1111111111111111</data_item>
      <data_item mem_id="27b0" data_id="df9d">1101111110011101</data_item>
      <data_item mem_id="27c0" data_id="3b7b">0011101101111011</data_item>
      <data_item mem_id="27d0" data_id="79fb">0111100111111011</data_item>
      <data_item mem_id="27e0" data_id="bdde">1011110111011110</data_item>
      <data_item mem_id="27f0" data_id="9e9e">1001111010011110</data_item>
   </data>
 </resultfile>
