<?xml version="1.0" encoding="ISO-8859-1"?>
 <resultfile>
   <header>
      <link id="37-31">
        <source_moteid>37</source_moteid>
        <dest_moteid>31</dest_moteid>
      </link>
      <filedate>Thu Jul 21 15:47:25 2011</filedate>
      <channels>
        <num_channels>4</num_channels>
        <channel_ids>11.12.13.14</channel_ids>
      </channels>
   </header>
   <data>
      <data_item mem_id="0000" data_id="0cea">0000110011101010</data_item>
      <data_item mem_id="0010" data_id="ecce">1110110011001110</data_item>
      <data_item mem_id="0020" data_id="ceae">1100111010101110</data_item>
      <data_item mem_id="0030" data_id="2e8c">0010111010001100</data_item>
      <data_item mem_id="0040" data_id="28ec">0010100011101100</data_item>
      <data_item mem_id="0050" data_id="e8ce">1110100011001110</data_item>
      <data_item mem_id="0060" data_id="eece">1110111011001110</data_item>
      <data_item mem_id="0070" data_id="eeea">1110111011101010</data_item>
      <data_item mem_id="0080" data_id="86ae">1000011010101110</data_item>
      <data_item mem_id="0090" data_id="c6ac">1100011010101100</data_item>
      <data_item mem_id="00a0" data_id="eeac">1110111010101100</data_item>
      <data_item mem_id="00b0" data_id="eeec">1110111011101100</data_item>
      <data_item mem_id="00c0" data_id="ee2e">1110111000101110</data_item>
      <data_item mem_id="00d0" data_id="ec68">1110110001101000</data_item>
      <data_item mem_id="00e0" data_id="eeea">1110111011101010</data_item>
      <data_item mem_id="00f0" data_id="ceee">1100111011101110</data_item>
      <data_item mem_id="0100" data_id="caea">1100101011101010</data_item>
      <data_item mem_id="0110" data_id="eac2">1110101011000010</data_item>
      <data_item mem_id="0120" data_id="cec6">1100111011000110</data_item>
      <data_item mem_id="0130" data_id="8cee">1000110011101110</data_item>
      <data_item mem_id="0140" data_id="acee">1010110011101110</data_item>
      <data_item mem_id="0150" data_id="ecae">1110110010101110</data_item>
      <data_item mem_id="0160" data_id="2eac">0010111010101100</data_item>
      <data_item mem_id="0170" data_id="28ec">0010100011101100</data_item>
      <data_item mem_id="0180" data_id="60ce">0110000011001110</data_item>
      <data_item mem_id="0190" data_id="aecc">1010111011001100</data_item>
      <data_item mem_id="01a0" data_id="eeea">1110111011101010</data_item>
      <data_item mem_id="01b0" data_id="e6ea">1110011011101010</data_item>
      <data_item mem_id="01c0" data_id="c28e">1100001010001110</data_item>
      <data_item mem_id="01d0" data_id="ceac">1100111010101100</data_item>
      <data_item mem_id="01e0" data_id="eeec">1110111011101100</data_item>
      <data_item mem_id="01f0" data_id="eeee">1110111011101110</data_item>
      <data_item mem_id="0200" data_id="ae6a">1010111001101010</data_item>
      <data_item mem_id="0210" data_id="ee6a">1110111001101010</data_item>
      <data_item mem_id="0220" data_id="ceea">1100111011101010</data_item>
      <data_item mem_id="0230" data_id="ceee">1100111011101110</data_item>
      <data_item mem_id="0240" data_id="eae2">1110101011100010</data_item>
      <data_item mem_id="0250" data_id="cec6">1100111011000110</data_item>
      <data_item mem_id="0260" data_id="8eee">1000111011101110</data_item>
      <data_item mem_id="0270" data_id="acae">1010110010101110</data_item>
      <data_item mem_id="0280" data_id="acae">1010110010101110</data_item>
      <data_item mem_id="0290" data_id="aeac">1010111010101100</data_item>
      <data_item mem_id="02a0" data_id="2cec">0010110011101100</data_item>
      <data_item mem_id="02b0" data_id="68ce">0110100011001110</data_item>
      <data_item mem_id="02c0" data_id="eace">1110101011001110</data_item>
      <data_item mem_id="02d0" data_id="eeca">1110111011001010</data_item>
      <data_item mem_id="02e0" data_id="e0e8">1110000011101000</data_item>
      <data_item mem_id="02f0" data_id="028e">0000001010001110</data_item>
      <data_item mem_id="0300" data_id="4e88">0100111010001000</data_item>
      <data_item mem_id="0310" data_id="eaec">1110101011101100</data_item>
      <data_item mem_id="0320" data_id="ceee">1100111011101110</data_item>
      <data_item mem_id="0330" data_id="ae2e">1010111000101110</data_item>
      <data_item mem_id="0340" data_id="ac2a">1010110000101010</data_item>
      <data_item mem_id="0350" data_id="ecea">1110110011101010</data_item>
      <data_item mem_id="0360" data_id="ceee">1100111011101110</data_item>
      <data_item mem_id="0370" data_id="cee6">1100111011100110</data_item>
      <data_item mem_id="0380" data_id="eee6">1110111011100110</data_item>
      <data_item mem_id="0390" data_id="aee6">1010111011100110</data_item>
      <data_item mem_id="03a0" data_id="acee">1010110011101110</data_item>
      <data_item mem_id="03b0" data_id="acee">1010110011101110</data_item>
      <data_item mem_id="03c0" data_id="eeae">1110111010101110</data_item>
      <data_item mem_id="03d0" data_id="2cec">0010110011101100</data_item>
      <data_item mem_id="03e0" data_id="68ee">0110100011101110</data_item>
      <data_item mem_id="03f0" data_id="eace">1110101011001110</data_item>
      <data_item mem_id="0400" data_id="eeca">1110111011001010</data_item>
      <data_item mem_id="0410" data_id="eaea">1110101011101010</data_item>
      <data_item mem_id="0420" data_id="c28e">1100001010001110</data_item>
      <data_item mem_id="0430" data_id="c68c">1100011010001100</data_item>
      <data_item mem_id="0440" data_id="eeac">1110111010101100</data_item>
      <data_item mem_id="0450" data_id="eeec">1110111011101100</data_item>
      <data_item mem_id="0460" data_id="ae0e">1010111000001110</data_item>
      <data_item mem_id="0470" data_id="ac28">1010110000101000</data_item>
      <data_item mem_id="0480" data_id="e4e8">1110010011101000</data_item>
      <data_item mem_id="0490" data_id="8eee">1000111011101110</data_item>
      <data_item mem_id="04a0" data_id="ceee">1100111011101110</data_item>
      <data_item mem_id="04b0" data_id="eae2">1110101011100010</data_item>
      <data_item mem_id="04c0" data_id="eac6">1110101011000110</data_item>
      <data_item mem_id="04d0" data_id="8ee6">1000111011100110</data_item>
      <data_item mem_id="04e0" data_id="acec">1010110011101100</data_item>
      <data_item mem_id="04f0" data_id="ecee">1110110011101110</data_item>
      <data_item mem_id="0500" data_id="4eee">0100111011101110</data_item>
      <data_item mem_id="0510" data_id="6ace">0110101011001110</data_item>
      <data_item mem_id="0520" data_id="6ace">0110101011001110</data_item>
      <data_item mem_id="0530" data_id="eece">1110111011001110</data_item>
      <data_item mem_id="0540" data_id="eaea">1110101011101010</data_item>
      <data_item mem_id="0550" data_id="c2ce">1100001011001110</data_item>
      <data_item mem_id="0560" data_id="c68e">1100011010001110</data_item>
      <data_item mem_id="0570" data_id="aeac">1010111010101100</data_item>
      <data_item mem_id="0580" data_id="eeec">1110111011101100</data_item>
      <data_item mem_id="0590" data_id="ac2e">1010110000101110</data_item>
      <data_item mem_id="05a0" data_id="ac28">1010110000101000</data_item>
      <data_item mem_id="05b0" data_id="ec68">1110110001101000</data_item>
      <data_item mem_id="05c0" data_id="ceea">1100111011101010</data_item>
      <data_item mem_id="05d0" data_id="ceae">1100111010101110</data_item>
      <data_item mem_id="05e0" data_id="c8e2">1100100011100010</data_item>
      <data_item mem_id="05f0" data_id="eac2">1110101011000010</data_item>
      <data_item mem_id="0600" data_id="0e4e">0000111001001110</data_item>
      <data_item mem_id="0610" data_id="888e">1000100010001110</data_item>
      <data_item mem_id="0620" data_id="ecee">1110110011101110</data_item>
      <data_item mem_id="0630" data_id="eeae">1110111010101110</data_item>
      <data_item mem_id="0640" data_id="2eac">0010111010101100</data_item>
      <data_item mem_id="0650" data_id="60ca">0110000011001010</data_item>
      <data_item mem_id="0660" data_id="eaca">1110101011001010</data_item>
      <data_item mem_id="0670" data_id="eece">1110111011001110</data_item>
      <data_item mem_id="0680" data_id="e6ee">1110011011101110</data_item>
      <data_item mem_id="0690" data_id="e68e">1110011010001110</data_item>
      <data_item mem_id="06a0" data_id="eeac">1110111010101100</data_item>
      <data_item mem_id="06b0" data_id="eee8">1110111011101000</data_item>
      <data_item mem_id="06c0" data_id="eeee">1110111011101110</data_item>
      <data_item mem_id="06d0" data_id="ac2c">1010110000101100</data_item>
      <data_item mem_id="06e0" data_id="ec68">1110110001101000</data_item>
      <data_item mem_id="06f0" data_id="eee2">1110111011100010</data_item>
      <data_item mem_id="0700" data_id="ceee">1100111011101110</data_item>
      <data_item mem_id="0710" data_id="cae2">1100101011100010</data_item>
      <data_item mem_id="0720" data_id="ea82">1110101010000010</data_item>
      <data_item mem_id="0730" data_id="8ec4">1000111011000100</data_item>
      <data_item mem_id="0740" data_id="8cee">1000110011101110</data_item>
      <data_item mem_id="0750" data_id="acea">1010110011101010</data_item>
      <data_item mem_id="0760" data_id="ee8e">1110111010001110</data_item>
      <data_item mem_id="0770" data_id="2eac">0010111010101100</data_item>
      <data_item mem_id="0780" data_id="20ec">0010000011101100</data_item>
      <data_item mem_id="0790" data_id="e8cc">1110100011001100</data_item>
      <data_item mem_id="07a0" data_id="eece">1110111011001110</data_item>
      <data_item mem_id="07b0" data_id="eeea">1110111011101010</data_item>
      <data_item mem_id="07c0" data_id="e2ae">1110001010101110</data_item>
      <data_item mem_id="07d0" data_id="c6ac">1100011010101100</data_item>
      <data_item mem_id="07e0" data_id="acac">1010110010101100</data_item>
      <data_item mem_id="07f0" data_id="eeec">1110111011101100</data_item>
      <data_item mem_id="0800" data_id="ee6e">1110111001101110</data_item>
      <data_item mem_id="0810" data_id="ee68">1110111001101000</data_item>
      <data_item mem_id="0820" data_id="eeea">1110111011101010</data_item>
      <data_item mem_id="0830" data_id="ceee">1100111011101110</data_item>
      <data_item mem_id="0840" data_id="caaa">1100101010101010</data_item>
      <data_item mem_id="0850" data_id="eac2">1110101011000010</data_item>
      <data_item mem_id="0860" data_id="c6c6">1100011011000110</data_item>
      <data_item mem_id="0870" data_id="8eae">1000111010101110</data_item>
      <data_item mem_id="0880" data_id="acae">1010110010101110</data_item>
      <data_item mem_id="0890" data_id="ecac">1110110010101100</data_item>
      <data_item mem_id="08a0" data_id="2eac">0010111010101100</data_item>
      <data_item mem_id="08b0" data_id="28ec">0010100011101100</data_item>
      <data_item mem_id="08c0" data_id="68c6">0110100011000110</data_item>
      <data_item mem_id="08d0" data_id="ee8e">1110111010001110</data_item>
      <data_item mem_id="08e0" data_id="ecea">1110110011101010</data_item>
      <data_item mem_id="08f0" data_id="e2ea">1110001011101010</data_item>
      <data_item mem_id="0900" data_id="c20e">1100001000001110</data_item>
      <data_item mem_id="0910" data_id="ce84">1100111010000100</data_item>
      <data_item mem_id="0920" data_id="eeec">1110111011101100</data_item>
      <data_item mem_id="0930" data_id="ea6e">1110101001101110</data_item>
      <data_item mem_id="0940" data_id="ae2a">1010111000101010</data_item>
      <data_item mem_id="0950" data_id="ec62">1110110001100010</data_item>
      <data_item mem_id="0960" data_id="caea">1100101011101010</data_item>
      <data_item mem_id="0970" data_id="ceee">1100111011101110</data_item>
      <data_item mem_id="0980" data_id="cee2">1100111011100010</data_item>
      <data_item mem_id="0990" data_id="ee46">1110111001000110</data_item>
      <data_item mem_id="09a0" data_id="8eee">1000111011101110</data_item>
      <data_item mem_id="09b0" data_id="acae">1010110010101110</data_item>
      <data_item mem_id="09c0" data_id="ecae">1110110010101110</data_item>
      <data_item mem_id="09d0" data_id="ae80">1010111010000000</data_item>
      <data_item mem_id="09e0" data_id="2cec">0010110011101100</data_item>
      <data_item mem_id="09f0" data_id="68cc">0110100011001100</data_item>
      <data_item mem_id="0a00" data_id="6aca">0110101011001010</data_item>
      <data_item mem_id="0a10" data_id="eeca">1110111011001010</data_item>
      <data_item mem_id="0a20" data_id="e2ea">1110001011101010</data_item>
      <data_item mem_id="0a30" data_id="c28e">1100001010001110</data_item>
      <data_item mem_id="0a40" data_id="ce8c">1100111010001100</data_item>
      <data_item mem_id="0a50" data_id="6ee8">0110111011101000</data_item>
      <data_item mem_id="0a60" data_id="eece">1110111011001110</data_item>
      <data_item mem_id="0a70" data_id="ae2e">1010111000101110</data_item>
      <data_item mem_id="0a80" data_id="ac28">1010110000101000</data_item>
      <data_item mem_id="0a90" data_id="ece8">1110110011101000</data_item>
      <data_item mem_id="0aa0" data_id="ceee">1100111011101110</data_item>
      <data_item mem_id="0ab0" data_id="cee6">1100111011100110</data_item>
      <data_item mem_id="0ac0" data_id="8a66">1000101001100110</data_item>
      <data_item mem_id="0ad0" data_id="aee2">1010111011100010</data_item>
      <data_item mem_id="0ae0" data_id="acee">1010110011101110</data_item>
      <data_item mem_id="0af0" data_id="acee">1010110011101110</data_item>
      <data_item mem_id="0b00" data_id="eeae">1110111010101110</data_item>
      <data_item mem_id="0b10" data_id="2cec">0010110011101100</data_item>
      <data_item mem_id="0b20" data_id="48ee">0100100011101110</data_item>
      <data_item mem_id="0b30" data_id="eace">1110101011001110</data_item>
      <data_item mem_id="0b40" data_id="eeca">1110111011001010</data_item>
      <data_item mem_id="0b50" data_id="caea">1100101011101010</data_item>
      <data_item mem_id="0b60" data_id="c28e">1100001010001110</data_item>
      <data_item mem_id="0b70" data_id="c684">1100011010000100</data_item>
      <data_item mem_id="0b80" data_id="eeac">1110111010101100</data_item>
      <data_item mem_id="0b90" data_id="e66c">1110011001101100</data_item>
      <data_item mem_id="0ba0" data_id="ac2a">1010110000101010</data_item>
      <data_item mem_id="0bb0" data_id="ac28">1010110000101000</data_item>
      <data_item mem_id="0bc0" data_id="ece0">1110110011100000</data_item>
      <data_item mem_id="0bd0" data_id="4eae">0100111010101110</data_item>
      <data_item mem_id="0be0" data_id="ccec">1100110011101100</data_item>
      <data_item mem_id="0bf0" data_id="eae2">1110101011100010</data_item>
      <data_item mem_id="0c00" data_id="eac2">1110101011000010</data_item>
      <data_item mem_id="0c10" data_id="0eca">0000111011001010</data_item>
      <data_item mem_id="0c20" data_id="acae">1010110010101110</data_item>
      <data_item mem_id="0c30" data_id="ecee">1110110011101110</data_item>
      <data_item mem_id="0c40" data_id="6eae">0110111010101110</data_item>
      <data_item mem_id="0c50" data_id="6aee">0110101011101110</data_item>
      <data_item mem_id="0c60" data_id="4aca">0100101011001010</data_item>
      <data_item mem_id="0c70" data_id="eaca">1110101011001010</data_item>
      <data_item mem_id="0c80" data_id="eeea">1110111011101010</data_item>
      <data_item mem_id="0c90" data_id="e2ce">1110001011001110</data_item>
      <data_item mem_id="0ca0" data_id="c68e">1100011010001110</data_item>
      <data_item mem_id="0cb0" data_id="ee0c">1110111000001100</data_item>
      <data_item mem_id="0cc0" data_id="aeac">1010111010101100</data_item>
      <data_item mem_id="0cd0" data_id="aeae">1010111010101110</data_item>
      <data_item mem_id="0ce0" data_id="ac28">1010110000101000</data_item>
      <data_item mem_id="0cf0" data_id="6c68">0110110001101000</data_item>
      <data_item mem_id="0d00" data_id="ccea">1100110011101010</data_item>
      <data_item mem_id="0d10" data_id="caee">1100101011101110</data_item>
      <data_item mem_id="0d20" data_id="cae2">1100101011100010</data_item>
      <data_item mem_id="0d30" data_id="eac2">1110101011000010</data_item>
      <data_item mem_id="0d40" data_id="8ecc">1000111011001100</data_item>
      <data_item mem_id="0d50" data_id="0cea">0000110011101010</data_item>
      <data_item mem_id="0d60" data_id="e4ce">1110010011001110</data_item>
      <data_item mem_id="0d70" data_id="eeae">1110111010101110</data_item>
      <data_item mem_id="0d80" data_id="2eac">0010111010101100</data_item>
      <data_item mem_id="0d90" data_id="68ce">0110100011001110</data_item>
      <data_item mem_id="0da0" data_id="eaca">1110101011001010</data_item>
      <data_item mem_id="0db0" data_id="eece">1110111011001110</data_item>
      <data_item mem_id="0dc0" data_id="c6ee">1100011011101110</data_item>
      <data_item mem_id="0dd0" data_id="e6ae">1110011010101110</data_item>
      <data_item mem_id="0de0" data_id="eeac">1110111010101100</data_item>
      <data_item mem_id="0df0" data_id="aeac">1010111010101100</data_item>
      <data_item mem_id="0e00" data_id="aeae">1010111010101110</data_item>
      <data_item mem_id="0e10" data_id="a82c">1010100000101100</data_item>
      <data_item mem_id="0e20" data_id="ec68">1110110001101000</data_item>
      <data_item mem_id="0e30" data_id="eeea">1110111011101010</data_item>
      <data_item mem_id="0e40" data_id="cae2">1100101011100010</data_item>
      <data_item mem_id="0e50" data_id="4ae2">0100101011100010</data_item>
      <data_item mem_id="0e60" data_id="eac2">1110101011000010</data_item>
      <data_item mem_id="0e70" data_id="8ec6">1000111011000110</data_item>
      <data_item mem_id="0e80" data_id="80ee">1000000011101110</data_item>
      <data_item mem_id="0e90" data_id="8cea">1000110011101010</data_item>
      <data_item mem_id="0ea0" data_id="aeae">1010111010101110</data_item>
      <data_item mem_id="0eb0" data_id="0eac">0000111010101100</data_item>
      <data_item mem_id="0ec0" data_id="08e4">0000100011100100</data_item>
      <data_item mem_id="0ed0" data_id="e88e">1110100010001110</data_item>
      <data_item mem_id="0ee0" data_id="aecc">1010111011001100</data_item>
      <data_item mem_id="0ef0" data_id="eeea">1110111011101010</data_item>
      <data_item mem_id="0f00" data_id="e2e8">1110001011101000</data_item>
      <data_item mem_id="0f10" data_id="c68c">1100011010001100</data_item>
      <data_item mem_id="0f20" data_id="eeac">1110111010101100</data_item>
      <data_item mem_id="0f30" data_id="eeec">1110111011101100</data_item>
      <data_item mem_id="0f40" data_id="ee6e">1110111001101110</data_item>
      <data_item mem_id="0f50" data_id="ee68">1110111001101000</data_item>
      <data_item mem_id="0f60" data_id="caea">1100101011101010</data_item>
      <data_item mem_id="0f70" data_id="8eee">1000111011101110</data_item>
      <data_item mem_id="0f80" data_id="ceea">1100111011101010</data_item>
      <data_item mem_id="0f90" data_id="eac2">1110101011000010</data_item>
      <data_item mem_id="0fa0" data_id="cac6">1100101011000110</data_item>
      <data_item mem_id="0fb0" data_id="8eee">1000111011101110</data_item>
      <data_item mem_id="0fc0" data_id="acac">1010110010101100</data_item>
      <data_item mem_id="0fd0" data_id="a88e">1010100010001110</data_item>
      <data_item mem_id="0fe0" data_id="aeac">1010111010101100</data_item>
      <data_item mem_id="0ff0" data_id="28ec">0010100011101100</data_item>
      <data_item mem_id="1000" data_id="68ce">0110100011001110</data_item>
      <data_item mem_id="1010" data_id="eace">1110101011001110</data_item>
      <data_item mem_id="1020" data_id="aeea">1010111011101010</data_item>
      <data_item mem_id="1030" data_id="e0ea">1110000011101010</data_item>
      <data_item mem_id="1040" data_id="c28e">1100001010001110</data_item>
      <data_item mem_id="1050" data_id="4e88">0100111010001000</data_item>
      <data_item mem_id="1060" data_id="aaec">1010101011101100</data_item>
      <data_item mem_id="1070" data_id="4ece">0100111011001110</data_item>
      <data_item mem_id="1080" data_id="ae2a">1010111000101010</data_item>
      <data_item mem_id="1090" data_id="ec68">1110110001101000</data_item>
      <data_item mem_id="10a0" data_id="ceaa">1100111010101010</data_item>
      <data_item mem_id="10b0" data_id="caee">1100101011101110</data_item>
      <data_item mem_id="10c0" data_id="cee4">1100111011100100</data_item>
      <data_item mem_id="10d0" data_id="eee6">1110111011100110</data_item>
      <data_item mem_id="10e0" data_id="8eee">1000111011101110</data_item>
      <data_item mem_id="10f0" data_id="acee">1010110011101110</data_item>
      <data_item mem_id="1100" data_id="ecee">1110110011101110</data_item>
      <data_item mem_id="1110" data_id="aeac">1010111010101100</data_item>
      <data_item mem_id="1120" data_id="2cec">0010110011101100</data_item>
      <data_item mem_id="1130" data_id="68ce">0110100011001110</data_item>
      <data_item mem_id="1140" data_id="eace">1110101011001110</data_item>
      <data_item mem_id="1150" data_id="eeca">1110111011001010</data_item>
      <data_item mem_id="1160" data_id="e2ea">1110001011101010</data_item>
      <data_item mem_id="1170" data_id="c68e">1100011010001110</data_item>
      <data_item mem_id="1180" data_id="868c">1000011010001100</data_item>
      <data_item mem_id="1190" data_id="eeec">1110111011101100</data_item>
      <data_item mem_id="11a0" data_id="e8ce">1110100011001110</data_item>
      <data_item mem_id="11b0" data_id="8e2e">1000111000101110</data_item>
      <data_item mem_id="11c0" data_id="ac20">1010110000100000</data_item>
      <data_item mem_id="11d0" data_id="e4e8">1110010011101000</data_item>
      <data_item mem_id="11e0" data_id="8aee">1000101011101110</data_item>
      <data_item mem_id="11f0" data_id="cce6">1100110011100110</data_item>
      <data_item mem_id="1200" data_id="eae2">1110101011100010</data_item>
      <data_item mem_id="1210" data_id="aec6">1010111011000110</data_item>
      <data_item mem_id="1220" data_id="acee">1010110011101110</data_item>
      <data_item mem_id="1230" data_id="acae">1010110010101110</data_item>
      <data_item mem_id="1240" data_id="eeee">1110111011101110</data_item>
      <data_item mem_id="1250" data_id="2eec">0010111011101100</data_item>
      <data_item mem_id="1260" data_id="68ee">0110100011101110</data_item>
      <data_item mem_id="1270" data_id="eaca">1110101011001010</data_item>
      <data_item mem_id="1280" data_id="eaca">1110101011001010</data_item>
      <data_item mem_id="1290" data_id="eaea">1110101011101010</data_item>
      <data_item mem_id="12a0" data_id="c2ce">1100001011001110</data_item>
      <data_item mem_id="12b0" data_id="c68c">1100011010001100</data_item>
      <data_item mem_id="12c0" data_id="eeac">1110111010101100</data_item>
      <data_item mem_id="12d0" data_id="aeac">1010111010101100</data_item>
      <data_item mem_id="12e0" data_id="ae2e">1010111000101110</data_item>
      <data_item mem_id="12f0" data_id="ac28">1010110000101000</data_item>
      <data_item mem_id="1300" data_id="ece8">1110110011101000</data_item>
      <data_item mem_id="1310" data_id="ceee">1100111011101110</data_item>
      <data_item mem_id="1320" data_id="ce8e">1100111010001110</data_item>
      <data_item mem_id="1330" data_id="c8e2">1100100011100010</data_item>
      <data_item mem_id="1340" data_id="cac2">1100101011000010</data_item>
      <data_item mem_id="1350" data_id="0ece">0000111011001110</data_item>
      <data_item mem_id="1360" data_id="88ec">1000100011101100</data_item>
      <data_item mem_id="1370" data_id="ecee">1110110011101110</data_item>
      <data_item mem_id="1380" data_id="6eae">0110111010101110</data_item>
      <data_item mem_id="1390" data_id="6aee">0110101011101110</data_item>
      <data_item mem_id="13a0" data_id="6acc">0110101011001100</data_item>
      <data_item mem_id="13b0" data_id="eace">1110101011001110</data_item>
      <data_item mem_id="13c0" data_id="eeea">1110111011101010</data_item>
      <data_item mem_id="13d0" data_id="e2ee">1110001011101110</data_item>
      <data_item mem_id="13e0" data_id="06a0">0000011010100000</data_item>
      <data_item mem_id="13f0" data_id="eeac">1110111010101100</data_item>
      <data_item mem_id="1400" data_id="eeec">1110111011101100</data_item>
      <data_item mem_id="1410" data_id="aeae">1010111010101110</data_item>
      <data_item mem_id="1420" data_id="ac28">1010110000101000</data_item>
      <data_item mem_id="1430" data_id="8c68">1000110001101000</data_item>
      <data_item mem_id="1440" data_id="ceea">1100111011101010</data_item>
      <data_item mem_id="1450" data_id="caee">1100101011101110</data_item>
      <data_item mem_id="1460" data_id="cae2">1100101011100010</data_item>
      <data_item mem_id="1470" data_id="eac2">1110101011000010</data_item>
      <data_item mem_id="1480" data_id="8ece">1000111011001110</data_item>
      <data_item mem_id="1490" data_id="8c6e">1000110001101110</data_item>
      <data_item mem_id="14a0" data_id="e8ee">1110100011101110</data_item>
      <data_item mem_id="14b0" data_id="ceae">1100111010101110</data_item>
      <data_item mem_id="14c0" data_id="2eac">0010111010101100</data_item>
      <data_item mem_id="14d0" data_id="20ec">0010000011101100</data_item>
      <data_item mem_id="14e0" data_id="ea8a">1110101010001010</data_item>
      <data_item mem_id="14f0" data_id="eece">1110111011001110</data_item>
      <data_item mem_id="1500" data_id="e6ea">1110011011101010</data_item>
      <data_item mem_id="1510" data_id="e6ee">1110011011101110</data_item>
      <data_item mem_id="1520" data_id="e6ac">1110011010101100</data_item>
      <data_item mem_id="1530" data_id="aeec">1010111011101100</data_item>
      <data_item mem_id="1540" data_id="aeee">1010111011101110</data_item>
      <data_item mem_id="1550" data_id="ae2c">1010111000101100</data_item>
      <data_item mem_id="1560" data_id="ec68">1110110001101000</data_item>
      <data_item mem_id="1570" data_id="eeea">1110111011101010</data_item>
      <data_item mem_id="1580" data_id="caee">1100101011101110</data_item>
      <data_item mem_id="1590" data_id="cae2">1100101011100010</data_item>
      <data_item mem_id="15a0" data_id="eac2">1110101011000010</data_item>
      <data_item mem_id="15b0" data_id="cec6">1100111011000110</data_item>
      <data_item mem_id="15c0" data_id="8cee">1000110011101110</data_item>
      <data_item mem_id="15d0" data_id="acee">1010110011101110</data_item>
      <data_item mem_id="15e0" data_id="ec8e">1110110010001110</data_item>
      <data_item mem_id="15f0" data_id="2eac">0010111010101100</data_item>
      <data_item mem_id="1600" data_id="28ec">0010100011101100</data_item>
      <data_item mem_id="1610" data_id="e8c6">1110100011000110</data_item>
      <data_item mem_id="1620" data_id="ee8e">1110111010001110</data_item>
      <data_item mem_id="1630" data_id="eeea">1110111011101010</data_item>
      <data_item mem_id="1640" data_id="e2e2">1110001011100010</data_item>
      <data_item mem_id="1650" data_id="c608">1100011000001000</data_item>
      <data_item mem_id="1660" data_id="ceac">1100111010101100</data_item>
      <data_item mem_id="1670" data_id="eeec">1110111011101100</data_item>
      <data_item mem_id="1680" data_id="ee8e">1110111010001110</data_item>
      <data_item mem_id="1690" data_id="ee6a">1110111001101010</data_item>
      <data_item mem_id="16a0" data_id="eeea">1110111011101010</data_item>
      <data_item mem_id="16b0" data_id="ceee">1100111011101110</data_item>
      <data_item mem_id="16c0" data_id="ceea">1100111011101010</data_item>
      <data_item mem_id="16d0" data_id="eac2">1110101011000010</data_item>
      <data_item mem_id="16e0" data_id="cec6">1100111011000110</data_item>
      <data_item mem_id="16f0" data_id="8eee">1000111011101110</data_item>
      <data_item mem_id="1700" data_id="acee">1010110011101110</data_item>
      <data_item mem_id="1710" data_id="ecae">1110110010101110</data_item>
      <data_item mem_id="1720" data_id="2eac">0010111010101100</data_item>
      <data_item mem_id="1730" data_id="28ec">0010100011101100</data_item>
      <data_item mem_id="1740" data_id="68ce">0110100011001110</data_item>
      <data_item mem_id="1750" data_id="eace">1110101011001110</data_item>
      <data_item mem_id="1760" data_id="eeea">1110111011101010</data_item>
      <data_item mem_id="1770" data_id="e2ea">1110001011101010</data_item>
      <data_item mem_id="1780" data_id="c28e">1100001010001110</data_item>
      <data_item mem_id="1790" data_id="ce0c">1100111000001100</data_item>
      <data_item mem_id="17a0" data_id="eeec">1110111011101100</data_item>
      <data_item mem_id="17b0" data_id="eece">1110111011001110</data_item>
      <data_item mem_id="17c0" data_id="ae2a">1010111000101010</data_item>
      <data_item mem_id="17d0" data_id="ac68">1010110001101000</data_item>
      <data_item mem_id="17e0" data_id="caea">1100101011101010</data_item>
      <data_item mem_id="17f0" data_id="caee">1100101011101110</data_item>
      <data_item mem_id="1800" data_id="cee6">1100111011100110</data_item>
      <data_item mem_id="1810" data_id="eee6">1110111011100110</data_item>
      <data_item mem_id="1820" data_id="8eee">1000111011101110</data_item>
      <data_item mem_id="1830" data_id="0cae">0000110010101110</data_item>
      <data_item mem_id="1840" data_id="acee">1010110011101110</data_item>
      <data_item mem_id="1850" data_id="aeac">1010111010101100</data_item>
      <data_item mem_id="1860" data_id="2cec">0010110011101100</data_item>
      <data_item mem_id="1870" data_id="68e6">0110100011100110</data_item>
      <data_item mem_id="1880" data_id="eaca">1110101011001010</data_item>
      <data_item mem_id="1890" data_id="eaca">1110101011001010</data_item>
      <data_item mem_id="18a0" data_id="e2ce">1110001011001110</data_item>
      <data_item mem_id="18b0" data_id="c28e">1100001010001110</data_item>
      <data_item mem_id="18c0" data_id="c68c">1100011010001100</data_item>
      <data_item mem_id="18d0" data_id="eeac">1110111010101100</data_item>
      <data_item mem_id="18e0" data_id="eeee">1110111011101110</data_item>
      <data_item mem_id="18f0" data_id="ee4e">1110111001001110</data_item>
      <data_item mem_id="1900" data_id="ec28">1110110000101000</data_item>
      <data_item mem_id="1910" data_id="ece8">1110110011101000</data_item>
      <data_item mem_id="1920" data_id="caae">1100101010101110</data_item>
      <data_item mem_id="1930" data_id="cee6">1100111011100110</data_item>
      <data_item mem_id="1940" data_id="eee2">1110111011100010</data_item>
      <data_item mem_id="1950" data_id="aec6">1010111011000110</data_item>
      <data_item mem_id="1960" data_id="8cae">1000110010101110</data_item>
      <data_item mem_id="1970" data_id="acae">1010110010101110</data_item>
      <data_item mem_id="1980" data_id="ecee">1110110011101110</data_item>
      <data_item mem_id="1990" data_id="6eee">0110111011101110</data_item>
      <data_item mem_id="19a0" data_id="68ae">0110100010101110</data_item>
      <data_item mem_id="19b0" data_id="ea8e">1110101010001110</data_item>
      <data_item mem_id="19c0" data_id="eeca">1110111011001010</data_item>
      <data_item mem_id="19d0" data_id="eaee">1110101011101110</data_item>
      <data_item mem_id="19e0" data_id="c2ce">1100001011001110</data_item>
      <data_item mem_id="19f0" data_id="c68c">1100011010001100</data_item>
      <data_item mem_id="1a00" data_id="eeac">1110111010101100</data_item>
      <data_item mem_id="1a10" data_id="eeec">1110111011101100</data_item>
      <data_item mem_id="1a20" data_id="ee2e">1110111000101110</data_item>
      <data_item mem_id="1a30" data_id="ac28">1010110000101000</data_item>
      <data_item mem_id="1a40" data_id="ece8">1110110011101000</data_item>
      <data_item mem_id="1a50" data_id="ceee">1100111011101110</data_item>
      <data_item mem_id="1a60" data_id="ceee">1100111011101110</data_item>
      <data_item mem_id="1a70" data_id="eee4">1110111011100100</data_item>
      <data_item mem_id="1a80" data_id="eec2">1110111011000010</data_item>
      <data_item mem_id="1a90" data_id="8ece">1000111011001110</data_item>
      <data_item mem_id="1aa0" data_id="8cea">1000110011101010</data_item>
      <data_item mem_id="1ab0" data_id="ecce">1110110011001110</data_item>
      <data_item mem_id="1ac0" data_id="4eae">0100111010101110</data_item>
      <data_item mem_id="1ad0" data_id="2aec">0010101011101100</data_item>
      <data_item mem_id="1ae0" data_id="6ac6">0110101011000110</data_item>
      <data_item mem_id="1af0" data_id="eac6">1110101011000110</data_item>
      <data_item mem_id="1b00" data_id="eece">1110111011001110</data_item>
      <data_item mem_id="1b10" data_id="e2ee">1110001011101110</data_item>
      <data_item mem_id="1b20" data_id="e68e">1110011010001110</data_item>
      <data_item mem_id="1b30" data_id="eeac">1110111010101100</data_item>
      <data_item mem_id="1b40" data_id="eeec">1110111011101100</data_item>
      <data_item mem_id="1b50" data_id="aeee">1010111011101110</data_item>
      <data_item mem_id="1b60" data_id="ec28">1110110000101000</data_item>
      <data_item mem_id="1b70" data_id="ec68">1110110001101000</data_item>
      <data_item mem_id="1b80" data_id="ceea">1100111011101010</data_item>
      <data_item mem_id="1b90" data_id="ceee">1100111011101110</data_item>
      <data_item mem_id="1ba0" data_id="cae2">1100101011100010</data_item>
      <data_item mem_id="1bb0" data_id="eac2">1110101011000010</data_item>
      <data_item mem_id="1bc0" data_id="8ece">1000111011001110</data_item>
      <data_item mem_id="1bd0" data_id="8cee">1000110011101110</data_item>
      <data_item mem_id="1be0" data_id="ecea">1110110011101010</data_item>
      <data_item mem_id="1bf0" data_id="eeae">1110111010101110</data_item>
      <data_item mem_id="1c00" data_id="4eac">0100111010101100</data_item>
      <data_item mem_id="1c10" data_id="28e0">0010100011100000</data_item>
      <data_item mem_id="1c20" data_id="e88e">1110100010001110</data_item>
      <data_item mem_id="1c30" data_id="eeca">1110111011001010</data_item>
      <data_item mem_id="1c40" data_id="e4ea">1110010011101010</data_item>
      <data_item mem_id="1c50" data_id="e6ae">1110011010101110</data_item>
      <data_item mem_id="1c60" data_id="c2ac">1100001010101100</data_item>
      <data_item mem_id="1c70" data_id="eeac">1110111010101100</data_item>
      <data_item mem_id="1c80" data_id="aeee">1010111011101110</data_item>
      <data_item mem_id="1c90" data_id="ee2e">1110111000101110</data_item>
      <data_item mem_id="1ca0" data_id="ec68">1110110001101000</data_item>
      <data_item mem_id="1cb0" data_id="eeea">1110111011101010</data_item>
      <data_item mem_id="1cc0" data_id="caea">1100101011101010</data_item>
      <data_item mem_id="1cd0" data_id="caea">1100101011101010</data_item>
      <data_item mem_id="1ce0" data_id="eac2">1110101011000010</data_item>
      <data_item mem_id="1cf0" data_id="8ec6">1000111011000110</data_item>
      <data_item mem_id="1d00" data_id="8cee">1000110011101110</data_item>
      <data_item mem_id="1d10" data_id="acee">1010110011101110</data_item>
      <data_item mem_id="1d20" data_id="ecee">1110110011101110</data_item>
      <data_item mem_id="1d30" data_id="2eac">0010111010101100</data_item>
      <data_item mem_id="1d40" data_id="68ec">0110100011101100</data_item>
      <data_item mem_id="1d50" data_id="e8ce">1110100011001110</data_item>
      <data_item mem_id="1d60" data_id="eece">1110111011001110</data_item>
      <data_item mem_id="1d70" data_id="aee8">1010111011101000</data_item>
      <data_item mem_id="1d80" data_id="62ea">0110001011101010</data_item>
      <data_item mem_id="1d90" data_id="c20e">1100001000001110</data_item>
      <data_item mem_id="1da0" data_id="0ea8">0000111010101000</data_item>
      <data_item mem_id="1db0" data_id="e2ec">1110001011101100</data_item>
      <data_item mem_id="1dc0" data_id="8e6e">1000111001101110</data_item>
      <data_item mem_id="1dd0" data_id="ae6a">1010111001101010</data_item>
      <data_item mem_id="1de0" data_id="ee62">1110111001100010</data_item>
      <data_item mem_id="1df0" data_id="ceee">1100111011101110</data_item>
      <data_item mem_id="1e00" data_id="caee">1100101011101110</data_item>
      <data_item mem_id="1e10" data_id="eae2">1110101011100010</data_item>
      <data_item mem_id="1e20" data_id="cee6">1100111011100110</data_item>
      <data_item mem_id="1e30" data_id="8eee">1000111011101110</data_item>
      <data_item mem_id="1e40" data_id="acae">1010110010101110</data_item>
      <data_item mem_id="1e50" data_id="ecae">1110110010101110</data_item>
      <data_item mem_id="1e60" data_id="2eac">0010111010101100</data_item>
      <data_item mem_id="1e70" data_id="28ac">0010100010101100</data_item>
      <data_item mem_id="1e80" data_id="68ce">0110100011001110</data_item>
      <data_item mem_id="1e90" data_id="aace">1010101011001110</data_item>
      <data_item mem_id="1ea0" data_id="eeca">1110111011001010</data_item>
      <data_item mem_id="1eb0" data_id="e2ea">1110001011101010</data_item>
      <data_item mem_id="1ec0" data_id="c28e">1100001010001110</data_item>
      <data_item mem_id="1ed0" data_id="ee8c">1110111010001100</data_item>
      <data_item mem_id="1ee0" data_id="6ee8">0110111011101000</data_item>
      <data_item mem_id="1ef0" data_id="2aee">0010101011101110</data_item>
      <data_item mem_id="1f00" data_id="8e2e">1000111000101110</data_item>
      <data_item mem_id="1f10" data_id="ac20">1010110000100000</data_item>
      <data_item mem_id="1f20" data_id="c8ea">1100100011101010</data_item>
      <data_item mem_id="1f30" data_id="caee">1100101011101110</data_item>
      <data_item mem_id="1f40" data_id="cae6">1100101011100110</data_item>
      <data_item mem_id="1f50" data_id="eee6">1110111011100110</data_item>
      <data_item mem_id="1f60" data_id="aeee">1010111011101110</data_item>
      <data_item mem_id="1f70" data_id="acae">1010110010101110</data_item>
      <data_item mem_id="1f80" data_id="ac8e">1010110010001110</data_item>
      <data_item mem_id="1f90" data_id="eeae">1110111010101110</data_item>
      <data_item mem_id="1fa0" data_id="2cec">0010110011101100</data_item>
      <data_item mem_id="1fb0" data_id="68ee">0110100011101110</data_item>
      <data_item mem_id="1fc0" data_id="eace">1110101011001110</data_item>
      <data_item mem_id="1fd0" data_id="eeca">1110111011001010</data_item>
      <data_item mem_id="1fe0" data_id="e2ea">1110001011101010</data_item>
      <data_item mem_id="1ff0" data_id="c28e">1100001010001110</data_item>
      <data_item mem_id="2000" data_id="c68c">1100011010001100</data_item>
      <data_item mem_id="2010" data_id="eeac">1110111010101100</data_item>
      <data_item mem_id="2020" data_id="eeee">1110111011101110</data_item>
      <data_item mem_id="2030" data_id="ae2e">1010111000101110</data_item>
      <data_item mem_id="2040" data_id="ac08">1010110000001000</data_item>
      <data_item mem_id="2050" data_id="ece8">1110110011101000</data_item>
      <data_item mem_id="2060" data_id="c6ce">1100011011001110</data_item>
      <data_item mem_id="2070" data_id="8eee">1000111011101110</data_item>
      <data_item mem_id="2080" data_id="eae2">1110101011100010</data_item>
      <data_item mem_id="2090" data_id="aac6">1010101011000110</data_item>
      <data_item mem_id="20a0" data_id="0cae">0000110010101110</data_item>
      <data_item mem_id="20b0" data_id="acee">1010110011101110</data_item>
      <data_item mem_id="20c0" data_id="ecee">1110110011101110</data_item>
      <data_item mem_id="20d0" data_id="6eea">0110111011101010</data_item>
      <data_item mem_id="20e0" data_id="6aee">0110101011101110</data_item>
      <data_item mem_id="20f0" data_id="eaca">1110101011001010</data_item>
      <data_item mem_id="2100" data_id="eeca">1110111011001010</data_item>
      <data_item mem_id="2110" data_id="eaca">1110101011001010</data_item>
      <data_item mem_id="2120" data_id="c2ce">1100001011001110</data_item>
      <data_item mem_id="2130" data_id="c68e">1100011010001110</data_item>
      <data_item mem_id="2140" data_id="eeac">1110111010101100</data_item>
      <data_item mem_id="2150" data_id="aeac">1010111010101100</data_item>
      <data_item mem_id="2160" data_id="ae2e">1010111000101110</data_item>
      <data_item mem_id="2170" data_id="ac28">1010110000101000</data_item>
      <data_item mem_id="2180" data_id="ec68">1110110001101000</data_item>
      <data_item mem_id="2190" data_id="ceee">1100111011101110</data_item>
      <data_item mem_id="21a0" data_id="ceee">1100111011101110</data_item>
      <data_item mem_id="21b0" data_id="eae2">1110101011100010</data_item>
      <data_item mem_id="21c0" data_id="eac2">1110101011000010</data_item>
      <data_item mem_id="21d0" data_id="8e8e">1000111010001110</data_item>
      <data_item mem_id="21e0" data_id="8c6e">1000110001101110</data_item>
      <data_item mem_id="21f0" data_id="e86e">1110100001101110</data_item>
      <data_item mem_id="2200" data_id="4e2e">0100111000101110</data_item>
      <data_item mem_id="2210" data_id="0eec">0000111011101100</data_item>
      <data_item mem_id="2220" data_id="68ce">0110100011001110</data_item>
      <data_item mem_id="2230" data_id="eaca">1110101011001010</data_item>
      <data_item mem_id="2240" data_id="eece">1110111011001110</data_item>
      <data_item mem_id="2250" data_id="e6ee">1110011011101110</data_item>
      <data_item mem_id="2260" data_id="e68e">1110011010001110</data_item>
      <data_item mem_id="2270" data_id="eeac">1110111010101100</data_item>
      <data_item mem_id="2280" data_id="aeec">1010111011101100</data_item>
      <data_item mem_id="2290" data_id="ae8e">1010111010001110</data_item>
      <data_item mem_id="22a0" data_id="ac2c">1010110000101100</data_item>
      <data_item mem_id="22b0" data_id="ec28">1110110000101000</data_item>
      <data_item mem_id="22c0" data_id="ceea">1100111011101010</data_item>
      <data_item mem_id="22d0" data_id="ceea">1100111011101010</data_item>
      <data_item mem_id="22e0" data_id="cae2">1100101011100010</data_item>
      <data_item mem_id="22f0" data_id="eac2">1110101011000010</data_item>
      <data_item mem_id="2300" data_id="8ece">1000111011001110</data_item>
      <data_item mem_id="2310" data_id="8cee">1000110011101110</data_item>
      <data_item mem_id="2320" data_id="ecee">1110110011101110</data_item>
      <data_item mem_id="2330" data_id="eeae">1110111010101110</data_item>
      <data_item mem_id="2340" data_id="2eac">0010111010101100</data_item>
      <data_item mem_id="2350" data_id="28ec">0010100011101100</data_item>
      <data_item mem_id="2360" data_id="e0ce">1110000011001110</data_item>
      <data_item mem_id="2370" data_id="eece">1110111011001110</data_item>
      <data_item mem_id="2380" data_id="e4ea">1110010011101010</data_item>
      <data_item mem_id="2390" data_id="e2ae">1110001010101110</data_item>
      <data_item mem_id="23a0" data_id="c6ac">1100011010101100</data_item>
      <data_item mem_id="23b0" data_id="eeac">1110111010101100</data_item>
      <data_item mem_id="23c0" data_id="eeee">1110111011101110</data_item>
      <data_item mem_id="23d0" data_id="ee2e">1110111000101110</data_item>
      <data_item mem_id="23e0" data_id="ec68">1110110001101000</data_item>
      <data_item mem_id="23f0" data_id="c2ea">1100001011101010</data_item>
      <data_item mem_id="2400" data_id="c6ee">1100011011101110</data_item>
      <data_item mem_id="2410" data_id="caea">1100101011101010</data_item>
      <data_item mem_id="2420" data_id="eac2">1110101011000010</data_item>
      <data_item mem_id="2430" data_id="8ec6">1000111011000110</data_item>
      <data_item mem_id="2440" data_id="8cee">1000110011101110</data_item>
      <data_item mem_id="2450" data_id="8eae">1000111010101110</data_item>
      <data_item mem_id="2460" data_id="ecac">1110110010101100</data_item>
      <data_item mem_id="2470" data_id="2eac">0010111010101100</data_item>
      <data_item mem_id="2480" data_id="2aec">0010101011101100</data_item>
      <data_item mem_id="2490" data_id="e8ce">1110100011001110</data_item>
      <data_item mem_id="24a0" data_id="eece">1110111011001110</data_item>
      <data_item mem_id="24b0" data_id="eeea">1110111011101010</data_item>
      <data_item mem_id="24c0" data_id="c0ea">1100000011101010</data_item>
      <data_item mem_id="24d0" data_id="c28e">1100001010001110</data_item>
      <data_item mem_id="24e0" data_id="8e8c">1000111010001100</data_item>
      <data_item mem_id="24f0" data_id="aaec">1010101011101100</data_item>
      <data_item mem_id="2500" data_id="ce6e">1100111001101110</data_item>
      <data_item mem_id="2510" data_id="ae2a">1010111000101010</data_item>
      <data_item mem_id="2520" data_id="ec6a">1110110001101010</data_item>
      <data_item mem_id="2530" data_id="caee">1100101011101110</data_item>
      <data_item mem_id="2540" data_id="caee">1100101011101110</data_item>
      <data_item mem_id="2550" data_id="eee2">1110111011100010</data_item>
      <data_item mem_id="2560" data_id="eec2">1110111011000010</data_item>
      <data_item mem_id="2570" data_id="8eee">1000111011101110</data_item>
      <data_item mem_id="2580" data_id="acee">1010110011101110</data_item>
      <data_item mem_id="2590" data_id="acae">1010110010101110</data_item>
      <data_item mem_id="25a0" data_id="2eac">0010111010101100</data_item>
      <data_item mem_id="25b0" data_id="28ec">0010100011101100</data_item>
      <data_item mem_id="25c0" data_id="48ce">0100100011001110</data_item>
      <data_item mem_id="25d0" data_id="eaca">1110101011001010</data_item>
      <data_item mem_id="25e0" data_id="e2ca">1110001011001010</data_item>
      <data_item mem_id="25f0" data_id="e2ea">1110001011101010</data_item>
      <data_item mem_id="2600" data_id="c28e">1100001010001110</data_item>
      <data_item mem_id="2610" data_id="ce8c">1100111010001100</data_item>
      <data_item mem_id="2620" data_id="eeec">1110111011101100</data_item>
      <data_item mem_id="2630" data_id="eeee">1110111011101110</data_item>
      <data_item mem_id="2640" data_id="ae0e">1010111000001110</data_item>
      <data_item mem_id="2650" data_id="2c28">0010110000101000</data_item>
      <data_item mem_id="2660" data_id="c4ea">1100010011101010</data_item>
      <data_item mem_id="2670" data_id="8eae">1000111010101110</data_item>
      <data_item mem_id="2680" data_id="cce6">1100110011100110</data_item>
      <data_item mem_id="2690" data_id="eae6">1110101011100110</data_item>
      <data_item mem_id="26a0" data_id="aeee">1010111011101110</data_item>
      <data_item mem_id="26b0" data_id="acae">1010110010101110</data_item>
      <data_item mem_id="26c0" data_id="84ae">1000010010101110</data_item>
      <data_item mem_id="26d0" data_id="eeae">1110111010101110</data_item>
      <data_item mem_id="26e0" data_id="2cec">0010110011101100</data_item>
      <data_item mem_id="26f0" data_id="68ee">0110100011101110</data_item>
      <data_item mem_id="2700" data_id="eace">1110101011001110</data_item>
      <data_item mem_id="2710" data_id="eeca">1110111011001010</data_item>
      <data_item mem_id="2720" data_id="e2ea">1110001011101010</data_item>
      <data_item mem_id="2730" data_id="c28e">1100001010001110</data_item>
      <data_item mem_id="2740" data_id="c68c">1100011010001100</data_item>
      <data_item mem_id="2750" data_id="eeac">1110111010101100</data_item>
      <data_item mem_id="2760" data_id="e0ee">1110000011101110</data_item>
      <data_item mem_id="2770" data_id="ae6e">1010111001101110</data_item>
      <data_item mem_id="2780" data_id="ac20">1010110000100000</data_item>
      <data_item mem_id="2790" data_id="ece8">1110110011101000</data_item>
      <data_item mem_id="27a0" data_id="c2ee">1100001011101110</data_item>
      <data_item mem_id="27b0" data_id="ceae">1100111010101110</data_item>
      <data_item mem_id="27c0" data_id="e8e2">1110100011100010</data_item>
      <data_item mem_id="27d0" data_id="aac2">1010101011000010</data_item>
      <data_item mem_id="27e0" data_id="8c4e">1000110001001110</data_item>
      <data_item mem_id="27f0" data_id="a8ee">1010100011101110</data_item>
   </data>
 </resultfile>
