<?xml version="1.0" encoding="ISO-8859-1"?>
 <resultfile>
   <header>
      <link id="21-47">
        <source_moteid>21</source_moteid>
        <dest_moteid>47</dest_moteid>
      </link>
      <filedate>Thu Jul 21 18:06:50 2011</filedate>
      <channels>
        <num_channels>4</num_channels>
        <channel_ids>11.12.13.14</channel_ids>
      </channels>
   </header>
   <data>
      <data_item mem_id="0000" data_id="ffbb">1111111110111011</data_item>
      <data_item mem_id="0010" data_id="99f9">1001100111111001</data_item>
      <data_item mem_id="0020" data_id="d9eb">1101100111101011</data_item>
      <data_item mem_id="0030" data_id="cf47">1100111101000111</data_item>
      <data_item mem_id="0040" data_id="7f73">0111111101110011</data_item>
      <data_item mem_id="0050" data_id="39fb">0011100111111011</data_item>
      <data_item mem_id="0060" data_id="99df">1001100111011111</data_item>
      <data_item mem_id="0070" data_id="9c9e">1001110010011110</data_item>
      <data_item mem_id="0080" data_id="3e36">0011111000110110</data_item>
      <data_item mem_id="0090" data_id="73f1">0111001111110001</data_item>
      <data_item mem_id="00a0" data_id="b39f">1011001110011111</data_item>
      <data_item mem_id="00b0" data_id="b599">1011010110011001</data_item>
      <data_item mem_id="00c0" data_id="f9e9">1111100111101001</data_item>
      <data_item mem_id="00d0" data_id="e3cf">1110001111001111</data_item>
      <data_item mem_id="00e0" data_id="673f">0110011100111111</data_item>
      <data_item mem_id="00f0" data_id="7b39">0111101100111001</data_item>
      <data_item mem_id="0100" data_id="fbd9">1111101111011001</data_item>
      <data_item mem_id="0110" data_id="9f5e">1001111101011110</data_item>
      <data_item mem_id="0120" data_id="fe7b">1111111001111011</data_item>
      <data_item mem_id="0130" data_id="f753">1111011101010011</data_item>
      <data_item mem_id="0140" data_id="dfbb">1101111110111011</data_item>
      <data_item mem_id="0150" data_id="dbfb">1101101111111011</data_item>
      <data_item mem_id="0160" data_id="dfd7">1101111111010111</data_item>
      <data_item mem_id="0170" data_id="fff7">1111111111110111</data_item>
      <data_item mem_id="0180" data_id="3ffb">0011111111111011</data_item>
      <data_item mem_id="0190" data_id="b9df">1011100111011111</data_item>
      <data_item mem_id="01a0" data_id="dcdc">1101110011011100</data_item>
      <data_item mem_id="01b0" data_id="bef4">1011111011110100</data_item>
      <data_item mem_id="01c0" data_id="77f7">0111011111110111</data_item>
      <data_item mem_id="01d0" data_id="339f">0011001110011111</data_item>
      <data_item mem_id="01e0" data_id="b99d">1011100110011101</data_item>
      <data_item mem_id="01f0" data_id="fdc9">1111110111001001</data_item>
      <data_item mem_id="0200" data_id="e7ef">1110011111101111</data_item>
      <data_item mem_id="0210" data_id="673f">0110011100111111</data_item>
      <data_item mem_id="0220" data_id="7b39">0111101100111001</data_item>
      <data_item mem_id="0230" data_id="fbd9">1111101111011001</data_item>
      <data_item mem_id="0240" data_id="dfde">1101111111011110</data_item>
      <data_item mem_id="0250" data_id="de7e">1101111001111110</data_item>
      <data_item mem_id="0260" data_id="f673">1111011001110011</data_item>
      <data_item mem_id="0270" data_id="c3b3">1100001110110011</data_item>
      <data_item mem_id="0280" data_id="9fbd">1001111110111101</data_item>
      <data_item mem_id="0290" data_id="9dfd">1001110111111101</data_item>
      <data_item mem_id="02a0" data_id="efe7">1110111111100111</data_item>
      <data_item mem_id="02b0" data_id="ff7f">1111111101111111</data_item>
      <data_item mem_id="02c0" data_id="bdff">1011110111111111</data_item>
      <data_item mem_id="02d0" data_id="fdff">1111110111111111</data_item>
      <data_item mem_id="02e0" data_id="fffe">1111111111111110</data_item>
      <data_item mem_id="02f0" data_id="7ff7">0111111111110111</data_item>
      <data_item mem_id="0300" data_id="73ff">0111001111111111</data_item>
      <data_item mem_id="0310" data_id="b99d">1011100110011101</data_item>
      <data_item mem_id="0320" data_id="fdcd">1111110111001101</data_item>
      <data_item mem_id="0330" data_id="efcf">1110111111001111</data_item>
      <data_item mem_id="0340" data_id="471f">0100011100011111</data_item>
      <data_item mem_id="0350" data_id="7339">0111001100111001</data_item>
      <data_item mem_id="0360" data_id="fb99">1111101110011001</data_item>
      <data_item mem_id="0370" data_id="dfdc">1101111111011100</data_item>
      <data_item mem_id="0380" data_id="de7e">1101111001111110</data_item>
      <data_item mem_id="0390" data_id="f677">1111011001110111</data_item>
      <data_item mem_id="03a0" data_id="f7b3">1111011110110011</data_item>
      <data_item mem_id="03b0" data_id="9fbd">1001111110111101</data_item>
      <data_item mem_id="03c0" data_id="9dfd">1001110111111101</data_item>
      <data_item mem_id="03d0" data_id="ede7">1110110111100111</data_item>
      <data_item mem_id="03e0" data_id="ef67">1110111101100111</data_item>
      <data_item mem_id="03f0" data_id="3d7b">0011110101111011</data_item>
      <data_item mem_id="0400" data_id="39fb">0011100111111011</data_item>
      <data_item mem_id="0410" data_id="dddf">1101110111011111</data_item>
      <data_item mem_id="0420" data_id="7efe">0111111011111110</data_item>
      <data_item mem_id="0430" data_id="7ff7">0111111111110111</data_item>
      <data_item mem_id="0440" data_id="fbdf">1111101111011111</data_item>
      <data_item mem_id="0450" data_id="ffdf">1111111111011111</data_item>
      <data_item mem_id="0460" data_id="ffff">1111111111111111</data_item>
      <data_item mem_id="0470" data_id="e7ff">1110011111111111</data_item>
      <data_item mem_id="0480" data_id="773b">0111011100111011</data_item>
      <data_item mem_id="0490" data_id="fb99">1111101110011001</data_item>
      <data_item mem_id="04a0" data_id="dfdc">1101111111011100</data_item>
      <data_item mem_id="04b0" data_id="de7e">1101111001111110</data_item>
      <data_item mem_id="04c0" data_id="f673">1111011001110011</data_item>
      <data_item mem_id="04d0" data_id="f733">1111011100110011</data_item>
      <data_item mem_id="04e0" data_id="9fbd">1001111110111101</data_item>
      <data_item mem_id="04f0" data_id="9dfd">1001110111111101</data_item>
      <data_item mem_id="0500" data_id="edf7">1110110111110111</data_item>
      <data_item mem_id="0510" data_id="ef67">1110111101100111</data_item>
      <data_item mem_id="0520" data_id="3f7b">0011111101111011</data_item>
      <data_item mem_id="0530" data_id="39fb">0011100111111011</data_item>
      <data_item mem_id="0540" data_id="d9df">1101100111011111</data_item>
      <data_item mem_id="0550" data_id="dede">1101111011011110</data_item>
      <data_item mem_id="0560" data_id="7ef6">0111111011110110</data_item>
      <data_item mem_id="0570" data_id="73d7">0111001111010111</data_item>
      <data_item mem_id="0580" data_id="b39f">1011001110011111</data_item>
      <data_item mem_id="0590" data_id="bddd">1011110111011101</data_item>
      <data_item mem_id="05a0" data_id="f7ef">1111011111101111</data_item>
      <data_item mem_id="05b0" data_id="f783">1111011110000011</data_item>
      <data_item mem_id="05c0" data_id="7dbd">0111110110111101</data_item>
      <data_item mem_id="05d0" data_id="bfbd">1011111110111101</data_item>
      <data_item mem_id="05e0" data_id="9dbc">1001110110111100</data_item>
      <data_item mem_id="05f0" data_id="7c77">0111110001110111</data_item>
      <data_item mem_id="0600" data_id="f773">1111011101110011</data_item>
      <data_item mem_id="0610" data_id="bfb9">1011111110111001</data_item>
      <data_item mem_id="0620" data_id="99f9">1001100111111001</data_item>
      <data_item mem_id="0630" data_id="c9eb">1100100111101011</data_item>
      <data_item mem_id="0640" data_id="cfe7">1100111111100111</data_item>
      <data_item mem_id="0650" data_id="3f73">0011111101110011</data_item>
      <data_item mem_id="0660" data_id="39fb">0011100111111011</data_item>
      <data_item mem_id="0670" data_id="999f">1001100110011111</data_item>
      <data_item mem_id="0680" data_id="9e9e">1001111010011110</data_item>
      <data_item mem_id="0690" data_id="38f6">0011100011110110</data_item>
      <data_item mem_id="06a0" data_id="73f7">0111001111110111</data_item>
      <data_item mem_id="06b0" data_id="b39f">1011001110011111</data_item>
      <data_item mem_id="06c0" data_id="bd99">1011110110011001</data_item>
      <data_item mem_id="06d0" data_id="f9ed">1111100111101101</data_item>
      <data_item mem_id="06e0" data_id="e7af">1110011110101111</data_item>
      <data_item mem_id="06f0" data_id="653d">0110010100111101</data_item>
      <data_item mem_id="0700" data_id="7bb9">0111101110111001</data_item>
      <data_item mem_id="0710" data_id="fb9d">1111101110011101</data_item>
      <data_item mem_id="0720" data_id="df5e">1101111101011110</data_item>
      <data_item mem_id="0730" data_id="ff7b">1111111101111011</data_item>
      <data_item mem_id="0740" data_id="ff7b">1111111101111011</data_item>
      <data_item mem_id="0750" data_id="dbfb">1101101111111011</data_item>
      <data_item mem_id="0760" data_id="d9fb">1101100111111011</data_item>
      <data_item mem_id="0770" data_id="efe7">1110111111100111</data_item>
      <data_item mem_id="0780" data_id="7f73">0111111101110011</data_item>
      <data_item mem_id="0790" data_id="3bfb">0011101111111011</data_item>
      <data_item mem_id="07a0" data_id="999f">1001100110011111</data_item>
      <data_item mem_id="07b0" data_id="989e">1001100010011110</data_item>
      <data_item mem_id="07c0" data_id="3ef6">0011111011110110</data_item>
      <data_item mem_id="07d0" data_id="73f7">0111001111110111</data_item>
      <data_item mem_id="07e0" data_id="339f">0011001110011111</data_item>
      <data_item mem_id="07f0" data_id="bd99">1011110110011001</data_item>
      <data_item mem_id="0800" data_id="f9e9">1111100111101001</data_item>
      <data_item mem_id="0810" data_id="e3ef">1110001111101111</data_item>
      <data_item mem_id="0820" data_id="673f">0110011100111111</data_item>
      <data_item mem_id="0830" data_id="7b09">0111101100001001</data_item>
      <data_item mem_id="0840" data_id="7bd9">0111101111011001</data_item>
      <data_item mem_id="0850" data_id="9f9e">1001111110011110</data_item>
      <data_item mem_id="0860" data_id="de7a">1101111001111010</data_item>
      <data_item mem_id="0870" data_id="f673">1111011001110011</data_item>
      <data_item mem_id="0880" data_id="d7bb">1101011110111011</data_item>
      <data_item mem_id="0890" data_id="9ff9">1001111111111001</data_item>
      <data_item mem_id="08a0" data_id="fff7">1111111111110111</data_item>
      <data_item mem_id="08b0" data_id="fff7">1111111111110111</data_item>
      <data_item mem_id="08c0" data_id="bfff">1011111111111111</data_item>
      <data_item mem_id="08d0" data_id="b9bf">1011100110111111</data_item>
      <data_item mem_id="08e0" data_id="9d9e">1001110110011110</data_item>
      <data_item mem_id="08f0" data_id="befe">1011111011111110</data_item>
      <data_item mem_id="0900" data_id="77f7">0111011111110111</data_item>
      <data_item mem_id="0910" data_id="b39e">1011001110011110</data_item>
      <data_item mem_id="0920" data_id="b998">1011100110011000</data_item>
      <data_item mem_id="0930" data_id="f9cd">1111100111001101</data_item>
      <data_item mem_id="0940" data_id="e7ee">1110011111101110</data_item>
      <data_item mem_id="0950" data_id="2737">0010011100110111</data_item>
      <data_item mem_id="0960" data_id="7b39">0111101100111001</data_item>
      <data_item mem_id="0970" data_id="fbd9">1111101111011001</data_item>
      <data_item mem_id="0980" data_id="dfde">1101111111011110</data_item>
      <data_item mem_id="0990" data_id="de7e">1101111001111110</data_item>
      <data_item mem_id="09a0" data_id="f673">1111011001110011</data_item>
      <data_item mem_id="09b0" data_id="f7b3">1111011110110011</data_item>
      <data_item mem_id="09c0" data_id="9fbd">1001111110111101</data_item>
      <data_item mem_id="09d0" data_id="9dfd">1001110111111101</data_item>
      <data_item mem_id="09e0" data_id="ede7">1110110111100111</data_item>
      <data_item mem_id="09f0" data_id="af7f">1010111101111111</data_item>
      <data_item mem_id="0a00" data_id="3d7b">0011110101111011</data_item>
      <data_item mem_id="0a10" data_id="f9ff">1111100111111111</data_item>
      <data_item mem_id="0a20" data_id="dffd">1101111111111101</data_item>
      <data_item mem_id="0a30" data_id="7fff">0111111111111111</data_item>
      <data_item mem_id="0a40" data_id="7bff">0111101111111111</data_item>
      <data_item mem_id="0a50" data_id="fb9f">1111101110011111</data_item>
      <data_item mem_id="0a60" data_id="fddd">1111110111011101</data_item>
      <data_item mem_id="0a70" data_id="efef">1110111111101111</data_item>
      <data_item mem_id="0a80" data_id="677f">0110011101111111</data_item>
      <data_item mem_id="0a90" data_id="77b9">0111011110111001</data_item>
      <data_item mem_id="0aa0" data_id="fb99">1111101110011001</data_item>
      <data_item mem_id="0ab0" data_id="dfdc">1101111111011100</data_item>
      <data_item mem_id="0ac0" data_id="dc7e">1101110001111110</data_item>
      <data_item mem_id="0ad0" data_id="f473">1111010001110011</data_item>
      <data_item mem_id="0ae0" data_id="f733">1111011100110011</data_item>
      <data_item mem_id="0af0" data_id="9fbd">1001111110111101</data_item>
      <data_item mem_id="0b00" data_id="9dfd">1001110111111101</data_item>
      <data_item mem_id="0b10" data_id="e9e7">1110100111100111</data_item>
      <data_item mem_id="0b20" data_id="ef67">1110111101100111</data_item>
      <data_item mem_id="0b30" data_id="3f7b">0011111101111011</data_item>
      <data_item mem_id="0b40" data_id="39bb">0011100110111011</data_item>
      <data_item mem_id="0b50" data_id="d9df">1101100111011111</data_item>
      <data_item mem_id="0b60" data_id="5efe">0101111011111110</data_item>
      <data_item mem_id="0b70" data_id="7af7">0111101011110111</data_item>
      <data_item mem_id="0b80" data_id="f3d7">1111001111010111</data_item>
      <data_item mem_id="0b90" data_id="bfdf">1011111111011111</data_item>
      <data_item mem_id="0ba0" data_id="ffff">1111111111111111</data_item>
      <data_item mem_id="0bb0" data_id="f7df">1111011111011111</data_item>
      <data_item mem_id="0bc0" data_id="f73f">1111011100111111</data_item>
      <data_item mem_id="0bd0" data_id="fbb9">1111101110111001</data_item>
      <data_item mem_id="0be0" data_id="dfdc">1101111111011100</data_item>
      <data_item mem_id="0bf0" data_id="dc3e">1101110000111110</data_item>
      <data_item mem_id="0c00" data_id="f673">1111011001110011</data_item>
      <data_item mem_id="0c10" data_id="f733">1111011100110011</data_item>
      <data_item mem_id="0c20" data_id="9fbd">1001111110111101</data_item>
      <data_item mem_id="0c30" data_id="99f9">1001100111111001</data_item>
      <data_item mem_id="0c40" data_id="c9c7">1100100111000111</data_item>
      <data_item mem_id="0c50" data_id="cf67">1100111101100111</data_item>
      <data_item mem_id="0c60" data_id="0f7b">0000111101111011</data_item>
      <data_item mem_id="0c70" data_id="39fb">0011100111111011</data_item>
      <data_item mem_id="0c80" data_id="d99f">1101100110011111</data_item>
      <data_item mem_id="0c90" data_id="9e9c">1001111010011100</data_item>
      <data_item mem_id="0ca0" data_id="7ce4">0111110011100100</data_item>
      <data_item mem_id="0cb0" data_id="73d7">0111001111010111</data_item>
      <data_item mem_id="0cc0" data_id="b39f">1011001110011111</data_item>
      <data_item mem_id="0cd0" data_id="bd9d">1011110110011101</data_item>
      <data_item mem_id="0ce0" data_id="f5ef">1111010111101111</data_item>
      <data_item mem_id="0cf0" data_id="e7af">1110011110101111</data_item>
      <data_item mem_id="0d00" data_id="7fbd">0111111110111101</data_item>
      <data_item mem_id="0d10" data_id="fbfd">1111101111111101</data_item>
      <data_item mem_id="0d20" data_id="bdbd">1011110110111101</data_item>
      <data_item mem_id="0d30" data_id="ff7d">1111111101111101</data_item>
      <data_item mem_id="0d40" data_id="ff73">1111111101110011</data_item>
      <data_item mem_id="0d50" data_id="ffbb">1111111110111011</data_item>
      <data_item mem_id="0d60" data_id="9dfd">1001110111111101</data_item>
      <data_item mem_id="0d70" data_id="cda7">1100110110100111</data_item>
      <data_item mem_id="0d80" data_id="ef47">1110111101000111</data_item>
      <data_item mem_id="0d90" data_id="1f73">0001111101110011</data_item>
      <data_item mem_id="0da0" data_id="39fb">0011100111111011</data_item>
      <data_item mem_id="0db0" data_id="819f">1000000110011111</data_item>
      <data_item mem_id="0dc0" data_id="de98">1101111010011000</data_item>
      <data_item mem_id="0dd0" data_id="3c14">0011110000010100</data_item>
      <data_item mem_id="0de0" data_id="73f7">0111001111110111</data_item>
      <data_item mem_id="0df0" data_id="b39f">1011001110011111</data_item>
      <data_item mem_id="0e00" data_id="bd9d">1011110110011101</data_item>
      <data_item mem_id="0e10" data_id="f9ed">1111100111101101</data_item>
      <data_item mem_id="0e20" data_id="c78f">1100011110001111</data_item>
      <data_item mem_id="0e30" data_id="673c">0110011100111100</data_item>
      <data_item mem_id="0e40" data_id="7b39">0111101100111001</data_item>
      <data_item mem_id="0e50" data_id="f3dd">1111001111011101</data_item>
      <data_item mem_id="0e60" data_id="df1e">1101111100011110</data_item>
      <data_item mem_id="0e70" data_id="fe7b">1111111001111011</data_item>
      <data_item mem_id="0e80" data_id="77fb">0111011111111011</data_item>
      <data_item mem_id="0e90" data_id="dffb">1101111111111011</data_item>
      <data_item mem_id="0ea0" data_id="fffd">1111111111111101</data_item>
      <data_item mem_id="0eb0" data_id="ffe7">1111111111100111</data_item>
      <data_item mem_id="0ec0" data_id="ff77">1111111101110111</data_item>
      <data_item mem_id="0ed0" data_id="3bfb">0011101111111011</data_item>
      <data_item mem_id="0ee0" data_id="99df">1001100111011111</data_item>
      <data_item mem_id="0ef0" data_id="dc9e">1101110010011110</data_item>
      <data_item mem_id="0f00" data_id="7ef6">0111111011110110</data_item>
      <data_item mem_id="0f10" data_id="72f7">0111001011110111</data_item>
      <data_item mem_id="0f20" data_id="339f">0011001110011111</data_item>
      <data_item mem_id="0f30" data_id="bd9d">1011110110011101</data_item>
      <data_item mem_id="0f40" data_id="fded">1111110111101101</data_item>
      <data_item mem_id="0f50" data_id="e7ef">1110011111101111</data_item>
      <data_item mem_id="0f60" data_id="673f">0110011100111111</data_item>
      <data_item mem_id="0f70" data_id="7b39">0111101100111001</data_item>
      <data_item mem_id="0f80" data_id="fbd9">1111101111011001</data_item>
      <data_item mem_id="0f90" data_id="df5e">1101111101011110</data_item>
      <data_item mem_id="0fa0" data_id="de7a">1101111001111010</data_item>
      <data_item mem_id="0fb0" data_id="f673">1111011001110011</data_item>
      <data_item mem_id="0fc0" data_id="d7b3">1101011110110011</data_item>
      <data_item mem_id="0fd0" data_id="9fbc">1001111110111100</data_item>
      <data_item mem_id="0fe0" data_id="ddf7">1101110111110111</data_item>
      <data_item mem_id="0ff0" data_id="efe7">1110111111100111</data_item>
      <data_item mem_id="1000" data_id="bfff">1011111111111111</data_item>
      <data_item mem_id="1010" data_id="bdff">1011110111111111</data_item>
      <data_item mem_id="1020" data_id="fddf">1111110111011111</data_item>
      <data_item mem_id="1030" data_id="fffe">1111111111111110</data_item>
      <data_item mem_id="1040" data_id="7ff7">0111111111110111</data_item>
      <data_item mem_id="1050" data_id="739f">0111001110011111</data_item>
      <data_item mem_id="1060" data_id="b99d">1011100110011101</data_item>
      <data_item mem_id="1070" data_id="fdcd">1111110111001101</data_item>
      <data_item mem_id="1080" data_id="e7ef">1110011111101111</data_item>
      <data_item mem_id="1090" data_id="673f">0110011100111111</data_item>
      <data_item mem_id="10a0" data_id="7b39">0111101100111001</data_item>
      <data_item mem_id="10b0" data_id="fbd9">1111101111011001</data_item>
      <data_item mem_id="10c0" data_id="dfde">1101111111011110</data_item>
      <data_item mem_id="10d0" data_id="de7e">1101111001111110</data_item>
      <data_item mem_id="10e0" data_id="f673">1111011001110011</data_item>
      <data_item mem_id="10f0" data_id="f733">1111011100110011</data_item>
      <data_item mem_id="1100" data_id="9fbd">1001111110111101</data_item>
      <data_item mem_id="1110" data_id="81fd">1000000111111101</data_item>
      <data_item mem_id="1120" data_id="ede7">1110110111100111</data_item>
      <data_item mem_id="1130" data_id="af67">1010111101100111</data_item>
      <data_item mem_id="1140" data_id="3d7b">0011110101111011</data_item>
      <data_item mem_id="1150" data_id="b9ff">1011100111111111</data_item>
      <data_item mem_id="1160" data_id="dfdf">1101111111011111</data_item>
      <data_item mem_id="1170" data_id="7eff">0111111011111111</data_item>
      <data_item mem_id="1180" data_id="7bff">0111101111111111</data_item>
      <data_item mem_id="1190" data_id="fbdf">1111101111011111</data_item>
      <data_item mem_id="11a0" data_id="ffdd">1111111111011101</data_item>
      <data_item mem_id="11b0" data_id="ffef">1111111111101111</data_item>
      <data_item mem_id="11c0" data_id="e77f">1110011101111111</data_item>
      <data_item mem_id="11d0" data_id="7339">0111001100111001</data_item>
      <data_item mem_id="11e0" data_id="fb99">1111101110011001</data_item>
      <data_item mem_id="11f0" data_id="9f9c">1001111110011100</data_item>
      <data_item mem_id="1200" data_id="983e">1001100000111110</data_item>
      <data_item mem_id="1210" data_id="b673">1011011001110011</data_item>
      <data_item mem_id="1220" data_id="f7b3">1111011110110011</data_item>
      <data_item mem_id="1230" data_id="9fbd">1001111110111101</data_item>
      <data_item mem_id="1240" data_id="99f9">1001100111111001</data_item>
      <data_item mem_id="1250" data_id="e9e3">1110100111100011</data_item>
      <data_item mem_id="1260" data_id="ef6f">1110111101101111</data_item>
      <data_item mem_id="1270" data_id="3f7b">0011111101111011</data_item>
      <data_item mem_id="1280" data_id="39fb">0011100111111011</data_item>
      <data_item mem_id="1290" data_id="d99f">1101100110011111</data_item>
      <data_item mem_id="12a0" data_id="5ede">0101111011011110</data_item>
      <data_item mem_id="12b0" data_id="7af6">0111101011110110</data_item>
      <data_item mem_id="12c0" data_id="73d7">0111001111010111</data_item>
      <data_item mem_id="12d0" data_id="bb9b">1011101110011011</data_item>
      <data_item mem_id="12e0" data_id="f9ff">1111100111111111</data_item>
      <data_item mem_id="12f0" data_id="f7ff">1111011111111111</data_item>
      <data_item mem_id="1300" data_id="f7bf">1111011110111111</data_item>
      <data_item mem_id="1310" data_id="ffb9">1111111110111001</data_item>
      <data_item mem_id="1320" data_id="bfbd">1011111110111101</data_item>
      <data_item mem_id="1330" data_id="9fbe">1001111110111110</data_item>
      <data_item mem_id="1340" data_id="fe73">1111111001110011</data_item>
      <data_item mem_id="1350" data_id="f733">1111011100110011</data_item>
      <data_item mem_id="1360" data_id="1fb9">0001111110111001</data_item>
      <data_item mem_id="1370" data_id="9dfd">1001110111111101</data_item>
      <data_item mem_id="1380" data_id="cde7">1100110111100111</data_item>
      <data_item mem_id="1390" data_id="ef67">1110111101100111</data_item>
      <data_item mem_id="13a0" data_id="337b">0011001101111011</data_item>
      <data_item mem_id="13b0" data_id="39fb">0011100111111011</data_item>
      <data_item mem_id="13c0" data_id="d9df">1101100111011111</data_item>
      <data_item mem_id="13d0" data_id="dede">1101111011011110</data_item>
      <data_item mem_id="13e0" data_id="7ef6">0111111011110110</data_item>
      <data_item mem_id="13f0" data_id="73d7">0111001111010111</data_item>
      <data_item mem_id="1400" data_id="b39f">1011001110011111</data_item>
      <data_item mem_id="1410" data_id="bd9d">1011110110011101</data_item>
      <data_item mem_id="1420" data_id="f5cd">1111010111001101</data_item>
      <data_item mem_id="1430" data_id="e7af">1110011110101111</data_item>
      <data_item mem_id="1440" data_id="773d">0111011100111101</data_item>
      <data_item mem_id="1450" data_id="fbf9">1111101111111001</data_item>
      <data_item mem_id="1460" data_id="ffdf">1111111111011111</data_item>
      <data_item mem_id="1470" data_id="ff7e">1111111101111110</data_item>
      <data_item mem_id="1480" data_id="ff7b">1111111101111011</data_item>
      <data_item mem_id="1490" data_id="fffb">1111111111111011</data_item>
      <data_item mem_id="14a0" data_id="9ffd">1001111111111101</data_item>
      <data_item mem_id="14b0" data_id="ddef">1101110111101111</data_item>
      <data_item mem_id="14c0" data_id="ef67">1110111101100111</data_item>
      <data_item mem_id="14d0" data_id="3f73">0011111101110011</data_item>
      <data_item mem_id="14e0" data_id="39fb">0011100111111011</data_item>
      <data_item mem_id="14f0" data_id="99df">1001100111011111</data_item>
      <data_item mem_id="1500" data_id="dede">1101111011011110</data_item>
      <data_item mem_id="1510" data_id="7ef6">0111111011110110</data_item>
      <data_item mem_id="1520" data_id="73f7">0111001111110111</data_item>
      <data_item mem_id="1530" data_id="b397">1011001110010111</data_item>
      <data_item mem_id="1540" data_id="bd9d">1011110110011101</data_item>
      <data_item mem_id="1550" data_id="fde9">1111110111101001</data_item>
      <data_item mem_id="1560" data_id="e7eb">1110011111101011</data_item>
      <data_item mem_id="1570" data_id="633d">0110001100111101</data_item>
      <data_item mem_id="1580" data_id="7b39">0111101100111001</data_item>
      <data_item mem_id="1590" data_id="fbd9">1111101111011001</data_item>
      <data_item mem_id="15a0" data_id="df7e">1101111101111110</data_item>
      <data_item mem_id="15b0" data_id="de7a">1101111001111010</data_item>
      <data_item mem_id="15c0" data_id="f7f3">1111011111110011</data_item>
      <data_item mem_id="15d0" data_id="dfbb">1101111110111011</data_item>
      <data_item mem_id="15e0" data_id="dffd">1101111111111101</data_item>
      <data_item mem_id="15f0" data_id="fff7">1111111111110111</data_item>
      <data_item mem_id="1600" data_id="fff7">1111111111110111</data_item>
      <data_item mem_id="1610" data_id="3ffb">0011111111111011</data_item>
      <data_item mem_id="1620" data_id="b9ff">1011100111111111</data_item>
      <data_item mem_id="1630" data_id="ddde">1101110111011110</data_item>
      <data_item mem_id="1640" data_id="7ef6">0111111011110110</data_item>
      <data_item mem_id="1650" data_id="73f7">0111001111110111</data_item>
      <data_item mem_id="1660" data_id="331f">0011001100011111</data_item>
      <data_item mem_id="1670" data_id="b99d">1011100110011101</data_item>
      <data_item mem_id="1680" data_id="fded">1111110111101101</data_item>
      <data_item mem_id="1690" data_id="e7ef">1110011111101111</data_item>
      <data_item mem_id="16a0" data_id="673f">0110011100111111</data_item>
      <data_item mem_id="16b0" data_id="6b39">0110101100111001</data_item>
      <data_item mem_id="16c0" data_id="fbd9">1111101111011001</data_item>
      <data_item mem_id="16d0" data_id="dfde">1101111111011110</data_item>
      <data_item mem_id="16e0" data_id="de7a">1101111001111010</data_item>
      <data_item mem_id="16f0" data_id="f673">1111011001110011</data_item>
      <data_item mem_id="1700" data_id="d7b3">1101011110110011</data_item>
      <data_item mem_id="1710" data_id="9fbd">1001111110111101</data_item>
      <data_item mem_id="1720" data_id="9df5">1001110111110101</data_item>
      <data_item mem_id="1730" data_id="ffe7">1111111111100111</data_item>
      <data_item mem_id="1740" data_id="bf7f">1011111101111111</data_item>
      <data_item mem_id="1750" data_id="3dfb">0011110111111011</data_item>
      <data_item mem_id="1760" data_id="fdff">1111110111111111</data_item>
      <data_item mem_id="1770" data_id="dfff">1101111111111111</data_item>
      <data_item mem_id="1780" data_id="7fff">0111111111111111</data_item>
      <data_item mem_id="1790" data_id="73df">0111001111011111</data_item>
      <data_item mem_id="17a0" data_id="bb9d">1011101110011101</data_item>
      <data_item mem_id="17b0" data_id="fdcd">1111110111001101</data_item>
      <data_item mem_id="17c0" data_id="e7ef">1110011111101111</data_item>
      <data_item mem_id="17d0" data_id="673f">0110011100111111</data_item>
      <data_item mem_id="17e0" data_id="7b39">0111101100111001</data_item>
      <data_item mem_id="17f0" data_id="ffd9">1111111111011001</data_item>
      <data_item mem_id="1800" data_id="dfde">1101111111011110</data_item>
      <data_item mem_id="1810" data_id="de7e">1101111001111110</data_item>
      <data_item mem_id="1820" data_id="f673">1111011001110011</data_item>
      <data_item mem_id="1830" data_id="f1b3">1111000110110011</data_item>
      <data_item mem_id="1840" data_id="9fbd">1001111110111101</data_item>
      <data_item mem_id="1850" data_id="9df5">1001110111110101</data_item>
      <data_item mem_id="1860" data_id="ede7">1110110111100111</data_item>
      <data_item mem_id="1870" data_id="af67">1010111101100111</data_item>
      <data_item mem_id="1880" data_id="3d7b">0011110101111011</data_item>
      <data_item mem_id="1890" data_id="39fb">0011100111111011</data_item>
      <data_item mem_id="18a0" data_id="dbdf">1101101111011111</data_item>
      <data_item mem_id="18b0" data_id="5efe">0101111011111110</data_item>
      <data_item mem_id="18c0" data_id="7af7">0111101011110111</data_item>
      <data_item mem_id="18d0" data_id="fbdf">1111101111011111</data_item>
      <data_item mem_id="18e0" data_id="f35b">1111001101011011</data_item>
      <data_item mem_id="18f0" data_id="fbfb">1111101111111011</data_item>
      <data_item mem_id="1900" data_id="e7ff">1110011111111111</data_item>
      <data_item mem_id="1910" data_id="773d">0111011100111101</data_item>
      <data_item mem_id="1920" data_id="fbb9">1111101110111001</data_item>
      <data_item mem_id="1930" data_id="9f9c">1001111110011100</data_item>
      <data_item mem_id="1940" data_id="9e3e">1001111000111110</data_item>
      <data_item mem_id="1950" data_id="f673">1111011001110011</data_item>
      <data_item mem_id="1960" data_id="f7b3">1111011110110011</data_item>
      <data_item mem_id="1970" data_id="9fbd">1001111110111101</data_item>
      <data_item mem_id="1980" data_id="99f9">1001100111111001</data_item>
      <data_item mem_id="1990" data_id="ede3">1110110111100011</data_item>
      <data_item mem_id="19a0" data_id="ef67">1110111101100111</data_item>
      <data_item mem_id="19b0" data_id="3f7b">0011111101111011</data_item>
      <data_item mem_id="19c0" data_id="39fb">0011100111111011</data_item>
      <data_item mem_id="19d0" data_id="d91f">1101100100011111</data_item>
      <data_item mem_id="19e0" data_id="1ede">0001111011011110</data_item>
      <data_item mem_id="19f0" data_id="7af6">0111101011110110</data_item>
      <data_item mem_id="1a00" data_id="33d7">0011001111010111</data_item>
      <data_item mem_id="1a10" data_id="b39f">1011001110011111</data_item>
      <data_item mem_id="1a20" data_id="b9fd">1011100111111101</data_item>
      <data_item mem_id="1a30" data_id="f5ef">1111010111101111</data_item>
      <data_item mem_id="1a40" data_id="e7bf">1110011110111111</data_item>
      <data_item mem_id="1a50" data_id="7fbd">0111111110111101</data_item>
      <data_item mem_id="1a60" data_id="bfbc">1011111110111100</data_item>
      <data_item mem_id="1a70" data_id="bfff">1011111111111111</data_item>
      <data_item mem_id="1a80" data_id="fe7b">1111111001111011</data_item>
      <data_item mem_id="1a90" data_id="f773">1111011101110011</data_item>
      <data_item mem_id="1aa0" data_id="9fb9">1001111110111001</data_item>
      <data_item mem_id="1ab0" data_id="99f9">1001100111111001</data_item>
      <data_item mem_id="1ac0" data_id="c9e3">1100100111100011</data_item>
      <data_item mem_id="1ad0" data_id="ef67">1110111101100111</data_item>
      <data_item mem_id="1ae0" data_id="3f7b">0011111101111011</data_item>
      <data_item mem_id="1af0" data_id="39fb">0011100111111011</data_item>
      <data_item mem_id="1b00" data_id="d99f">1101100110011111</data_item>
      <data_item mem_id="1b10" data_id="9e9e">1001111010011110</data_item>
      <data_item mem_id="1b20" data_id="36f6">0011011011110110</data_item>
      <data_item mem_id="1b30" data_id="7bd7">0111101111010111</data_item>
      <data_item mem_id="1b40" data_id="b39f">1011001110011111</data_item>
      <data_item mem_id="1b50" data_id="bd9d">1011110110011101</data_item>
      <data_item mem_id="1b60" data_id="f5ed">1111010111101101</data_item>
      <data_item mem_id="1b70" data_id="e7af">1110011110101111</data_item>
      <data_item mem_id="1b80" data_id="673d">0110011100111101</data_item>
      <data_item mem_id="1b90" data_id="7b79">0111101101111001</data_item>
      <data_item mem_id="1ba0" data_id="bb9f">1011101110011111</data_item>
      <data_item mem_id="1bb0" data_id="df5e">1101111101011110</data_item>
      <data_item mem_id="1bc0" data_id="ff7b">1111111101111011</data_item>
      <data_item mem_id="1bd0" data_id="fffb">1111111111111011</data_item>
      <data_item mem_id="1be0" data_id="dbfb">1101101111111011</data_item>
      <data_item mem_id="1bf0" data_id="d9fb">1101100111111011</data_item>
      <data_item mem_id="1c00" data_id="efe7">1110111111100111</data_item>
      <data_item mem_id="1c10" data_id="3f77">0011111101110111</data_item>
      <data_item mem_id="1c20" data_id="39fb">0011100111111011</data_item>
      <data_item mem_id="1c30" data_id="999f">1001100110011111</data_item>
      <data_item mem_id="1c40" data_id="9e9e">1001111010011110</data_item>
      <data_item mem_id="1c50" data_id="3ef6">0011111011110110</data_item>
      <data_item mem_id="1c60" data_id="73f7">0111001111110111</data_item>
      <data_item mem_id="1c70" data_id="b39f">1011001110011111</data_item>
      <data_item mem_id="1c80" data_id="bd99">1011110110011001</data_item>
      <data_item mem_id="1c90" data_id="f9e9">1111100111101001</data_item>
      <data_item mem_id="1ca0" data_id="e3ef">1110001111101111</data_item>
      <data_item mem_id="1cb0" data_id="673d">0110011100111101</data_item>
      <data_item mem_id="1cc0" data_id="7b39">0111101100111001</data_item>
      <data_item mem_id="1cd0" data_id="fbd9">1111101111011001</data_item>
      <data_item mem_id="1ce0" data_id="df5e">1101111101011110</data_item>
      <data_item mem_id="1cf0" data_id="de7a">1101111001111010</data_item>
      <data_item mem_id="1d00" data_id="f6f3">1111011011110011</data_item>
      <data_item mem_id="1d10" data_id="d7bf">1101011110111111</data_item>
      <data_item mem_id="1d20" data_id="9bf9">1001101111111001</data_item>
      <data_item mem_id="1d30" data_id="fdf7">1111110111110111</data_item>
      <data_item mem_id="1d40" data_id="eff7">1110111111110111</data_item>
      <data_item mem_id="1d50" data_id="bfff">1011111111111111</data_item>
      <data_item mem_id="1d60" data_id="bdbf">1011110110111111</data_item>
      <data_item mem_id="1d70" data_id="bd9f">1011110110011111</data_item>
      <data_item mem_id="1d80" data_id="7efe">0111111011111110</data_item>
      <data_item mem_id="1d90" data_id="73f7">0111001111110111</data_item>
      <data_item mem_id="1da0" data_id="339f">0011001110011111</data_item>
      <data_item mem_id="1db0" data_id="b999">1011100110011001</data_item>
      <data_item mem_id="1dc0" data_id="f9e9">1111100111101001</data_item>
      <data_item mem_id="1dd0" data_id="e3ef">1110001111101111</data_item>
      <data_item mem_id="1de0" data_id="673f">0110011100111111</data_item>
      <data_item mem_id="1df0" data_id="5331">0101001100110001</data_item>
      <data_item mem_id="1e00" data_id="fbd9">1111101111011001</data_item>
      <data_item mem_id="1e10" data_id="9f9e">1001111110011110</data_item>
      <data_item mem_id="1e20" data_id="9e7e">1001111001111110</data_item>
      <data_item mem_id="1e30" data_id="f673">1111011001110011</data_item>
      <data_item mem_id="1e40" data_id="d7b3">1101011110110011</data_item>
      <data_item mem_id="1e50" data_id="9fbd">1001111110111101</data_item>
      <data_item mem_id="1e60" data_id="1df5">0001110111110101</data_item>
      <data_item mem_id="1e70" data_id="ede7">1110110111100111</data_item>
      <data_item mem_id="1e80" data_id="af6f">1010111101101111</data_item>
      <data_item mem_id="1e90" data_id="3d7b">0011110101111011</data_item>
      <data_item mem_id="1ea0" data_id="f9ff">1111100111111111</data_item>
      <data_item mem_id="1eb0" data_id="dfff">1101111111111111</data_item>
      <data_item mem_id="1ec0" data_id="7fff">0111111111111111</data_item>
      <data_item mem_id="1ed0" data_id="7bff">0111101111111111</data_item>
      <data_item mem_id="1ee0" data_id="fb9f">1111101110011111</data_item>
      <data_item mem_id="1ef0" data_id="fddd">1111110111011101</data_item>
      <data_item mem_id="1f00" data_id="e7ef">1110011111101111</data_item>
      <data_item mem_id="1f10" data_id="673f">0110011100111111</data_item>
      <data_item mem_id="1f20" data_id="7339">0111001100111001</data_item>
      <data_item mem_id="1f30" data_id="fbd9">1111101111011001</data_item>
      <data_item mem_id="1f40" data_id="dfde">1101111111011110</data_item>
      <data_item mem_id="1f50" data_id="de7e">1101111001111110</data_item>
      <data_item mem_id="1f60" data_id="f673">1111011001110011</data_item>
      <data_item mem_id="1f70" data_id="f7b3">1111011110110011</data_item>
      <data_item mem_id="1f80" data_id="9fbd">1001111110111101</data_item>
      <data_item mem_id="1f90" data_id="9df5">1001110111110101</data_item>
      <data_item mem_id="1fa0" data_id="ede7">1110110111100111</data_item>
      <data_item mem_id="1fb0" data_id="af67">1010111101100111</data_item>
      <data_item mem_id="1fc0" data_id="3d7b">0011110101111011</data_item>
      <data_item mem_id="1fd0" data_id="39fb">0011100111111011</data_item>
      <data_item mem_id="1fe0" data_id="dbff">1101101111111111</data_item>
      <data_item mem_id="1ff0" data_id="5ede">0101111011011110</data_item>
      <data_item mem_id="2000" data_id="7af7">0111101011110111</data_item>
      <data_item mem_id="2010" data_id="f3d7">1111001111010111</data_item>
      <data_item mem_id="2020" data_id="bf9f">1011111110011111</data_item>
      <data_item mem_id="2030" data_id="f99f">1111100110011111</data_item>
      <data_item mem_id="2040" data_id="c7ef">1100011111101111</data_item>
      <data_item mem_id="2050" data_id="f7bd">1111011110111101</data_item>
      <data_item mem_id="2060" data_id="ffb9">1111111110111001</data_item>
      <data_item mem_id="2070" data_id="ffdd">1111111111011101</data_item>
      <data_item mem_id="2080" data_id="de7e">1101111001111110</data_item>
      <data_item mem_id="2090" data_id="f67b">1111011001111011</data_item>
      <data_item mem_id="20a0" data_id="f753">1111011101010011</data_item>
      <data_item mem_id="20b0" data_id="9fbf">1001111110111111</data_item>
      <data_item mem_id="20c0" data_id="9dfd">1001110111111101</data_item>
      <data_item mem_id="20d0" data_id="ede7">1110110111100111</data_item>
      <data_item mem_id="20e0" data_id="ef63">1110111101100011</data_item>
      <data_item mem_id="20f0" data_id="3f7b">0011111101111011</data_item>
      <data_item mem_id="2100" data_id="39fb">0011100111111011</data_item>
      <data_item mem_id="2110" data_id="d99f">1101100110011111</data_item>
      <data_item mem_id="2120" data_id="1ede">0001111011011110</data_item>
      <data_item mem_id="2130" data_id="7af6">0111101011110110</data_item>
      <data_item mem_id="2140" data_id="73d7">0111001111010111</data_item>
      <data_item mem_id="2150" data_id="b19f">1011000110011111</data_item>
      <data_item mem_id="2160" data_id="b1bc">1011000110111100</data_item>
      <data_item mem_id="2170" data_id="f5ef">1111010111101111</data_item>
      <data_item mem_id="2180" data_id="e7af">1110011110101111</data_item>
      <data_item mem_id="2190" data_id="7f3d">0111111100111101</data_item>
      <data_item mem_id="21a0" data_id="bbbd">1011101110111101</data_item>
      <data_item mem_id="21b0" data_id="93bf">1001001110111111</data_item>
      <data_item mem_id="21c0" data_id="ff7f">1111111101111111</data_item>
      <data_item mem_id="21d0" data_id="ff63">1111111101100011</data_item>
      <data_item mem_id="21e0" data_id="ffbb">1111111110111011</data_item>
      <data_item mem_id="21f0" data_id="9dfd">1001110111111101</data_item>
      <data_item mem_id="2200" data_id="dde7">1101110111100111</data_item>
      <data_item mem_id="2210" data_id="ef67">1110111101100111</data_item>
      <data_item mem_id="2220" data_id="3f7b">0011111101111011</data_item>
      <data_item mem_id="2230" data_id="39fb">0011100111111011</data_item>
      <data_item mem_id="2240" data_id="d9df">1101100111011111</data_item>
      <data_item mem_id="2250" data_id="dede">1101111011011110</data_item>
      <data_item mem_id="2260" data_id="7ef6">0111111011110110</data_item>
      <data_item mem_id="2270" data_id="73f7">0111001111110111</data_item>
      <data_item mem_id="2280" data_id="b39f">1011001110011111</data_item>
      <data_item mem_id="2290" data_id="bd9d">1011110110011101</data_item>
      <data_item mem_id="22a0" data_id="f5ed">1111010111101101</data_item>
      <data_item mem_id="22b0" data_id="e7af">1110011110101111</data_item>
      <data_item mem_id="22c0" data_id="673d">0110011100111101</data_item>
      <data_item mem_id="22d0" data_id="7b79">0111101101111001</data_item>
      <data_item mem_id="22e0" data_id="fbdb">1111101111011011</data_item>
      <data_item mem_id="22f0" data_id="df5e">1101111101011110</data_item>
      <data_item mem_id="2300" data_id="fe7a">1111111001111010</data_item>
      <data_item mem_id="2310" data_id="f7fb">1111011111111011</data_item>
      <data_item mem_id="2320" data_id="dfbf">1101111110111111</data_item>
      <data_item mem_id="2330" data_id="dffd">1101111111111101</data_item>
      <data_item mem_id="2340" data_id="fff7">1111111111110111</data_item>
      <data_item mem_id="2350" data_id="bff7">1011111111110111</data_item>
      <data_item mem_id="2360" data_id="3dfb">0011110111111011</data_item>
      <data_item mem_id="2370" data_id="b9df">1011100111011111</data_item>
      <data_item mem_id="2380" data_id="dcde">1101110011011110</data_item>
      <data_item mem_id="2390" data_id="7ef6">0111111011110110</data_item>
      <data_item mem_id="23a0" data_id="73f7">0111001111110111</data_item>
      <data_item mem_id="23b0" data_id="b39f">1011001110011111</data_item>
      <data_item mem_id="23c0" data_id="bd99">1011110110011001</data_item>
      <data_item mem_id="23d0" data_id="f9e9">1111100111101001</data_item>
      <data_item mem_id="23e0" data_id="e3ef">1110001111101111</data_item>
      <data_item mem_id="23f0" data_id="673d">0110011100111101</data_item>
      <data_item mem_id="2400" data_id="7b39">0111101100111001</data_item>
      <data_item mem_id="2410" data_id="fbd9">1111101111011001</data_item>
      <data_item mem_id="2420" data_id="9f5e">1001111101011110</data_item>
      <data_item mem_id="2430" data_id="de7a">1101111001111010</data_item>
      <data_item mem_id="2440" data_id="f6f3">1111011011110011</data_item>
      <data_item mem_id="2450" data_id="d7b5">1101011110110101</data_item>
      <data_item mem_id="2460" data_id="9fb9">1001111110111001</data_item>
      <data_item mem_id="2470" data_id="fdf7">1111110111110111</data_item>
      <data_item mem_id="2480" data_id="efe7">1110111111100111</data_item>
      <data_item mem_id="2490" data_id="bf7f">1011111101111111</data_item>
      <data_item mem_id="24a0" data_id="bdbb">1011110110111011</data_item>
      <data_item mem_id="24b0" data_id="bdbf">1011110110111111</data_item>
      <data_item mem_id="24c0" data_id="3ffe">0011111111111110</data_item>
      <data_item mem_id="24d0" data_id="7bf7">0111101111110111</data_item>
      <data_item mem_id="24e0" data_id="739f">0111001110011111</data_item>
      <data_item mem_id="24f0" data_id="bb99">1011101110011001</data_item>
      <data_item mem_id="2500" data_id="f9e9">1111100111101001</data_item>
      <data_item mem_id="2510" data_id="e3ef">1110001111101111</data_item>
      <data_item mem_id="2520" data_id="673f">0110011100111111</data_item>
      <data_item mem_id="2530" data_id="7b39">0111101100111001</data_item>
      <data_item mem_id="2540" data_id="fbd9">1111101111011001</data_item>
      <data_item mem_id="2550" data_id="9f9e">1001111110011110</data_item>
      <data_item mem_id="2560" data_id="9e3e">1001111000111110</data_item>
      <data_item mem_id="2570" data_id="f677">1111011001110111</data_item>
      <data_item mem_id="2580" data_id="d7b3">1101011110110011</data_item>
      <data_item mem_id="2590" data_id="9dbd">1001110110111101</data_item>
      <data_item mem_id="25a0" data_id="9df5">1001110111110101</data_item>
      <data_item mem_id="25b0" data_id="ede7">1110110111100111</data_item>
      <data_item mem_id="25c0" data_id="af6d">1010111101101101</data_item>
      <data_item mem_id="25d0" data_id="3d7b">0011110101111011</data_item>
      <data_item mem_id="25e0" data_id="79bb">0111100110111011</data_item>
      <data_item mem_id="25f0" data_id="9fdf">1001111111011111</data_item>
      <data_item mem_id="2600" data_id="7eff">0111111011111111</data_item>
      <data_item mem_id="2610" data_id="7bff">0111101111111111</data_item>
      <data_item mem_id="2620" data_id="fbdb">1111101111011011</data_item>
      <data_item mem_id="2630" data_id="fbd9">1111101111011001</data_item>
      <data_item mem_id="2640" data_id="f3ff">1111001111111111</data_item>
      <data_item mem_id="2650" data_id="e7bf">1110011110111111</data_item>
      <data_item mem_id="2660" data_id="7739">0111011100111001</data_item>
      <data_item mem_id="2670" data_id="fbd9">1111101111011001</data_item>
      <data_item mem_id="2680" data_id="9f9e">1001111110011110</data_item>
      <data_item mem_id="2690" data_id="9e3e">1001111000111110</data_item>
      <data_item mem_id="26a0" data_id="f673">1111011001110011</data_item>
      <data_item mem_id="26b0" data_id="f7b3">1111011110110011</data_item>
      <data_item mem_id="26c0" data_id="9fbd">1001111110111101</data_item>
      <data_item mem_id="26d0" data_id="99f9">1001100111111001</data_item>
      <data_item mem_id="26e0" data_id="e987">1110100110000111</data_item>
      <data_item mem_id="26f0" data_id="af67">1010111101100111</data_item>
      <data_item mem_id="2700" data_id="3d7b">0011110101111011</data_item>
      <data_item mem_id="2710" data_id="39fb">0011100111111011</data_item>
      <data_item mem_id="2720" data_id="d99f">1101100110011111</data_item>
      <data_item mem_id="2730" data_id="9ede">1001111011011110</data_item>
      <data_item mem_id="2740" data_id="78d6">0111100011010110</data_item>
      <data_item mem_id="2750" data_id="f3d7">1111001111010111</data_item>
      <data_item mem_id="2760" data_id="bb9b">1011101110011011</data_item>
      <data_item mem_id="2770" data_id="f9fd">1111100111111101</data_item>
      <data_item mem_id="2780" data_id="f7ef">1111011111101111</data_item>
      <data_item mem_id="2790" data_id="f7bf">1111011110111111</data_item>
      <data_item mem_id="27a0" data_id="7fbd">0111111110111101</data_item>
      <data_item mem_id="27b0" data_id="bfbd">1011111110111101</data_item>
      <data_item mem_id="27c0" data_id="9f3f">1001111100111111</data_item>
      <data_item mem_id="27d0" data_id="fe73">1111111001110011</data_item>
      <data_item mem_id="27e0" data_id="e7b3">1110011110110011</data_item>
      <data_item mem_id="27f0" data_id="9f3d">1001111100111101</data_item>
   </data>
 </resultfile>
