<?xml version="1.0" encoding="ISO-8859-1"?>
 <resultfile>
   <header>
      <link id="32-39">
        <source_moteid>32</source_moteid>
        <dest_moteid>39</dest_moteid>
      </link>
      <filedate>Thu Jul 21 17:52:56 2011</filedate>
      <channels>
        <num_channels>8</num_channels>
        <channel_ids>11.12.13.14.15.16.17.18</channel_ids>
      </channels>
   </header>
   <data>
      <data_item mem_id="0000" data_id="82d2">1000001011010010</data_item>
      <data_item mem_id="0010" data_id="e273">1110001001110011</data_item>
      <data_item mem_id="0020" data_id="e363">1110001101100011</data_item>
      <data_item mem_id="0030" data_id="3111">0011000100010001</data_item>
      <data_item mem_id="0040" data_id="1091">0001000010010001</data_item>
      <data_item mem_id="0050" data_id="d3d3">1101001111010011</data_item>
      <data_item mem_id="0060" data_id="d3f3">1101001111110011</data_item>
      <data_item mem_id="0070" data_id="3371">0011001101110001</data_item>
      <data_item mem_id="0080" data_id="32f3">0011001011110011</data_item>
      <data_item mem_id="0090" data_id="b2c2">1011001011000010</data_item>
      <data_item mem_id="00a0" data_id="f2e3">1111001011100011</data_item>
      <data_item mem_id="00b0" data_id="73f3">0111001111110011</data_item>
      <data_item mem_id="00c0" data_id="1130">0001000100110000</data_item>
      <data_item mem_id="00d0" data_id="b090">1011000010010000</data_item>
      <data_item mem_id="00e0" data_id="d0d3">1101000011010011</data_item>
      <data_item mem_id="00f0" data_id="d313">1101001100010011</data_item>
      <data_item mem_id="0100" data_id="7330">0111001100110000</data_item>
      <data_item mem_id="0110" data_id="f1b1">1111000110110001</data_item>
      <data_item mem_id="0120" data_id="9192">1001000110010010</data_item>
      <data_item mem_id="0130" data_id="82d2">1000001011010010</data_item>
      <data_item mem_id="0140" data_id="c263">1100001001100011</data_item>
      <data_item mem_id="0150" data_id="e373">1110001101110011</data_item>
      <data_item mem_id="0160" data_id="3131">0011000100110001</data_item>
      <data_item mem_id="0170" data_id="10b0">0001000010110000</data_item>
      <data_item mem_id="0180" data_id="d092">1101000010010010</data_item>
      <data_item mem_id="0190" data_id="d353">1101001101010011</data_item>
      <data_item mem_id="01a0" data_id="31f3">0011000111110011</data_item>
      <data_item mem_id="01b0" data_id="10f3">0001000011110011</data_item>
      <data_item mem_id="01c0" data_id="b382">1011001110000010</data_item>
      <data_item mem_id="01d0" data_id="9282">1001001010000010</data_item>
      <data_item mem_id="01e0" data_id="5363">0101001101100011</data_item>
      <data_item mem_id="01f0" data_id="23b3">0010001110110011</data_item>
      <data_item mem_id="0200" data_id="7390">0111001110010000</data_item>
      <data_item mem_id="0210" data_id="f2d3">1111001011010011</data_item>
      <data_item mem_id="0220" data_id="53d1">0101001111010001</data_item>
      <data_item mem_id="0230" data_id="73f1">0111001111110001</data_item>
      <data_item mem_id="0240" data_id="f191">1111000110010001</data_item>
      <data_item mem_id="0250" data_id="f1b2">1111000110110010</data_item>
      <data_item mem_id="0260" data_id="92d2">1001001011010010</data_item>
      <data_item mem_id="0270" data_id="e2f1">1110001011110001</data_item>
      <data_item mem_id="0280" data_id="e072">1110000001110010</data_item>
      <data_item mem_id="0290" data_id="1311">0001001100010001</data_item>
      <data_item mem_id="02a0" data_id="10b0">0001000010110000</data_item>
      <data_item mem_id="02b0" data_id="92d2">1001001011010010</data_item>
      <data_item mem_id="02c0" data_id="d1d3">1101000111010011</data_item>
      <data_item mem_id="02d0" data_id="7170">0111000101110000</data_item>
      <data_item mem_id="02e0" data_id="3071">0011000001110001</data_item>
      <data_item mem_id="02f0" data_id="b191">1011000110010001</data_item>
      <data_item mem_id="0300" data_id="9082">1001000010000010</data_item>
      <data_item mem_id="0310" data_id="d2e2">1101001011100010</data_item>
      <data_item mem_id="0320" data_id="63f1">0110001111110001</data_item>
      <data_item mem_id="0330" data_id="5030">0101000000110000</data_item>
      <data_item mem_id="0340" data_id="1111">0001000100010001</data_item>
      <data_item mem_id="0350" data_id="90d0">1001000011010000</data_item>
      <data_item mem_id="0360" data_id="d2f3">1101001011110011</data_item>
      <data_item mem_id="0370" data_id="f331">1111001100110001</data_item>
      <data_item mem_id="0380" data_id="6113">0110000100010011</data_item>
      <data_item mem_id="0390" data_id="91b3">1001000110110011</data_item>
      <data_item mem_id="03a0" data_id="c2f0">1100001011110000</data_item>
      <data_item mem_id="03b0" data_id="8373">1000001101110011</data_item>
      <data_item mem_id="03c0" data_id="f231">1111001000110001</data_item>
      <data_item mem_id="03d0" data_id="2080">0010000010000000</data_item>
      <data_item mem_id="03e0" data_id="90d0">1001000011010000</data_item>
      <data_item mem_id="03f0" data_id="d3c1">1101001111000001</data_item>
      <data_item mem_id="0400" data_id="7173">0111000101110011</data_item>
      <data_item mem_id="0410" data_id="3161">0011000101100001</data_item>
      <data_item mem_id="0420" data_id="a181">1010000110000001</data_item>
      <data_item mem_id="0430" data_id="1383">0001001110000011</data_item>
      <data_item mem_id="0440" data_id="d3e2">1101001111100010</data_item>
      <data_item mem_id="0450" data_id="41c1">0100000111000001</data_item>
      <data_item mem_id="0460" data_id="3333">0011001100110011</data_item>
      <data_item mem_id="0470" data_id="3100">0011000100000000</data_item>
      <data_item mem_id="0480" data_id="b0d0">1011000011010000</data_item>
      <data_item mem_id="0490" data_id="d3d3">1101001111010011</data_item>
      <data_item mem_id="04a0" data_id="d171">1101000101110001</data_item>
      <data_item mem_id="04b0" data_id="7232">0111001000110010</data_item>
      <data_item mem_id="04c0" data_id="03b3">0000001110110011</data_item>
      <data_item mem_id="04d0" data_id="8110">1000000100010000</data_item>
      <data_item mem_id="04e0" data_id="4273">0100001001110011</data_item>
      <data_item mem_id="04f0" data_id="e371">1110001101110001</data_item>
      <data_item mem_id="0500" data_id="f030">1111000000110000</data_item>
      <data_item mem_id="0510" data_id="d0d2">1101000011010010</data_item>
      <data_item mem_id="0520" data_id="d1d1">1101000111010001</data_item>
      <data_item mem_id="0530" data_id="c2f2">1100001011110010</data_item>
      <data_item mem_id="0540" data_id="f1f1">1111000111110001</data_item>
      <data_item mem_id="0550" data_id="b1b0">1011000110110000</data_item>
      <data_item mem_id="0560" data_id="9293">1001001010010011</data_item>
      <data_item mem_id="0570" data_id="93c0">1001001111000000</data_item>
      <data_item mem_id="0580" data_id="60e3">0110000011100011</data_item>
      <data_item mem_id="0590" data_id="7333">0111001100110011</data_item>
      <data_item mem_id="05a0" data_id="3100">0011000100000000</data_item>
      <data_item mem_id="05b0" data_id="b0d0">1011000011010000</data_item>
      <data_item mem_id="05c0" data_id="d2d3">1101001011010011</data_item>
      <data_item mem_id="05d0" data_id="c171">1100000101110001</data_item>
      <data_item mem_id="05e0" data_id="5331">0101001100110001</data_item>
      <data_item mem_id="05f0" data_id="71b1">0111000110110001</data_item>
      <data_item mem_id="0600" data_id="8193">1000000110010011</data_item>
      <data_item mem_id="0610" data_id="83d3">1000001111010011</data_item>
      <data_item mem_id="0620" data_id="e161">1110000101100001</data_item>
      <data_item mem_id="0630" data_id="f363">1111001101100011</data_item>
      <data_item mem_id="0640" data_id="1313">0001001100010011</data_item>
      <data_item mem_id="0650" data_id="81d1">1000000111010001</data_item>
      <data_item mem_id="0660" data_id="d373">1101001101110011</data_item>
      <data_item mem_id="0670" data_id="f3c1">1111001111000001</data_item>
      <data_item mem_id="0680" data_id="31f1">0011000111110001</data_item>
      <data_item mem_id="0690" data_id="93f3">1001001111110011</data_item>
      <data_item mem_id="06a0" data_id="f3c2">1111001111000010</data_item>
      <data_item mem_id="06b0" data_id="f2e2">1111001011100010</data_item>
      <data_item mem_id="06c0" data_id="73f3">0111001111110011</data_item>
      <data_item mem_id="06d0" data_id="11b0">0001000110110000</data_item>
      <data_item mem_id="06e0" data_id="b090">1011000010010000</data_item>
      <data_item mem_id="06f0" data_id="d2d3">1101001011010011</data_item>
      <data_item mem_id="0700" data_id="f372">1111001101110010</data_item>
      <data_item mem_id="0710" data_id="7331">0111001100110001</data_item>
      <data_item mem_id="0720" data_id="10b1">0001000010110001</data_item>
      <data_item mem_id="0730" data_id="d192">1101000110010010</data_item>
      <data_item mem_id="0740" data_id="c2d0">1100001011010000</data_item>
      <data_item mem_id="0750" data_id="e273">1110001001110011</data_item>
      <data_item mem_id="0760" data_id="f373">1111001101110011</data_item>
      <data_item mem_id="0770" data_id="b1b1">1011000110110001</data_item>
      <data_item mem_id="0780" data_id="90a0">1001000010100000</data_item>
      <data_item mem_id="0790" data_id="d1d3">1101000111010011</data_item>
      <data_item mem_id="07a0" data_id="f2d3">1111001011010011</data_item>
      <data_item mem_id="07b0" data_id="3373">0011001101110011</data_item>
      <data_item mem_id="07c0" data_id="3373">0011001101110011</data_item>
      <data_item mem_id="07d0" data_id="b1c3">1011000111000011</data_item>
      <data_item mem_id="07e0" data_id="d3e3">1101001111100011</data_item>
      <data_item mem_id="07f0" data_id="7363">0111001101100011</data_item>
      <data_item mem_id="0800" data_id="3330">0011001100110000</data_item>
      <data_item mem_id="0810" data_id="3090">0011000010010000</data_item>
      <data_item mem_id="0820" data_id="d0d3">1101000011010011</data_item>
      <data_item mem_id="0830" data_id="c3d3">1100001111010011</data_item>
      <data_item mem_id="0840" data_id="b371">1011001101110001</data_item>
      <data_item mem_id="0850" data_id="71b1">0111000110110001</data_item>
      <data_item mem_id="0860" data_id="9193">1001000110010011</data_item>
      <data_item mem_id="0870" data_id="c3d3">1100001111010011</data_item>
      <data_item mem_id="0880" data_id="c373">1100001101110011</data_item>
      <data_item mem_id="0890" data_id="e373">1110001101110011</data_item>
      <data_item mem_id="08a0" data_id="3331">0011001100110001</data_item>
      <data_item mem_id="08b0" data_id="10b0">0001000010110000</data_item>
      <data_item mem_id="08c0" data_id="d0f2">1101000011110010</data_item>
      <data_item mem_id="08d0" data_id="d3f3">1101001111110011</data_item>
      <data_item mem_id="08e0" data_id="7373">0111001101110011</data_item>
      <data_item mem_id="08f0" data_id="3131">0011000100110001</data_item>
      <data_item mem_id="0900" data_id="b3d2">1011001111010010</data_item>
      <data_item mem_id="0910" data_id="d3c3">1101001111000011</data_item>
      <data_item mem_id="0920" data_id="53a3">0101001110100011</data_item>
      <data_item mem_id="0930" data_id="73b3">0111001110110011</data_item>
      <data_item mem_id="0940" data_id="3191">0011000110010001</data_item>
      <data_item mem_id="0950" data_id="b0d3">1011000011010011</data_item>
      <data_item mem_id="0960" data_id="73f3">0111001111110011</data_item>
      <data_item mem_id="0970" data_id="f3f1">1111001111110001</data_item>
      <data_item mem_id="0980" data_id="f0b1">1111000010110001</data_item>
      <data_item mem_id="0990" data_id="f1b2">1111000110110010</data_item>
      <data_item mem_id="09a0" data_id="f2d2">1111001011010010</data_item>
      <data_item mem_id="09b0" data_id="e2d3">1110001011010011</data_item>
      <data_item mem_id="09c0" data_id="e373">1110001101110011</data_item>
      <data_item mem_id="09d0" data_id="b331">1011001100110001</data_item>
      <data_item mem_id="09e0" data_id="90b0">1001000010110000</data_item>
      <data_item mem_id="09f0" data_id="90d2">1001000011010010</data_item>
      <data_item mem_id="0a00" data_id="d0d3">1101000011010011</data_item>
      <data_item mem_id="0a10" data_id="5373">0101001101110011</data_item>
      <data_item mem_id="0a20" data_id="3071">0011000001110001</data_item>
      <data_item mem_id="0a30" data_id="b1d1">1011000111010001</data_item>
      <data_item mem_id="0a40" data_id="d2c3">1101001011000011</data_item>
      <data_item mem_id="0a50" data_id="d3e3">1101001111100011</data_item>
      <data_item mem_id="0a60" data_id="63f3">0110001111110011</data_item>
      <data_item mem_id="0a70" data_id="73b3">0111001110110011</data_item>
      <data_item mem_id="0a80" data_id="b190">1011000110010000</data_item>
      <data_item mem_id="0a90" data_id="b1d2">1011000111010010</data_item>
      <data_item mem_id="0aa0" data_id="d3d3">1101001111010011</data_item>
      <data_item mem_id="0ab0" data_id="d133">1101000100110011</data_item>
      <data_item mem_id="0ac0" data_id="5111">0101000100010001</data_item>
      <data_item mem_id="0ad0" data_id="d392">1101001110010010</data_item>
      <data_item mem_id="0ae0" data_id="80c3">1000000011000011</data_item>
      <data_item mem_id="0af0" data_id="e333">1110001100110011</data_item>
      <data_item mem_id="0b00" data_id="d331">1101001100110001</data_item>
      <data_item mem_id="0b10" data_id="82d0">1000001011010000</data_item>
      <data_item mem_id="0b20" data_id="d0d2">1101000011010010</data_item>
      <data_item mem_id="0b30" data_id="d3d3">1101001111010011</data_item>
      <data_item mem_id="0b40" data_id="f371">1111001101110001</data_item>
      <data_item mem_id="0b50" data_id="31f1">0011000111110001</data_item>
      <data_item mem_id="0b60" data_id="b1d1">1011000111010001</data_item>
      <data_item mem_id="0b70" data_id="83c3">1000001111000011</data_item>
      <data_item mem_id="0b80" data_id="d3c3">1101001111000011</data_item>
      <data_item mem_id="0b90" data_id="71f3">0111000111110011</data_item>
      <data_item mem_id="0ba0" data_id="73b3">0111001110110011</data_item>
      <data_item mem_id="0bb0" data_id="3190">0011000110010000</data_item>
      <data_item mem_id="0bc0" data_id="b0d0">1011000011010000</data_item>
      <data_item mem_id="0bd0" data_id="d2d3">1101001011010011</data_item>
      <data_item mem_id="0be0" data_id="d3f3">1101001111110011</data_item>
      <data_item mem_id="0bf0" data_id="f3b1">1111001110110001</data_item>
      <data_item mem_id="0c00" data_id="7193">0111000110010011</data_item>
      <data_item mem_id="0c10" data_id="c3d3">1100001111010011</data_item>
      <data_item mem_id="0c20" data_id="c353">1100001101010011</data_item>
      <data_item mem_id="0c30" data_id="e333">1110001100110011</data_item>
      <data_item mem_id="0c40" data_id="f233">1111001000110011</data_item>
      <data_item mem_id="0c50" data_id="9092">1001000010010010</data_item>
      <data_item mem_id="0c60" data_id="d3d3">1101001111010011</data_item>
      <data_item mem_id="0c70" data_id="d3f3">1101001111110011</data_item>
      <data_item mem_id="0c80" data_id="f1f1">1111000111110001</data_item>
      <data_item mem_id="0c90" data_id="31f1">0011000111110001</data_item>
      <data_item mem_id="0ca0" data_id="93d3">1001001111010011</data_item>
      <data_item mem_id="0cb0" data_id="d3c2">1101001111000010</data_item>
      <data_item mem_id="0cc0" data_id="73e3">0111001111100011</data_item>
      <data_item mem_id="0cd0" data_id="72b3">0111001010110011</data_item>
      <data_item mem_id="0ce0" data_id="3190">0011000110010000</data_item>
      <data_item mem_id="0cf0" data_id="b090">1011000010010000</data_item>
      <data_item mem_id="0d00" data_id="d2d3">1101001011010011</data_item>
      <data_item mem_id="0d10" data_id="f303">1111001100000011</data_item>
      <data_item mem_id="0d20" data_id="7331">0111001100110001</data_item>
      <data_item mem_id="0d30" data_id="f1b1">1111000110110001</data_item>
      <data_item mem_id="0d40" data_id="9192">1001000110010010</data_item>
      <data_item mem_id="0d50" data_id="8203">1000001000000011</data_item>
      <data_item mem_id="0d60" data_id="e362">1110001101100010</data_item>
      <data_item mem_id="0d70" data_id="e173">1110000101110011</data_item>
      <data_item mem_id="0d80" data_id="0111">0000000100010001</data_item>
      <data_item mem_id="0d90" data_id="1193">0001000110010011</data_item>
      <data_item mem_id="0da0" data_id="c3d3">1100001111010011</data_item>
      <data_item mem_id="0db0" data_id="d3d3">1101001111010011</data_item>
      <data_item mem_id="0dc0" data_id="33f1">0011001111110001</data_item>
      <data_item mem_id="0dd0" data_id="93d3">1001001111010011</data_item>
      <data_item mem_id="0de0" data_id="d3c2">1101001111000010</data_item>
      <data_item mem_id="0df0" data_id="73e3">0111001111100011</data_item>
      <data_item mem_id="0e00" data_id="73f3">0111001111110011</data_item>
      <data_item mem_id="0e10" data_id="1130">0001000100110000</data_item>
      <data_item mem_id="0e20" data_id="b0d0">1011000011010000</data_item>
      <data_item mem_id="0e30" data_id="f201">1111001000000001</data_item>
      <data_item mem_id="0e40" data_id="d371">1101001101110001</data_item>
      <data_item mem_id="0e50" data_id="73b1">0111001110110001</data_item>
      <data_item mem_id="0e60" data_id="d1b1">1101000110110001</data_item>
      <data_item mem_id="0e70" data_id="d193">1101000110010011</data_item>
      <data_item mem_id="0e80" data_id="c193">1100000110010011</data_item>
      <data_item mem_id="0e90" data_id="c273">1100001001110011</data_item>
      <data_item mem_id="0ea0" data_id="f371">1111001101110001</data_item>
      <data_item mem_id="0eb0" data_id="b391">1011001110010001</data_item>
      <data_item mem_id="0ec0" data_id="90b2">1001000010110010</data_item>
      <data_item mem_id="0ed0" data_id="d0d3">1101000011010011</data_item>
      <data_item mem_id="0ee0" data_id="f3f3">1111001111110011</data_item>
      <data_item mem_id="0ef0" data_id="b3f3">1011001111110011</data_item>
      <data_item mem_id="0f00" data_id="3353">0011001101010011</data_item>
      <data_item mem_id="0f10" data_id="92c3">1001001011000011</data_item>
      <data_item mem_id="0f20" data_id="d3c3">1101001111000011</data_item>
      <data_item mem_id="0f30" data_id="71e3">0111000111100011</data_item>
      <data_item mem_id="0f40" data_id="33f3">0011001111110011</data_item>
      <data_item mem_id="0f50" data_id="1091">0001000010010001</data_item>
      <data_item mem_id="0f60" data_id="f0d1">1111000011010001</data_item>
      <data_item mem_id="0f70" data_id="f3f2">1111001111110010</data_item>
      <data_item mem_id="0f80" data_id="f3f1">1111001111110001</data_item>
      <data_item mem_id="0f90" data_id="f1b1">1111000110110001</data_item>
      <data_item mem_id="0fa0" data_id="f192">1111000110010010</data_item>
      <data_item mem_id="0fb0" data_id="c2d2">1100001011010010</data_item>
      <data_item mem_id="0fc0" data_id="c273">1100001001110011</data_item>
      <data_item mem_id="0fd0" data_id="e373">1110001101110011</data_item>
      <data_item mem_id="0fe0" data_id="b311">1011001100010001</data_item>
      <data_item mem_id="0ff0" data_id="90b0">1001000010110000</data_item>
      <data_item mem_id="1000" data_id="d4f2">1101010011110010</data_item>
      <data_item mem_id="1010" data_id="f3f3">1111001111110011</data_item>
      <data_item mem_id="1020" data_id="73f2">0111001111110010</data_item>
      <data_item mem_id="1030" data_id="b171">1011000101110001</data_item>
      <data_item mem_id="1040" data_id="b192">1011000110010010</data_item>
      <data_item mem_id="1050" data_id="d3c3">1101001111000011</data_item>
      <data_item mem_id="1060" data_id="d2e3">1101001011100011</data_item>
      <data_item mem_id="1070" data_id="33f3">0011001111110011</data_item>
      <data_item mem_id="1080" data_id="7291">0111001010010001</data_item>
      <data_item mem_id="1090" data_id="b191">1011000110010001</data_item>
      <data_item mem_id="10a0" data_id="f3d1">1111001111010001</data_item>
      <data_item mem_id="10b0" data_id="f3f3">1111001111110011</data_item>
      <data_item mem_id="10c0" data_id="f131">1111000100110001</data_item>
      <data_item mem_id="10d0" data_id="f191">1111000110010001</data_item>
      <data_item mem_id="10e0" data_id="d2d2">1101001011010010</data_item>
      <data_item mem_id="10f0" data_id="c2f3">1100001011110011</data_item>
      <data_item mem_id="1100" data_id="e373">1110001101110011</data_item>
      <data_item mem_id="1110" data_id="f331">1111001100110001</data_item>
      <data_item mem_id="1120" data_id="10b0">0001000010110000</data_item>
      <data_item mem_id="1130" data_id="90e2">1001000011100010</data_item>
      <data_item mem_id="1140" data_id="13f3">0001001111110011</data_item>
      <data_item mem_id="1150" data_id="7373">0111001101110011</data_item>
      <data_item mem_id="1160" data_id="3171">0011000101110001</data_item>
      <data_item mem_id="1170" data_id="b0d1">1011000011010001</data_item>
      <data_item mem_id="1180" data_id="d3c3">1101001111000011</data_item>
      <data_item mem_id="1190" data_id="d3e3">1101001111100011</data_item>
      <data_item mem_id="11a0" data_id="53f3">0101001111110011</data_item>
      <data_item mem_id="11b0" data_id="7333">0111001100110011</data_item>
      <data_item mem_id="11c0" data_id="b190">1011000110010000</data_item>
      <data_item mem_id="11d0" data_id="b0d1">1011000011010001</data_item>
      <data_item mem_id="11e0" data_id="f3f1">1111001111110001</data_item>
      <data_item mem_id="11f0" data_id="6211">0110001000010001</data_item>
      <data_item mem_id="1200" data_id="7032">0111000000110010</data_item>
      <data_item mem_id="1210" data_id="73b3">0111001110110011</data_item>
      <data_item mem_id="1220" data_id="8090">1000000010010000</data_item>
      <data_item mem_id="1230" data_id="e253">1110001001010011</data_item>
      <data_item mem_id="1240" data_id="f311">1111001100010001</data_item>
      <data_item mem_id="1250" data_id="90b0">1001000010110000</data_item>
      <data_item mem_id="1260" data_id="10f0">0001000011110000</data_item>
      <data_item mem_id="1270" data_id="d1f1">1101000111110001</data_item>
      <data_item mem_id="1280" data_id="f0f2">1111000011110010</data_item>
      <data_item mem_id="1290" data_id="51f1">0101000111110001</data_item>
      <data_item mem_id="12a0" data_id="31d0">0011000111010000</data_item>
      <data_item mem_id="12b0" data_id="9283">1001001010000011</data_item>
      <data_item mem_id="12c0" data_id="d3e1">1101001111100001</data_item>
      <data_item mem_id="12d0" data_id="71e2">0111000111100010</data_item>
      <data_item mem_id="12e0" data_id="73b3">0111001110110011</data_item>
      <data_item mem_id="12f0" data_id="b110">1011000100010000</data_item>
      <data_item mem_id="1300" data_id="b050">1011000001010000</data_item>
      <data_item mem_id="1310" data_id="f2f3">1111001011110011</data_item>
      <data_item mem_id="1320" data_id="e1f1">1110000111110001</data_item>
      <data_item mem_id="1330" data_id="7331">0111001100110001</data_item>
      <data_item mem_id="1340" data_id="71b1">0111000110110001</data_item>
      <data_item mem_id="1350" data_id="c193">1100000110010011</data_item>
      <data_item mem_id="1360" data_id="8352">1000001101010010</data_item>
      <data_item mem_id="1370" data_id="e301">1110001100000001</data_item>
      <data_item mem_id="1380" data_id="2133">0010000100110011</data_item>
      <data_item mem_id="1390" data_id="1110">0001000100010000</data_item>
      <data_item mem_id="13a0" data_id="01f1">0000000111110001</data_item>
      <data_item mem_id="13b0" data_id="d3d3">1101001111010011</data_item>
      <data_item mem_id="13c0" data_id="f3e1">1111001111100001</data_item>
      <data_item mem_id="13d0" data_id="a1b1">1010000110110001</data_item>
      <data_item mem_id="13e0" data_id="b232">1011001000110010</data_item>
      <data_item mem_id="13f0" data_id="d2e0">1101001011100000</data_item>
      <data_item mem_id="1400" data_id="f3e3">1111001111100011</data_item>
      <data_item mem_id="1410" data_id="63b3">0110001110110011</data_item>
      <data_item mem_id="1420" data_id="3110">0011000100010000</data_item>
      <data_item mem_id="1430" data_id="b090">1011000010010000</data_item>
      <data_item mem_id="1440" data_id="d0d3">1101000011010011</data_item>
      <data_item mem_id="1450" data_id="d373">1101001101110011</data_item>
      <data_item mem_id="1460" data_id="7321">0111001100100001</data_item>
      <data_item mem_id="1470" data_id="71b1">0111000110110001</data_item>
      <data_item mem_id="1480" data_id="9192">1001000110010010</data_item>
      <data_item mem_id="1490" data_id="82d2">1000001011010010</data_item>
      <data_item mem_id="14a0" data_id="e263">1110001001100011</data_item>
      <data_item mem_id="14b0" data_id="6371">0110001101110001</data_item>
      <data_item mem_id="14c0" data_id="b391">1011001110010001</data_item>
      <data_item mem_id="14d0" data_id="9091">1001000010010001</data_item>
      <data_item mem_id="14e0" data_id="d3f3">1101001111110011</data_item>
      <data_item mem_id="14f0" data_id="f373">1111001101110011</data_item>
      <data_item mem_id="1500" data_id="3373">0011001101110011</data_item>
      <data_item mem_id="1510" data_id="91d3">1001000111010011</data_item>
      <data_item mem_id="1520" data_id="b3c2">1011001111000010</data_item>
      <data_item mem_id="1530" data_id="f3e2">1111001111100010</data_item>
      <data_item mem_id="1540" data_id="53c3">0101001111000011</data_item>
      <data_item mem_id="1550" data_id="31b2">0011000110110010</data_item>
      <data_item mem_id="1560" data_id="b090">1011000010010000</data_item>
      <data_item mem_id="1570" data_id="f0d1">1111000011010001</data_item>
      <data_item mem_id="1580" data_id="a3f3">1010001111110011</data_item>
      <data_item mem_id="1590" data_id="7331">0111001100110001</data_item>
      <data_item mem_id="15a0" data_id="71b1">0111000110110001</data_item>
      <data_item mem_id="15b0" data_id="d092">1101000010010010</data_item>
      <data_item mem_id="15c0" data_id="86d2">1000011011010010</data_item>
      <data_item mem_id="15d0" data_id="e273">1110001001110011</data_item>
      <data_item mem_id="15e0" data_id="f373">1111001101110011</data_item>
      <data_item mem_id="15f0" data_id="3391">0011001110010001</data_item>
      <data_item mem_id="1600" data_id="1090">0001000010010000</data_item>
      <data_item mem_id="1610" data_id="d0d2">1101000011010010</data_item>
      <data_item mem_id="1620" data_id="f3f3">1111001111110011</data_item>
      <data_item mem_id="1630" data_id="5370">0101001101110000</data_item>
      <data_item mem_id="1640" data_id="1153">0001000101010011</data_item>
      <data_item mem_id="1650" data_id="b382">1011001110000010</data_item>
      <data_item mem_id="1660" data_id="9082">1001000010000010</data_item>
      <data_item mem_id="1670" data_id="53e3">0101001111100011</data_item>
      <data_item mem_id="1680" data_id="71a3">0111000110100011</data_item>
      <data_item mem_id="1690" data_id="2110">0010000100010000</data_item>
      <data_item mem_id="16a0" data_id="30d1">0011000011010001</data_item>
      <data_item mem_id="16b0" data_id="f3f3">1111001111110011</data_item>
      <data_item mem_id="16c0" data_id="d3f1">1101001111110001</data_item>
      <data_item mem_id="16d0" data_id="f1b1">1111000110110001</data_item>
      <data_item mem_id="16e0" data_id="f1b2">1111000110110010</data_item>
      <data_item mem_id="16f0" data_id="d2d6">1101001011010110</data_item>
      <data_item mem_id="1700" data_id="e273">1110001001110011</data_item>
      <data_item mem_id="1710" data_id="e373">1110001101110011</data_item>
      <data_item mem_id="1720" data_id="b301">1011001100000001</data_item>
      <data_item mem_id="1730" data_id="90b0">1001000010110000</data_item>
      <data_item mem_id="1740" data_id="90f0">1001000011110000</data_item>
      <data_item mem_id="1750" data_id="f3f3">1111001111110011</data_item>
      <data_item mem_id="1760" data_id="73b2">0111001110110010</data_item>
      <data_item mem_id="1770" data_id="3171">0011000101110001</data_item>
      <data_item mem_id="1780" data_id="b0d0">1011000011010000</data_item>
      <data_item mem_id="1790" data_id="9282">1001001010000010</data_item>
      <data_item mem_id="17a0" data_id="d2e2">1101001011100010</data_item>
      <data_item mem_id="17b0" data_id="73f3">0111001111110011</data_item>
      <data_item mem_id="17c0" data_id="7391">0111001110010001</data_item>
      <data_item mem_id="17d0" data_id="1181">0001000110000001</data_item>
      <data_item mem_id="17e0" data_id="93d3">1001001111010011</data_item>
      <data_item mem_id="17f0" data_id="f373">1111001101110011</data_item>
      <data_item mem_id="1800" data_id="f331">1111001100110001</data_item>
      <data_item mem_id="1810" data_id="f133">1111000100110011</data_item>
      <data_item mem_id="1820" data_id="f3b3">1111001110110011</data_item>
      <data_item mem_id="1830" data_id="c2f3">1100001011110011</data_item>
      <data_item mem_id="1840" data_id="e373">1110001101110011</data_item>
      <data_item mem_id="1850" data_id="e301">1110001100000001</data_item>
      <data_item mem_id="1860" data_id="b0b0">1011000010110000</data_item>
      <data_item mem_id="1870" data_id="d0d2">1101000011010010</data_item>
      <data_item mem_id="1880" data_id="d1d3">1101000111010011</data_item>
      <data_item mem_id="1890" data_id="d3f3">1101001111110011</data_item>
      <data_item mem_id="18a0" data_id="b1f1">1011000111110001</data_item>
      <data_item mem_id="18b0" data_id="b1d1">1011000111010001</data_item>
      <data_item mem_id="18c0" data_id="9602">1001011000000010</data_item>
      <data_item mem_id="18d0" data_id="d2c2">1101001011000010</data_item>
      <data_item mem_id="18e0" data_id="73d3">0111001111010011</data_item>
      <data_item mem_id="18f0" data_id="53b3">0101001110110011</data_item>
      <data_item mem_id="1900" data_id="9110">1001000100010000</data_item>
      <data_item mem_id="1910" data_id="b0d0">1011000011010000</data_item>
      <data_item mem_id="1920" data_id="f3f3">1111001111110011</data_item>
      <data_item mem_id="1930" data_id="f333">1111001100110011</data_item>
      <data_item mem_id="1940" data_id="7031">0111000000110001</data_item>
      <data_item mem_id="1950" data_id="d393">1101001110010011</data_item>
      <data_item mem_id="1960" data_id="83d2">1000001111010010</data_item>
      <data_item mem_id="1970" data_id="8373">1000001101110011</data_item>
      <data_item mem_id="1980" data_id="f363">1111001101100011</data_item>
      <data_item mem_id="1990" data_id="d3b0">1101001110110000</data_item>
      <data_item mem_id="19a0" data_id="90d2">1001000011010010</data_item>
      <data_item mem_id="19b0" data_id="d0d3">1101000011010011</data_item>
      <data_item mem_id="19c0" data_id="d2d3">1101001011010011</data_item>
      <data_item mem_id="19d0" data_id="f171">1111000101110001</data_item>
      <data_item mem_id="19e0" data_id="91f1">1001000111110001</data_item>
      <data_item mem_id="19f0" data_id="9383">1001001110000011</data_item>
      <data_item mem_id="1a00" data_id="d3c3">1101001111000011</data_item>
      <data_item mem_id="1a10" data_id="53e3">0101001111100011</data_item>
      <data_item mem_id="1a20" data_id="73b3">0111001110110011</data_item>
      <data_item mem_id="1a30" data_id="3110">0011000100010000</data_item>
      <data_item mem_id="1a40" data_id="b090">1011000010010000</data_item>
      <data_item mem_id="1a50" data_id="f2d3">1111001011010011</data_item>
      <data_item mem_id="1a60" data_id="f373">1111001101110011</data_item>
      <data_item mem_id="1a70" data_id="7331">0111001100110001</data_item>
      <data_item mem_id="1a80" data_id="e1b1">1110000110110001</data_item>
      <data_item mem_id="1a90" data_id="50d3">0101000011010011</data_item>
      <data_item mem_id="1aa0" data_id="c052">1100000001010010</data_item>
      <data_item mem_id="1ab0" data_id="6273">0110001001110011</data_item>
      <data_item mem_id="1ac0" data_id="f371">1111001101110001</data_item>
      <data_item mem_id="1ad0" data_id="1191">0001000110010001</data_item>
      <data_item mem_id="1ae0" data_id="91d1">1001000111010001</data_item>
      <data_item mem_id="1af0" data_id="d3f3">1101001111110011</data_item>
      <data_item mem_id="1b00" data_id="f3f1">1111001111110001</data_item>
      <data_item mem_id="1b10" data_id="31f1">0011000111110001</data_item>
      <data_item mem_id="1b20" data_id="9393">1001001110010011</data_item>
      <data_item mem_id="1b30" data_id="92c2">1001001011000010</data_item>
      <data_item mem_id="1b40" data_id="f3e3">1111001111100011</data_item>
      <data_item mem_id="1b50" data_id="73f3">0111001111110011</data_item>
      <data_item mem_id="1b60" data_id="3190">0011000110010000</data_item>
      <data_item mem_id="1b70" data_id="b0d0">1011000011010000</data_item>
      <data_item mem_id="1b80" data_id="d2d3">1101001011010011</data_item>
      <data_item mem_id="1b90" data_id="d3f1">1101001111110001</data_item>
      <data_item mem_id="1ba0" data_id="73b1">0111001110110001</data_item>
      <data_item mem_id="1bb0" data_id="71b1">0111000110110001</data_item>
      <data_item mem_id="1bc0" data_id="c1d2">1100000111010010</data_item>
      <data_item mem_id="1bd0" data_id="82d2">1000001011010010</data_item>
      <data_item mem_id="1be0" data_id="e273">1110001001110011</data_item>
      <data_item mem_id="1bf0" data_id="f373">1111001101110011</data_item>
      <data_item mem_id="1c00" data_id="b1b0">1011000110110000</data_item>
      <data_item mem_id="1c10" data_id="1090">0001000010010000</data_item>
      <data_item mem_id="1c20" data_id="d1f3">1101000111110011</data_item>
      <data_item mem_id="1c30" data_id="f3f3">1111001111110011</data_item>
      <data_item mem_id="1c40" data_id="3373">0011001101110011</data_item>
      <data_item mem_id="1c50" data_id="33d3">0011001111010011</data_item>
      <data_item mem_id="1c60" data_id="b300">1011001100000000</data_item>
      <data_item mem_id="1c70" data_id="d3e2">1101001111100010</data_item>
      <data_item mem_id="1c80" data_id="03e3">0000001111100011</data_item>
      <data_item mem_id="1c90" data_id="61f2">0110000111110010</data_item>
      <data_item mem_id="1ca0" data_id="3010">0011000000010000</data_item>
      <data_item mem_id="1cb0" data_id="d2d1">1101001011010001</data_item>
      <data_item mem_id="1cc0" data_id="d3e3">1101001111100011</data_item>
      <data_item mem_id="1cd0" data_id="7331">0111001100110001</data_item>
      <data_item mem_id="1ce0" data_id="f1b1">1111000110110001</data_item>
      <data_item mem_id="1cf0" data_id="d592">1101010110010010</data_item>
      <data_item mem_id="1d00" data_id="82d2">1000001011010010</data_item>
      <data_item mem_id="1d10" data_id="c263">1100001001100011</data_item>
      <data_item mem_id="1d20" data_id="4313">0100001100010011</data_item>
      <data_item mem_id="1d30" data_id="b3b1">1011001110110001</data_item>
      <data_item mem_id="1d40" data_id="90b0">1001000010110000</data_item>
      <data_item mem_id="1d50" data_id="d0f2">1101000011110010</data_item>
      <data_item mem_id="1d60" data_id="f3d3">1111001111010011</data_item>
      <data_item mem_id="1d70" data_id="3373">0011001101110011</data_item>
      <data_item mem_id="1d80" data_id="3101">0011000100000001</data_item>
      <data_item mem_id="1d90" data_id="2102">0010000100000010</data_item>
      <data_item mem_id="1da0" data_id="1383">0001001110000011</data_item>
      <data_item mem_id="1db0" data_id="53e3">0101001111100011</data_item>
      <data_item mem_id="1dc0" data_id="63c3">0110001111000011</data_item>
      <data_item mem_id="1dd0" data_id="2111">0010000100010001</data_item>
      <data_item mem_id="1de0" data_id="1051">0001000001010001</data_item>
      <data_item mem_id="1df0" data_id="d2d1">1101001011010001</data_item>
      <data_item mem_id="1e00" data_id="d3c3">1101001111000011</data_item>
      <data_item mem_id="1e10" data_id="f3b1">1111001110110001</data_item>
      <data_item mem_id="1e20" data_id="31b3">0011000110110011</data_item>
      <data_item mem_id="1e30" data_id="5391">0101001110010001</data_item>
      <data_item mem_id="1e40" data_id="e2f3">1110001011110011</data_item>
      <data_item mem_id="1e50" data_id="e373">1110001101110011</data_item>
      <data_item mem_id="1e60" data_id="3331">0011001100110001</data_item>
      <data_item mem_id="1e70" data_id="10b0">0001000010110000</data_item>
      <data_item mem_id="1e80" data_id="90d3">1001000011010011</data_item>
      <data_item mem_id="1e90" data_id="d3d3">1101001111010011</data_item>
      <data_item mem_id="1ea0" data_id="f373">1111001101110011</data_item>
      <data_item mem_id="1eb0" data_id="b171">1011000101110001</data_item>
      <data_item mem_id="1ec0" data_id="b191">1011000110010001</data_item>
      <data_item mem_id="1ed0" data_id="9783">1001011110000011</data_item>
      <data_item mem_id="1ee0" data_id="d3e3">1101001111100011</data_item>
      <data_item mem_id="1ef0" data_id="23e3">0010001111100011</data_item>
      <data_item mem_id="1f00" data_id="6333">0110001100110011</data_item>
      <data_item mem_id="1f10" data_id="1100">0001000100000000</data_item>
      <data_item mem_id="1f20" data_id="81d1">1000000111010001</data_item>
      <data_item mem_id="1f30" data_id="93d3">1001001111010011</data_item>
      <data_item mem_id="1f40" data_id="93a1">1001001110100001</data_item>
      <data_item mem_id="1f50" data_id="b113">1011000100010011</data_item>
      <data_item mem_id="1f60" data_id="d393">1101001110010011</data_item>
      <data_item mem_id="1f70" data_id="80a1">1000000010100001</data_item>
      <data_item mem_id="1f80" data_id="a373">1010001101110011</data_item>
      <data_item mem_id="1f90" data_id="e323">1110001100100011</data_item>
      <data_item mem_id="1fa0" data_id="e030">1110000000110000</data_item>
      <data_item mem_id="1fb0" data_id="c0d6">1100000011010110</data_item>
      <data_item mem_id="1fc0" data_id="91d1">1001000111010001</data_item>
      <data_item mem_id="1fd0" data_id="c072">1100000001110010</data_item>
      <data_item mem_id="1fe0" data_id="b171">1011000101110001</data_item>
      <data_item mem_id="1ff0" data_id="a1c1">1010000111000001</data_item>
      <data_item mem_id="2000" data_id="9283">1001001010000011</data_item>
      <data_item mem_id="2010" data_id="d3c3">1101001111000011</data_item>
      <data_item mem_id="2020" data_id="61e1">0110000111100001</data_item>
      <data_item mem_id="2030" data_id="4331">0100001100110001</data_item>
      <data_item mem_id="2040" data_id="3100">0011000100000000</data_item>
      <data_item mem_id="2050" data_id="b090">1011000010010000</data_item>
      <data_item mem_id="2060" data_id="d2d3">1101001011010011</data_item>
      <data_item mem_id="2070" data_id="d171">1101000101110001</data_item>
      <data_item mem_id="2080" data_id="f3b1">1111001110110001</data_item>
      <data_item mem_id="2090" data_id="f1b3">1111000110110011</data_item>
      <data_item mem_id="20a0" data_id="8190">1000000110010000</data_item>
      <data_item mem_id="20b0" data_id="8253">1000001001010011</data_item>
      <data_item mem_id="20c0" data_id="e361">1110001101100001</data_item>
      <data_item mem_id="20d0" data_id="e121">1110000100100001</data_item>
      <data_item mem_id="20e0" data_id="1012">0001000000010010</data_item>
      <data_item mem_id="20f0" data_id="51f1">0101000111110001</data_item>
      <data_item mem_id="2100" data_id="d3d3">1101001111010011</data_item>
      <data_item mem_id="2110" data_id="f1f1">1111000111110001</data_item>
      <data_item mem_id="2120" data_id="b191">1011000110010001</data_item>
      <data_item mem_id="2130" data_id="9393">1001001110010011</data_item>
      <data_item mem_id="2140" data_id="d2c2">1101001011000010</data_item>
      <data_item mem_id="2150" data_id="73c3">0111001111000011</data_item>
      <data_item mem_id="2160" data_id="73b3">0111001110110011</data_item>
      <data_item mem_id="2170" data_id="3110">0011000100010000</data_item>
      <data_item mem_id="2180" data_id="b090">1011000010010000</data_item>
      <data_item mem_id="2190" data_id="d0d3">1101000011010011</data_item>
      <data_item mem_id="21a0" data_id="d373">1101001101110011</data_item>
      <data_item mem_id="21b0" data_id="7331">0111001100110001</data_item>
      <data_item mem_id="21c0" data_id="71b1">0111000110110001</data_item>
      <data_item mem_id="21d0" data_id="9180">1001000110000000</data_item>
      <data_item mem_id="21e0" data_id="82c2">1000001011000010</data_item>
      <data_item mem_id="21f0" data_id="e263">1110001001100011</data_item>
      <data_item mem_id="2200" data_id="e363">1110001101100011</data_item>
      <data_item mem_id="2210" data_id="1311">0001001100010001</data_item>
      <data_item mem_id="2220" data_id="1193">0001000110010011</data_item>
      <data_item mem_id="2230" data_id="53d1">0101001111010001</data_item>
      <data_item mem_id="2240" data_id="d1d3">1101000111010011</data_item>
      <data_item mem_id="2250" data_id="3171">0011000101110001</data_item>
      <data_item mem_id="2260" data_id="93d3">1001001111010011</data_item>
      <data_item mem_id="2270" data_id="9182">1001000110000010</data_item>
      <data_item mem_id="2280" data_id="b3e3">1011001111100011</data_item>
      <data_item mem_id="2290" data_id="73e3">0111001111100011</data_item>
      <data_item mem_id="22a0" data_id="51b2">0101000110110010</data_item>
      <data_item mem_id="22b0" data_id="3090">0011000010010000</data_item>
      <data_item mem_id="22c0" data_id="d0d3">1101000011010011</data_item>
      <data_item mem_id="22d0" data_id="d3f2">1101001111110010</data_item>
      <data_item mem_id="22e0" data_id="7281">0111001010000001</data_item>
      <data_item mem_id="22f0" data_id="f1b1">1111000110110001</data_item>
      <data_item mem_id="2300" data_id="9192">1001000110010010</data_item>
      <data_item mem_id="2310" data_id="02d2">0000001011010010</data_item>
      <data_item mem_id="2320" data_id="2263">0010001001100011</data_item>
      <data_item mem_id="2330" data_id="e363">1110001101100011</data_item>
      <data_item mem_id="2340" data_id="3330">0011001100110000</data_item>
      <data_item mem_id="2350" data_id="10b0">0001000010110000</data_item>
      <data_item mem_id="2360" data_id="d0d3">1101000011010011</data_item>
      <data_item mem_id="2370" data_id="d1d3">1101000111010011</data_item>
      <data_item mem_id="2380" data_id="3373">0011001101110011</data_item>
      <data_item mem_id="2390" data_id="3171">0011000101110001</data_item>
      <data_item mem_id="23a0" data_id="9383">1001001110000011</data_item>
      <data_item mem_id="23b0" data_id="9283">1001001010000011</data_item>
      <data_item mem_id="23c0" data_id="73e3">0111001111100011</data_item>
      <data_item mem_id="23d0" data_id="63a6">0110001110100110</data_item>
      <data_item mem_id="23e0" data_id="6210">0110001000010000</data_item>
      <data_item mem_id="23f0" data_id="52d3">0101001011010011</data_item>
      <data_item mem_id="2400" data_id="d3d3">1101001111010011</data_item>
      <data_item mem_id="2410" data_id="d3f1">1101001111110001</data_item>
      <data_item mem_id="2420" data_id="71b1">0111000110110001</data_item>
      <data_item mem_id="2430" data_id="b193">1011000110010011</data_item>
      <data_item mem_id="2440" data_id="83d3">1000001111010011</data_item>
      <data_item mem_id="2450" data_id="e373">1110001101110011</data_item>
      <data_item mem_id="2460" data_id="c363">1100001101100011</data_item>
      <data_item mem_id="2470" data_id="3331">0011001100110001</data_item>
      <data_item mem_id="2480" data_id="10b0">0001000010110000</data_item>
      <data_item mem_id="2490" data_id="90d2">1001000011010010</data_item>
      <data_item mem_id="24a0" data_id="c3d3">1100001111010011</data_item>
      <data_item mem_id="24b0" data_id="7373">0111001101110011</data_item>
      <data_item mem_id="24c0" data_id="1171">0001000101110001</data_item>
      <data_item mem_id="24d0" data_id="b191">1011000110010001</data_item>
      <data_item mem_id="24e0" data_id="9283">1001001010000011</data_item>
      <data_item mem_id="24f0" data_id="52e2">0101001011100010</data_item>
      <data_item mem_id="2500" data_id="63e3">0110001111100011</data_item>
      <data_item mem_id="2510" data_id="4111">0100000100010001</data_item>
      <data_item mem_id="2520" data_id="1111">0001000100010001</data_item>
      <data_item mem_id="2530" data_id="97d3">1001011111010011</data_item>
      <data_item mem_id="2540" data_id="d393">1101001110010011</data_item>
      <data_item mem_id="2550" data_id="d111">1101000100010001</data_item>
      <data_item mem_id="2560" data_id="70b3">0111000010110011</data_item>
      <data_item mem_id="2570" data_id="93b2">1001001110110010</data_item>
      <data_item mem_id="2580" data_id="a2d2">1010001011010010</data_item>
      <data_item mem_id="2590" data_id="e273">1110001001110011</data_item>
      <data_item mem_id="25a0" data_id="e333">1110001100110011</data_item>
      <data_item mem_id="25b0" data_id="90b0">1001000010110000</data_item>
      <data_item mem_id="25c0" data_id="90d0">1001000011010000</data_item>
      <data_item mem_id="25d0" data_id="d1d3">1101000111010011</data_item>
      <data_item mem_id="25e0" data_id="7373">0111001101110011</data_item>
      <data_item mem_id="25f0" data_id="3071">0011000001110001</data_item>
      <data_item mem_id="2600" data_id="b191">1011000110010001</data_item>
      <data_item mem_id="2610" data_id="9282">1001001010000010</data_item>
      <data_item mem_id="2620" data_id="d6e6">1101011011100110</data_item>
      <data_item mem_id="2630" data_id="73e0">0111001111100000</data_item>
      <data_item mem_id="2640" data_id="6333">0110001100110011</data_item>
      <data_item mem_id="2650" data_id="3110">0011000100010000</data_item>
      <data_item mem_id="2660" data_id="90d1">1001000011010001</data_item>
      <data_item mem_id="2670" data_id="d3d3">1101001111010011</data_item>
      <data_item mem_id="2680" data_id="9333">1001001100110011</data_item>
      <data_item mem_id="2690" data_id="3333">0011001100110011</data_item>
      <data_item mem_id="26a0" data_id="73b3">0111001110110011</data_item>
      <data_item mem_id="26b0" data_id="8393">1000001110010011</data_item>
      <data_item mem_id="26c0" data_id="a373">1010001101110011</data_item>
      <data_item mem_id="26d0" data_id="a323">1010001100100011</data_item>
      <data_item mem_id="26e0" data_id="6050">0110000001010000</data_item>
      <data_item mem_id="26f0" data_id="4040">0100000001000000</data_item>
      <data_item mem_id="2700" data_id="d3d3">1101001111010011</data_item>
      <data_item mem_id="2710" data_id="93b3">1001001110110011</data_item>
      <data_item mem_id="2720" data_id="3171">0011000101110001</data_item>
      <data_item mem_id="2730" data_id="b0d1">1011000011010001</data_item>
      <data_item mem_id="2740" data_id="9383">1001001110000011</data_item>
      <data_item mem_id="2750" data_id="d3c3">1101001111000011</data_item>
      <data_item mem_id="2760" data_id="63e3">0110001111100011</data_item>
      <data_item mem_id="2770" data_id="6333">0110001100110011</data_item>
      <data_item mem_id="2780" data_id="3110">0011000100010000</data_item>
      <data_item mem_id="2790" data_id="b000">1011000000000000</data_item>
      <data_item mem_id="27a0" data_id="d2d3">1101001011010011</data_item>
      <data_item mem_id="27b0" data_id="f373">1111001101110011</data_item>
      <data_item mem_id="27c0" data_id="3231">0011001000110001</data_item>
      <data_item mem_id="27d0" data_id="31b0">0011000110110000</data_item>
      <data_item mem_id="27e0" data_id="8092">1000000010010010</data_item>
      <data_item mem_id="27f0" data_id="82d2">1000001011010010</data_item>
   </data>
 </resultfile>
