<?xml version="1.0" encoding="ISO-8859-1"?>
 <resultfile>
   <header>
      <link id="47-22">
        <source_moteid>47</source_moteid>
        <dest_moteid>22</dest_moteid>
      </link>
      <filedate>Thu Jul 21 17:14:14 2011</filedate>
      <channels>
        <num_channels>8</num_channels>
        <channel_ids>11.12.13.14.15.16.17.18</channel_ids>
      </channels>
   </header>
   <data>
      <data_item mem_id="0000" data_id="afaf">1010111110101111</data_item>
      <data_item mem_id="0010" data_id="8f8f">1000111110001111</data_item>
      <data_item mem_id="0020" data_id="cfef">1100111111101111</data_item>
      <data_item mem_id="0030" data_id="cfcf">1100111111001111</data_item>
      <data_item mem_id="0040" data_id="efaf">1110111110101111</data_item>
      <data_item mem_id="0050" data_id="8f8f">1000111110001111</data_item>
      <data_item mem_id="0060" data_id="8fed">1000111111101101</data_item>
      <data_item mem_id="0070" data_id="cdcd">1100110111001101</data_item>
      <data_item mem_id="0080" data_id="cf0f">1100111100001111</data_item>
      <data_item mem_id="0090" data_id="8beb">1000101111101011</data_item>
      <data_item mem_id="00a0" data_id="abab">1010101110101011</data_item>
      <data_item mem_id="00b0" data_id="8f8e">1000111110001110</data_item>
      <data_item mem_id="00c0" data_id="8ece">1000111011001110</data_item>
      <data_item mem_id="00d0" data_id="aece">1010111011001110</data_item>
      <data_item mem_id="00e0" data_id="efcf">1110111111001111</data_item>
      <data_item mem_id="00f0" data_id="af8d">1010111110001101</data_item>
      <data_item mem_id="0100" data_id="ad8d">1010110110001101</data_item>
      <data_item mem_id="0110" data_id="cded">1100110111101101</data_item>
      <data_item mem_id="0120" data_id="8fc7">1000111111000111</data_item>
      <data_item mem_id="0130" data_id="cfab">1100111110101011</data_item>
      <data_item mem_id="0140" data_id="eb8b">1110101110001011</data_item>
      <data_item mem_id="0150" data_id="ebed">1110101111101101</data_item>
      <data_item mem_id="0160" data_id="eece">1110111011001110</data_item>
      <data_item mem_id="0170" data_id="eeef">1110111011101111</data_item>
      <data_item mem_id="0180" data_id="eb8d">1110101110001101</data_item>
      <data_item mem_id="0190" data_id="8fef">1000111111101111</data_item>
      <data_item mem_id="01a0" data_id="afcf">1010111111001111</data_item>
      <data_item mem_id="01b0" data_id="0fcf">0000111111001111</data_item>
      <data_item mem_id="01c0" data_id="8fef">1000111111101111</data_item>
      <data_item mem_id="01d0" data_id="afaf">1010111110101111</data_item>
      <data_item mem_id="01e0" data_id="8f0f">1000111100001111</data_item>
      <data_item mem_id="01f0" data_id="8e8e">1000111010001110</data_item>
      <data_item mem_id="0200" data_id="aeee">1010111011101110</data_item>
      <data_item mem_id="0210" data_id="efaf">1110111110101111</data_item>
      <data_item mem_id="0220" data_id="8faf">1000111110101111</data_item>
      <data_item mem_id="0230" data_id="bd8d">1011110110001101</data_item>
      <data_item mem_id="0240" data_id="cdcd">1100110111001101</data_item>
      <data_item mem_id="0250" data_id="8f8f">1000111110001111</data_item>
      <data_item mem_id="0260" data_id="cf8b">1100111110001011</data_item>
      <data_item mem_id="0270" data_id="abab">1010101110101011</data_item>
      <data_item mem_id="0280" data_id="eb8f">1110101110001111</data_item>
      <data_item mem_id="0290" data_id="8e8e">1000111010001110</data_item>
      <data_item mem_id="02a0" data_id="eeae">1110111010101110</data_item>
      <data_item mem_id="02b0" data_id="eeef">1110111011101111</data_item>
      <data_item mem_id="02c0" data_id="efaf">1110111110101111</data_item>
      <data_item mem_id="02d0" data_id="e5cd">1110010111001101</data_item>
      <data_item mem_id="02e0" data_id="cdef">1100110111101111</data_item>
      <data_item mem_id="02f0" data_id="cfef">1100111111101111</data_item>
      <data_item mem_id="0300" data_id="cfef">1100111111101111</data_item>
      <data_item mem_id="0310" data_id="8f8f">1000111110001111</data_item>
      <data_item mem_id="0320" data_id="8f8f">1000111110001111</data_item>
      <data_item mem_id="0330" data_id="aeee">1010111011101110</data_item>
      <data_item mem_id="0340" data_id="cfef">1100111111101111</data_item>
      <data_item mem_id="0350" data_id="af85">1010111110000101</data_item>
      <data_item mem_id="0360" data_id="8d8d">1000110110001101</data_item>
      <data_item mem_id="0370" data_id="edcd">1110110111001101</data_item>
      <data_item mem_id="0380" data_id="cfc7">1100111111000111</data_item>
      <data_item mem_id="0390" data_id="cfcb">1100111111001011</data_item>
      <data_item mem_id="03a0" data_id="cbea">1100101111101010</data_item>
      <data_item mem_id="03b0" data_id="cf8e">1100111110001110</data_item>
      <data_item mem_id="03c0" data_id="cac6">1100101011000110</data_item>
      <data_item mem_id="03d0" data_id="ceee">1100111011101110</data_item>
      <data_item mem_id="03e0" data_id="efcf">1110111111001111</data_item>
      <data_item mem_id="03f0" data_id="cfaf">1100111110101111</data_item>
      <data_item mem_id="0400" data_id="8d8d">1000110110001101</data_item>
      <data_item mem_id="0410" data_id="cdad">1100110110101101</data_item>
      <data_item mem_id="0420" data_id="efcf">1110111111001111</data_item>
      <data_item mem_id="0430" data_id="df6f">1101111101101111</data_item>
      <data_item mem_id="0440" data_id="8bcb">1000101111001011</data_item>
      <data_item mem_id="0450" data_id="2aaf">0010101010101111</data_item>
      <data_item mem_id="0460" data_id="efee">1110111111101110</data_item>
      <data_item mem_id="0470" data_id="6e8e">0110111010001110</data_item>
      <data_item mem_id="0480" data_id="cfaa">1100111110101010</data_item>
      <data_item mem_id="0490" data_id="af8f">1010111110001111</data_item>
      <data_item mem_id="04a0" data_id="ef8f">1110111110001111</data_item>
      <data_item mem_id="04b0" data_id="cfcf">1100111111001111</data_item>
      <data_item mem_id="04c0" data_id="cfcf">1100111111001111</data_item>
      <data_item mem_id="04d0" data_id="cbab">1100101110101011</data_item>
      <data_item mem_id="04e0" data_id="eb8f">1110101110001111</data_item>
      <data_item mem_id="04f0" data_id="cece">1100111011001110</data_item>
      <data_item mem_id="0500" data_id="ceee">1100111011101110</data_item>
      <data_item mem_id="0510" data_id="efaf">1110111110101111</data_item>
      <data_item mem_id="0520" data_id="efaf">1110111110101111</data_item>
      <data_item mem_id="0530" data_id="adad">1010110110101101</data_item>
      <data_item mem_id="0540" data_id="8ded">1000110111101101</data_item>
      <data_item mem_id="0550" data_id="efcf">1110111111001111</data_item>
      <data_item mem_id="0560" data_id="cfcf">1100111111001111</data_item>
      <data_item mem_id="0570" data_id="8faf">1000111110101111</data_item>
      <data_item mem_id="0580" data_id="efaf">1110111110101111</data_item>
      <data_item mem_id="0590" data_id="cf87">1100111110000111</data_item>
      <data_item mem_id="05a0" data_id="cfef">1100111111101111</data_item>
      <data_item mem_id="05b0" data_id="efaf">1110111110101111</data_item>
      <data_item mem_id="05c0" data_id="efef">1110111111101111</data_item>
      <data_item mem_id="05d0" data_id="afad">1010111110101101</data_item>
      <data_item mem_id="05e0" data_id="cdcf">1100110111001111</data_item>
      <data_item mem_id="05f0" data_id="8f8f">1000111110001111</data_item>
      <data_item mem_id="0600" data_id="cf8f">1100111110001111</data_item>
      <data_item mem_id="0610" data_id="af8f">1010111110001111</data_item>
      <data_item mem_id="0620" data_id="c78f">1100011110001111</data_item>
      <data_item mem_id="0630" data_id="8ece">1000111011001110</data_item>
      <data_item mem_id="0640" data_id="afaf">1010111110101111</data_item>
      <data_item mem_id="0650" data_id="e7af">1110011110101111</data_item>
      <data_item mem_id="0660" data_id="a5ad">1010010110101101</data_item>
      <data_item mem_id="0670" data_id="8ded">1000110111101101</data_item>
      <data_item mem_id="0680" data_id="8fcf">1000111111001111</data_item>
      <data_item mem_id="0690" data_id="cfef">1100111111101111</data_item>
      <data_item mem_id="06a0" data_id="0b6b">0000101101101011</data_item>
      <data_item mem_id="06b0" data_id="abeb">1010101111101011</data_item>
      <data_item mem_id="06c0" data_id="cf8e">1100111110001110</data_item>
      <data_item mem_id="06d0" data_id="cece">1100111011001110</data_item>
      <data_item mem_id="06e0" data_id="eeef">1110111011101111</data_item>
      <data_item mem_id="06f0" data_id="efcf">1110111111001111</data_item>
      <data_item mem_id="0700" data_id="af8d">1010111110001101</data_item>
      <data_item mem_id="0710" data_id="adcd">1010110111001101</data_item>
      <data_item mem_id="0720" data_id="edef">1110110111101111</data_item>
      <data_item mem_id="0730" data_id="cfcf">1100111111001111</data_item>
      <data_item mem_id="0740" data_id="efeb">1110111111101011</data_item>
      <data_item mem_id="0750" data_id="cb8f">1100101110001111</data_item>
      <data_item mem_id="0760" data_id="cfcf">1100111111001111</data_item>
      <data_item mem_id="0770" data_id="cfcf">1100111111001111</data_item>
      <data_item mem_id="0780" data_id="ef8f">1110111110001111</data_item>
      <data_item mem_id="0790" data_id="8faf">1000111110101111</data_item>
      <data_item mem_id="07a0" data_id="8fcf">1000111111001111</data_item>
      <data_item mem_id="07b0" data_id="cfcf">1100111111001111</data_item>
      <data_item mem_id="07c0" data_id="cfcf">1100111111001111</data_item>
      <data_item mem_id="07d0" data_id="cfff">1100111111111111</data_item>
      <data_item mem_id="07e0" data_id="8fcf">1000111111001111</data_item>
      <data_item mem_id="07f0" data_id="8f8f">1000111110001111</data_item>
      <data_item mem_id="0800" data_id="cfcf">1100111111001111</data_item>
      <data_item mem_id="0810" data_id="6fef">0110111111101111</data_item>
      <data_item mem_id="0820" data_id="cfef">1100111111101111</data_item>
      <data_item mem_id="0830" data_id="af8f">1010111110001111</data_item>
      <data_item mem_id="0840" data_id="af0f">1010111100001111</data_item>
      <data_item mem_id="0850" data_id="6faf">0110111110101111</data_item>
      <data_item mem_id="0860" data_id="cfcf">1100111111001111</data_item>
      <data_item mem_id="0870" data_id="4fa7">0100111110100111</data_item>
      <data_item mem_id="0880" data_id="2f2f">0010111100101111</data_item>
      <data_item mem_id="0890" data_id="ef4f">1110111101001111</data_item>
      <data_item mem_id="08a0" data_id="efef">1110111111101111</data_item>
      <data_item mem_id="08b0" data_id="4fef">0100111111101111</data_item>
      <data_item mem_id="08c0" data_id="efaf">1110111110101111</data_item>
      <data_item mem_id="08d0" data_id="af6f">1010111101101111</data_item>
      <data_item mem_id="08e0" data_id="cf4f">1100111101001111</data_item>
      <data_item mem_id="08f0" data_id="cfcf">1100111111001111</data_item>
      <data_item mem_id="0900" data_id="8fef">1000111111101111</data_item>
      <data_item mem_id="0910" data_id="2fef">0010111111101111</data_item>
      <data_item mem_id="0920" data_id="8f8f">1000111110001111</data_item>
      <data_item mem_id="0930" data_id="8f8f">1000111110001111</data_item>
      <data_item mem_id="0940" data_id="8fcf">1000111111001111</data_item>
      <data_item mem_id="0950" data_id="cfcf">1100111111001111</data_item>
      <data_item mem_id="0960" data_id="afaf">1010111110101111</data_item>
      <data_item mem_id="0970" data_id="2f0f">0010111100001111</data_item>
      <data_item mem_id="0980" data_id="a787">1010011110000111</data_item>
      <data_item mem_id="0990" data_id="8f8f">1000111110001111</data_item>
      <data_item mem_id="09a0" data_id="8f8b">1000111110001011</data_item>
      <data_item mem_id="09b0" data_id="8bab">1000101110101011</data_item>
      <data_item mem_id="09c0" data_id="cb8f">1100101110001111</data_item>
      <data_item mem_id="09d0" data_id="8e8e">1000111010001110</data_item>
      <data_item mem_id="09e0" data_id="8e8e">1000111010001110</data_item>
      <data_item mem_id="09f0" data_id="ceef">1100111011101111</data_item>
      <data_item mem_id="0a00" data_id="8f8f">1000111110001111</data_item>
      <data_item mem_id="0a10" data_id="cdad">1100110110101101</data_item>
      <data_item mem_id="0a20" data_id="8d4f">1000110101001111</data_item>
      <data_item mem_id="0a30" data_id="cf8f">1100111110001111</data_item>
      <data_item mem_id="0a40" data_id="8fef">1000111111101111</data_item>
      <data_item mem_id="0a50" data_id="8f8f">1000111110001111</data_item>
      <data_item mem_id="0a60" data_id="8f4f">1000111101001111</data_item>
      <data_item mem_id="0a70" data_id="cf8e">1100111110001110</data_item>
      <data_item mem_id="0a80" data_id="cfcf">1100111111001111</data_item>
      <data_item mem_id="0a90" data_id="8f8f">1000111110001111</data_item>
      <data_item mem_id="0aa0" data_id="8d8d">1000110110001101</data_item>
      <data_item mem_id="0ab0" data_id="8d8f">1000110110001111</data_item>
      <data_item mem_id="0ac0" data_id="8f8f">1000111110001111</data_item>
      <data_item mem_id="0ad0" data_id="cfcb">1100111111001011</data_item>
      <data_item mem_id="0ae0" data_id="cb8b">1100101110001011</data_item>
      <data_item mem_id="0af0" data_id="cb8f">1100101110001111</data_item>
      <data_item mem_id="0b00" data_id="8e8e">1000111010001110</data_item>
      <data_item mem_id="0b10" data_id="8e8e">1000111010001110</data_item>
      <data_item mem_id="0b20" data_id="cecf">1100111011001111</data_item>
      <data_item mem_id="0b30" data_id="cfaf">1100111110101111</data_item>
      <data_item mem_id="0b40" data_id="8d8d">1000110110001101</data_item>
      <data_item mem_id="0b50" data_id="8dcd">1000110111001101</data_item>
      <data_item mem_id="0b60" data_id="cdcf">1100110111001111</data_item>
      <data_item mem_id="0b70" data_id="cfcf">1100111111001111</data_item>
      <data_item mem_id="0b80" data_id="8fcb">1000111111001011</data_item>
      <data_item mem_id="0b90" data_id="8bcf">1000101111001111</data_item>
      <data_item mem_id="0ba0" data_id="cfce">1100111111001110</data_item>
      <data_item mem_id="0bb0" data_id="cecf">1100111011001111</data_item>
      <data_item mem_id="0bc0" data_id="cf8f">1100111110001111</data_item>
      <data_item mem_id="0bd0" data_id="8f8f">1000111110001111</data_item>
      <data_item mem_id="0be0" data_id="8f8f">1000111110001111</data_item>
      <data_item mem_id="0bf0" data_id="cf8f">1100111110001111</data_item>
      <data_item mem_id="0c00" data_id="cfcf">1100111111001111</data_item>
      <data_item mem_id="0c10" data_id="cbaf">1100101110101111</data_item>
      <data_item mem_id="0c20" data_id="eb8f">1110101110001111</data_item>
      <data_item mem_id="0c30" data_id="8e8e">1000111010001110</data_item>
      <data_item mem_id="0c40" data_id="8e8e">1000111010001110</data_item>
      <data_item mem_id="0c50" data_id="cecf">1100111011001111</data_item>
      <data_item mem_id="0c60" data_id="cfaf">1100111110101111</data_item>
      <data_item mem_id="0c70" data_id="8dad">1000110110101101</data_item>
      <data_item mem_id="0c80" data_id="89cd">1000100111001101</data_item>
      <data_item mem_id="0c90" data_id="cdcf">1100110111001111</data_item>
      <data_item mem_id="0ca0" data_id="cfcf">1100111111001111</data_item>
      <data_item mem_id="0cb0" data_id="8beb">1000101111101011</data_item>
      <data_item mem_id="0cc0" data_id="afef">1010111111101111</data_item>
      <data_item mem_id="0cd0" data_id="cfce">1100111111001110</data_item>
      <data_item mem_id="0ce0" data_id="eeee">1110111011101110</data_item>
      <data_item mem_id="0cf0" data_id="eecf">1110111011001111</data_item>
      <data_item mem_id="0d00" data_id="efe7">1110111111100111</data_item>
      <data_item mem_id="0d10" data_id="ef8d">1110111110001101</data_item>
      <data_item mem_id="0d20" data_id="cdcf">1100110111001111</data_item>
      <data_item mem_id="0d30" data_id="cfcf">1100111111001111</data_item>
      <data_item mem_id="0d40" data_id="cfaf">1100111110101111</data_item>
      <data_item mem_id="0d50" data_id="cf8f">1100111110001111</data_item>
      <data_item mem_id="0d60" data_id="8f8f">1000111110001111</data_item>
      <data_item mem_id="0d70" data_id="cfee">1100111111101110</data_item>
      <data_item mem_id="0d80" data_id="8f8f">1000111110001111</data_item>
      <data_item mem_id="0d90" data_id="efaf">1110111110101111</data_item>
      <data_item mem_id="0da0" data_id="ad8d">1010110110001101</data_item>
      <data_item mem_id="0db0" data_id="ad8d">1010110110001101</data_item>
      <data_item mem_id="0dc0" data_id="8fef">1000111111101111</data_item>
      <data_item mem_id="0dd0" data_id="8f8f">1000111110001111</data_item>
      <data_item mem_id="0de0" data_id="8beb">1000101111101011</data_item>
      <data_item mem_id="0df0" data_id="abab">1010101110101011</data_item>
      <data_item mem_id="0e00" data_id="8fce">1000111111001110</data_item>
      <data_item mem_id="0e10" data_id="8e8e">1000111010001110</data_item>
      <data_item mem_id="0e20" data_id="ceef">1100111011101111</data_item>
      <data_item mem_id="0e30" data_id="afef">1010111111101111</data_item>
      <data_item mem_id="0e40" data_id="af8d">1010111110001101</data_item>
      <data_item mem_id="0e50" data_id="adcd">1010110111001101</data_item>
      <data_item mem_id="0e60" data_id="cdcf">1100110111001111</data_item>
      <data_item mem_id="0e70" data_id="8fcf">1000111111001111</data_item>
      <data_item mem_id="0e80" data_id="efcf">1110111111001111</data_item>
      <data_item mem_id="0e90" data_id="efaf">1110111110101111</data_item>
      <data_item mem_id="0ea0" data_id="cfcf">1100111111001111</data_item>
      <data_item mem_id="0eb0" data_id="efef">1110111111101111</data_item>
      <data_item mem_id="0ec0" data_id="ef8f">1110111110001111</data_item>
      <data_item mem_id="0ed0" data_id="afaf">1010111110101111</data_item>
      <data_item mem_id="0ee0" data_id="8dcd">1000110111001101</data_item>
      <data_item mem_id="0ef0" data_id="cfcf">1100111111001111</data_item>
      <data_item mem_id="0f00" data_id="cfcf">1100111111001111</data_item>
      <data_item mem_id="0f10" data_id="cfef">1100111111101111</data_item>
      <data_item mem_id="0f20" data_id="8fcf">1000111111001111</data_item>
      <data_item mem_id="0f30" data_id="8f8f">1000111110001111</data_item>
      <data_item mem_id="0f40" data_id="8e8e">1000111010001110</data_item>
      <data_item mem_id="0f50" data_id="8ece">1000111011001110</data_item>
      <data_item mem_id="0f60" data_id="cfcd">1100111111001101</data_item>
      <data_item mem_id="0f70" data_id="8f8d">1000111110001101</data_item>
      <data_item mem_id="0f80" data_id="ad8d">1010110110001101</data_item>
      <data_item mem_id="0f90" data_id="cdcd">1100110111001101</data_item>
      <data_item mem_id="0fa0" data_id="8fcf">1000111111001111</data_item>
      <data_item mem_id="0fb0" data_id="cfaf">1100111110101111</data_item>
      <data_item mem_id="0fc0" data_id="e7ab">1110011110101011</data_item>
      <data_item mem_id="0fd0" data_id="cbcf">1100101111001111</data_item>
      <data_item mem_id="0fe0" data_id="cece">1100111011001110</data_item>
      <data_item mem_id="0ff0" data_id="cecf">1100111011001111</data_item>
      <data_item mem_id="1000" data_id="efef">1110111111101111</data_item>
      <data_item mem_id="1010" data_id="efcf">1110111111001111</data_item>
      <data_item mem_id="1020" data_id="cdcd">1100110111001101</data_item>
      <data_item mem_id="1030" data_id="cdcf">1100110111001111</data_item>
      <data_item mem_id="1040" data_id="cfcf">1100111111001111</data_item>
      <data_item mem_id="1050" data_id="cfaf">1100111110101111</data_item>
      <data_item mem_id="1060" data_id="8fcf">1000111111001111</data_item>
      <data_item mem_id="1070" data_id="cacf">1100101011001111</data_item>
      <data_item mem_id="1080" data_id="cded">1100110111101101</data_item>
      <data_item mem_id="1090" data_id="cfcf">1100111111001111</data_item>
      <data_item mem_id="10a0" data_id="afad">1010111110101101</data_item>
      <data_item mem_id="10b0" data_id="ad8d">1010110110001101</data_item>
      <data_item mem_id="10c0" data_id="cdc7">1100110111000111</data_item>
      <data_item mem_id="10d0" data_id="cfcf">1100111111001111</data_item>
      <data_item mem_id="10e0" data_id="cf8b">1100111110001011</data_item>
      <data_item mem_id="10f0" data_id="e38b">1110001110001011</data_item>
      <data_item mem_id="1100" data_id="ebcf">1110101111001111</data_item>
      <data_item mem_id="1110" data_id="8f87">1000111110000111</data_item>
      <data_item mem_id="1120" data_id="87ef">1000011111101111</data_item>
      <data_item mem_id="1130" data_id="afef">1010111111101111</data_item>
      <data_item mem_id="1140" data_id="af8f">1010111110001111</data_item>
      <data_item mem_id="1150" data_id="cfaf">1100111110101111</data_item>
      <data_item mem_id="1160" data_id="8fcf">1000111111001111</data_item>
      <data_item mem_id="1170" data_id="c78f">1100011110001111</data_item>
      <data_item mem_id="1180" data_id="8fef">1000111111101111</data_item>
      <data_item mem_id="1190" data_id="af87">1010111110000111</data_item>
      <data_item mem_id="11a0" data_id="87cf">1000011111001111</data_item>
      <data_item mem_id="11b0" data_id="afaf">1010111110101111</data_item>
      <data_item mem_id="11c0" data_id="efaf">1110111110101111</data_item>
      <data_item mem_id="11d0" data_id="a7af">1010011110101111</data_item>
      <data_item mem_id="11e0" data_id="af8f">1010111110001111</data_item>
      <data_item mem_id="11f0" data_id="afcf">1010111111001111</data_item>
      <data_item mem_id="1200" data_id="cf8f">1100111110001111</data_item>
      <data_item mem_id="1210" data_id="cfcf">1100111111001111</data_item>
      <data_item mem_id="1220" data_id="efaf">1110111110101111</data_item>
      <data_item mem_id="1230" data_id="af8f">1010111110001111</data_item>
      <data_item mem_id="1240" data_id="8fce">1000111111001110</data_item>
      <data_item mem_id="1250" data_id="8fef">1000111111101111</data_item>
      <data_item mem_id="1260" data_id="cfef">1100111111101111</data_item>
      <data_item mem_id="1270" data_id="efaf">1110111110101111</data_item>
      <data_item mem_id="1280" data_id="8f8d">1000111110001101</data_item>
      <data_item mem_id="1290" data_id="8dcd">1000110111001101</data_item>
      <data_item mem_id="12a0" data_id="cfcf">1100111111001111</data_item>
      <data_item mem_id="12b0" data_id="cfef">1100111111101111</data_item>
      <data_item mem_id="12c0" data_id="8fef">1000111111101111</data_item>
      <data_item mem_id="12d0" data_id="afcf">1010111111001111</data_item>
      <data_item mem_id="12e0" data_id="cfef">1100111111101111</data_item>
      <data_item mem_id="12f0" data_id="eecf">1110111011001111</data_item>
      <data_item mem_id="1300" data_id="c7ef">1100011111101111</data_item>
      <data_item mem_id="1310" data_id="8f8f">1000111110001111</data_item>
      <data_item mem_id="1320" data_id="cfcd">1100111111001101</data_item>
      <data_item mem_id="1330" data_id="cfcf">1100111111001111</data_item>
      <data_item mem_id="1340" data_id="cfcf">1100111111001111</data_item>
      <data_item mem_id="1350" data_id="8f8f">1000111110001111</data_item>
      <data_item mem_id="1360" data_id="ef8f">1110111110001111</data_item>
      <data_item mem_id="1370" data_id="cfce">1100111111001110</data_item>
      <data_item mem_id="1380" data_id="cece">1100111011001110</data_item>
      <data_item mem_id="1390" data_id="cf4f">1100111101001111</data_item>
      <data_item mem_id="13a0" data_id="cf8f">1100111110001111</data_item>
      <data_item mem_id="13b0" data_id="8fad">1000111110101101</data_item>
      <data_item mem_id="13c0" data_id="89ed">1000100111101101</data_item>
      <data_item mem_id="13d0" data_id="cdcf">1100110111001111</data_item>
      <data_item mem_id="13e0" data_id="cf8f">1100111110001111</data_item>
      <data_item mem_id="13f0" data_id="0feb">0000111111101011</data_item>
      <data_item mem_id="1400" data_id="abeb">1010101111101011</data_item>
      <data_item mem_id="1410" data_id="cf8e">1100111110001110</data_item>
      <data_item mem_id="1420" data_id="cfee">1100111111101110</data_item>
      <data_item mem_id="1430" data_id="eeef">1110111011101111</data_item>
      <data_item mem_id="1440" data_id="efef">1110111111101111</data_item>
      <data_item mem_id="1450" data_id="efcf">1110111111001111</data_item>
      <data_item mem_id="1460" data_id="cfcf">1100111111001111</data_item>
      <data_item mem_id="1470" data_id="cfcf">1100111111001111</data_item>
      <data_item mem_id="1480" data_id="cfaf">1100111110101111</data_item>
      <data_item mem_id="1490" data_id="ef8f">1110111110001111</data_item>
      <data_item mem_id="14a0" data_id="cdcf">1100110111001111</data_item>
      <data_item mem_id="14b0" data_id="cfcf">1100111111001111</data_item>
      <data_item mem_id="14c0" data_id="8fcf">1000111111001111</data_item>
      <data_item mem_id="14d0" data_id="cfaf">1100111110101111</data_item>
      <data_item mem_id="14e0" data_id="afaf">1010111110101111</data_item>
      <data_item mem_id="14f0" data_id="8f8f">1000111110001111</data_item>
      <data_item mem_id="1500" data_id="cfcf">1100111111001111</data_item>
      <data_item mem_id="1510" data_id="8f8f">1000111110001111</data_item>
      <data_item mem_id="1520" data_id="8fef">1000111111101111</data_item>
      <data_item mem_id="1530" data_id="afaf">1010111110101111</data_item>
      <data_item mem_id="1540" data_id="8f8f">1000111110001111</data_item>
      <data_item mem_id="1550" data_id="8e8e">1000111010001110</data_item>
      <data_item mem_id="1560" data_id="8e8e">1000111010001110</data_item>
      <data_item mem_id="1570" data_id="8fcf">1000111111001111</data_item>
      <data_item mem_id="1580" data_id="af0f">1010111100001111</data_item>
      <data_item mem_id="1590" data_id="adcd">1010110111001101</data_item>
      <data_item mem_id="15a0" data_id="8d8f">1000110110001111</data_item>
      <data_item mem_id="15b0" data_id="8fcf">1000111111001111</data_item>
      <data_item mem_id="15c0" data_id="af8f">1010111110001111</data_item>
      <data_item mem_id="15d0" data_id="efaf">1110111110101111</data_item>
      <data_item mem_id="15e0" data_id="8faf">1000111110101111</data_item>
      <data_item mem_id="15f0" data_id="cecf">1100111011001111</data_item>
      <data_item mem_id="1600" data_id="8f8f">1000111110001111</data_item>
      <data_item mem_id="1610" data_id="afaf">1010111110101111</data_item>
      <data_item mem_id="1620" data_id="8fcd">1000111111001101</data_item>
      <data_item mem_id="1630" data_id="cdcf">1100110111001111</data_item>
      <data_item mem_id="1640" data_id="8fcf">1000111111001111</data_item>
      <data_item mem_id="1650" data_id="cfcf">1100111111001111</data_item>
      <data_item mem_id="1660" data_id="afef">1010111111101111</data_item>
      <data_item mem_id="1670" data_id="8f8f">1000111110001111</data_item>
      <data_item mem_id="1680" data_id="8e8e">1000111010001110</data_item>
      <data_item mem_id="1690" data_id="8ece">1000111011001110</data_item>
      <data_item mem_id="16a0" data_id="cfcf">1100111111001111</data_item>
      <data_item mem_id="16b0" data_id="8f8f">1000111110001111</data_item>
      <data_item mem_id="16c0" data_id="ad8d">1010110110001101</data_item>
      <data_item mem_id="16d0" data_id="cdcd">1100110111001101</data_item>
      <data_item mem_id="16e0" data_id="cfcf">1100111111001111</data_item>
      <data_item mem_id="16f0" data_id="cfef">1100111111101111</data_item>
      <data_item mem_id="1700" data_id="ef8f">1110111110001111</data_item>
      <data_item mem_id="1710" data_id="cfcf">1100111111001111</data_item>
      <data_item mem_id="1720" data_id="8fce">1000111111001110</data_item>
      <data_item mem_id="1730" data_id="eeef">1110111011101111</data_item>
      <data_item mem_id="1740" data_id="cfcf">1100111111001111</data_item>
      <data_item mem_id="1750" data_id="8fef">1000111111101111</data_item>
      <data_item mem_id="1760" data_id="cfcf">1100111111001111</data_item>
      <data_item mem_id="1770" data_id="cfcf">1100111111001111</data_item>
      <data_item mem_id="1780" data_id="cfef">1100111111101111</data_item>
      <data_item mem_id="1790" data_id="afaf">1010111110101111</data_item>
      <data_item mem_id="17a0" data_id="8f0f">1000111100001111</data_item>
      <data_item mem_id="17b0" data_id="0e8e">0000111010001110</data_item>
      <data_item mem_id="17c0" data_id="8ece">1000111011001110</data_item>
      <data_item mem_id="17d0" data_id="8f8f">1000111110001111</data_item>
      <data_item mem_id="17e0" data_id="af2e">1010111100101110</data_item>
      <data_item mem_id="17f0" data_id="ad8d">1010110110001101</data_item>
      <data_item mem_id="1800" data_id="2fcd">0010111111001101</data_item>
      <data_item mem_id="1810" data_id="cf8f">1100111110001111</data_item>
      <data_item mem_id="1820" data_id="cf8f">1100111110001111</data_item>
      <data_item mem_id="1830" data_id="ef2f">1110111100101111</data_item>
      <data_item mem_id="1840" data_id="cfcf">1100111111001111</data_item>
      <data_item mem_id="1850" data_id="8f86">1000111110000110</data_item>
      <data_item mem_id="1860" data_id="8e8e">1000111010001110</data_item>
      <data_item mem_id="1870" data_id="ce6f">1100111001101111</data_item>
      <data_item mem_id="1880" data_id="cfaf">1100111110101111</data_item>
      <data_item mem_id="1890" data_id="8fed">1000111111101101</data_item>
      <data_item mem_id="18a0" data_id="cdcf">1100110111001111</data_item>
      <data_item mem_id="18b0" data_id="aecf">1010111011001111</data_item>
      <data_item mem_id="18c0" data_id="0fef">0000111111101111</data_item>
      <data_item mem_id="18d0" data_id="8faf">1000111110101111</data_item>
      <data_item mem_id="18e0" data_id="8f8f">1000111110001111</data_item>
      <data_item mem_id="18f0" data_id="8fcf">1000111111001111</data_item>
      <data_item mem_id="1900" data_id="cf8f">1100111110001111</data_item>
      <data_item mem_id="1910" data_id="8f8f">1000111110001111</data_item>
      <data_item mem_id="1920" data_id="af8f">1010111110001111</data_item>
      <data_item mem_id="1930" data_id="8fcf">1000111111001111</data_item>
      <data_item mem_id="1940" data_id="8f8f">1000111110001111</data_item>
      <data_item mem_id="1950" data_id="0f4f">0000111101001111</data_item>
      <data_item mem_id="1960" data_id="afaf">1010111110101111</data_item>
      <data_item mem_id="1970" data_id="af8f">1010111110001111</data_item>
      <data_item mem_id="1980" data_id="8a8e">1000101010001110</data_item>
      <data_item mem_id="1990" data_id="ce8e">1100111010001110</data_item>
      <data_item mem_id="19a0" data_id="8bcf">1000101111001111</data_item>
      <data_item mem_id="19b0" data_id="cfaf">1100111110101111</data_item>
      <data_item mem_id="19c0" data_id="8dad">1000110110101101</data_item>
      <data_item mem_id="19d0" data_id="8b8f">1000101110001111</data_item>
      <data_item mem_id="19e0" data_id="cf8f">1100111110001111</data_item>
      <data_item mem_id="19f0" data_id="cf8f">1100111110001111</data_item>
      <data_item mem_id="1a00" data_id="8fcf">1000111111001111</data_item>
      <data_item mem_id="1a10" data_id="8fef">1000111111101111</data_item>
      <data_item mem_id="1a20" data_id="cfaf">1100111110101111</data_item>
      <data_item mem_id="1a30" data_id="cfcf">1100111111001111</data_item>
      <data_item mem_id="1a40" data_id="8fcf">1000111111001111</data_item>
      <data_item mem_id="1a50" data_id="8f8f">1000111110001111</data_item>
      <data_item mem_id="1a60" data_id="878f">1000011110001111</data_item>
      <data_item mem_id="1a70" data_id="8f8f">1000111110001111</data_item>
      <data_item mem_id="1a80" data_id="cfcf">1100111111001111</data_item>
      <data_item mem_id="1a90" data_id="cf8f">1100111110001111</data_item>
      <data_item mem_id="1aa0" data_id="2f8f">0010111110001111</data_item>
      <data_item mem_id="1ab0" data_id="8f8f">1000111110001111</data_item>
      <data_item mem_id="1ac0" data_id="8f8f">1000111110001111</data_item>
      <data_item mem_id="1ad0" data_id="cfcf">1100111111001111</data_item>
      <data_item mem_id="1ae0" data_id="cf8f">1100111110001111</data_item>
      <data_item mem_id="1af0" data_id="8f8f">1000111110001111</data_item>
      <data_item mem_id="1b00" data_id="0fcf">0000111111001111</data_item>
      <data_item mem_id="1b10" data_id="cfcf">1100111111001111</data_item>
      <data_item mem_id="1b20" data_id="cfcf">1100111111001111</data_item>
      <data_item mem_id="1b30" data_id="8fcf">1000111111001111</data_item>
      <data_item mem_id="1b40" data_id="afaf">1010111110101111</data_item>
      <data_item mem_id="1b50" data_id="8f4f">1000111101001111</data_item>
      <data_item mem_id="1b60" data_id="cf2f">1100111100101111</data_item>
      <data_item mem_id="1b70" data_id="cfcf">1100111111001111</data_item>
      <data_item mem_id="1b80" data_id="efef">1110111111101111</data_item>
      <data_item mem_id="1b90" data_id="8fcf">1000111111001111</data_item>
      <data_item mem_id="1ba0" data_id="4f8d">0100111110001101</data_item>
      <data_item mem_id="1bb0" data_id="cfcb">1100111111001011</data_item>
      <data_item mem_id="1bc0" data_id="cb8f">1100101110001111</data_item>
      <data_item mem_id="1bd0" data_id="8f8f">1000111110001111</data_item>
      <data_item mem_id="1be0" data_id="8f8f">1000111110001111</data_item>
      <data_item mem_id="1bf0" data_id="8f8f">1000111110001111</data_item>
      <data_item mem_id="1c00" data_id="cfcf">1100111111001111</data_item>
      <data_item mem_id="1c10" data_id="cfaf">1100111110101111</data_item>
      <data_item mem_id="1c20" data_id="af8f">1010111110001111</data_item>
      <data_item mem_id="1c30" data_id="8fcf">1000111111001111</data_item>
      <data_item mem_id="1c40" data_id="cf8f">1100111110001111</data_item>
      <data_item mem_id="1c50" data_id="8f8f">1000111110001111</data_item>
      <data_item mem_id="1c60" data_id="8fef">1000111111101111</data_item>
      <data_item mem_id="1c70" data_id="aba3">1010101110100011</data_item>
      <data_item mem_id="1c80" data_id="838e">1000001110001110</data_item>
      <data_item mem_id="1c90" data_id="8e8e">1000111010001110</data_item>
      <data_item mem_id="1ca0" data_id="8e8e">1000111010001110</data_item>
      <data_item mem_id="1cb0" data_id="cfcf">1100111111001111</data_item>
      <data_item mem_id="1cc0" data_id="8f8d">1000111110001101</data_item>
      <data_item mem_id="1cd0" data_id="8dcd">1000110111001101</data_item>
      <data_item mem_id="1ce0" data_id="8d8f">1000110110001111</data_item>
      <data_item mem_id="1cf0" data_id="cfcf">1100111111001111</data_item>
      <data_item mem_id="1d00" data_id="af8f">1010111110001111</data_item>
      <data_item mem_id="1d10" data_id="cfaf">1100111110101111</data_item>
      <data_item mem_id="1d20" data_id="8fcf">1000111111001111</data_item>
      <data_item mem_id="1d30" data_id="cf8f">1100111110001111</data_item>
      <data_item mem_id="1d40" data_id="8fcf">1000111111001111</data_item>
      <data_item mem_id="1d50" data_id="8f8f">1000111110001111</data_item>
      <data_item mem_id="1d60" data_id="8f8d">1000111110001101</data_item>
      <data_item mem_id="1d70" data_id="8d8f">1000110110001111</data_item>
      <data_item mem_id="1d80" data_id="8fcf">1000111111001111</data_item>
      <data_item mem_id="1d90" data_id="8f8f">1000111110001111</data_item>
      <data_item mem_id="1da0" data_id="afef">1010111111101111</data_item>
      <data_item mem_id="1db0" data_id="8f8f">1000111110001111</data_item>
      <data_item mem_id="1dc0" data_id="8e8e">1000111010001110</data_item>
      <data_item mem_id="1dd0" data_id="8ece">1000111011001110</data_item>
      <data_item mem_id="1de0" data_id="cfcf">1100111111001111</data_item>
      <data_item mem_id="1df0" data_id="8fcf">1000111111001111</data_item>
      <data_item mem_id="1e00" data_id="8d8d">1000110110001101</data_item>
      <data_item mem_id="1e10" data_id="9d8d">1001110110001101</data_item>
      <data_item mem_id="1e20" data_id="8f8f">1000111110001111</data_item>
      <data_item mem_id="1e30" data_id="cf8f">1100111110001111</data_item>
      <data_item mem_id="1e40" data_id="cf8f">1100111110001111</data_item>
      <data_item mem_id="1e50" data_id="efcf">1110111111001111</data_item>
      <data_item mem_id="1e60" data_id="8f8e">1000111110001110</data_item>
      <data_item mem_id="1e70" data_id="ceef">1100111011101111</data_item>
      <data_item mem_id="1e80" data_id="cfcf">1100111111001111</data_item>
      <data_item mem_id="1e90" data_id="cfcf">1100111111001111</data_item>
      <data_item mem_id="1ea0" data_id="cf8f">1100111110001111</data_item>
      <data_item mem_id="1eb0" data_id="cfcf">1100111111001111</data_item>
      <data_item mem_id="1ec0" data_id="cfcf">1100111111001111</data_item>
      <data_item mem_id="1ed0" data_id="8fcf">1000111111001111</data_item>
      <data_item mem_id="1ee0" data_id="8f8f">1000111110001111</data_item>
      <data_item mem_id="1ef0" data_id="8e8f">1000111010001111</data_item>
      <data_item mem_id="1f00" data_id="8fcf">1000111111001111</data_item>
      <data_item mem_id="1f10" data_id="cfcf">1100111111001111</data_item>
      <data_item mem_id="1f20" data_id="8f8f">1000111110001111</data_item>
      <data_item mem_id="1f30" data_id="8d8f">1000110110001111</data_item>
      <data_item mem_id="1f40" data_id="8f8f">1000111110001111</data_item>
      <data_item mem_id="1f50" data_id="8f8f">1000111110001111</data_item>
      <data_item mem_id="1f60" data_id="cf8f">1100111110001111</data_item>
      <data_item mem_id="1f70" data_id="efaf">1110111110101111</data_item>
      <data_item mem_id="1f80" data_id="8f8f">1000111110001111</data_item>
      <data_item mem_id="1f90" data_id="8f8f">1000111110001111</data_item>
      <data_item mem_id="1fa0" data_id="8f8f">1000111110001111</data_item>
      <data_item mem_id="1fb0" data_id="cf8f">1100111110001111</data_item>
      <data_item mem_id="1fc0" data_id="efaf">1110111110101111</data_item>
      <data_item mem_id="1fd0" data_id="8fed">1000111111101101</data_item>
      <data_item mem_id="1fe0" data_id="cded">1100110111101101</data_item>
      <data_item mem_id="1ff0" data_id="cfcf">1100111111001111</data_item>
      <data_item mem_id="2000" data_id="8fef">1000111111101111</data_item>
      <data_item mem_id="2010" data_id="8b8b">1000101110001011</data_item>
      <data_item mem_id="2020" data_id="8f8f">1000111110001111</data_item>
      <data_item mem_id="2030" data_id="afcf">1010111111001111</data_item>
      <data_item mem_id="2040" data_id="cfcf">1100111111001111</data_item>
      <data_item mem_id="2050" data_id="8f8f">1000111110001111</data_item>
      <data_item mem_id="2060" data_id="af8f">1010111110001111</data_item>
      <data_item mem_id="2070" data_id="cdcf">1100110111001111</data_item>
      <data_item mem_id="2080" data_id="8fcf">1000111111001111</data_item>
      <data_item mem_id="2090" data_id="cfcb">1100111111001011</data_item>
      <data_item mem_id="20a0" data_id="8b8f">1000101110001111</data_item>
      <data_item mem_id="20b0" data_id="a38f">1010001110001111</data_item>
      <data_item mem_id="20c0" data_id="8e8e">1000111010001110</data_item>
      <data_item mem_id="20d0" data_id="ce8e">1100111010001110</data_item>
      <data_item mem_id="20e0" data_id="8fcf">1000111111001111</data_item>
      <data_item mem_id="20f0" data_id="afaf">1010111110101111</data_item>
      <data_item mem_id="2100" data_id="8dad">1000110110101101</data_item>
      <data_item mem_id="2110" data_id="8d8d">1000110110001101</data_item>
      <data_item mem_id="2120" data_id="8f8f">1000111110001111</data_item>
      <data_item mem_id="2130" data_id="8f0f">1000111100001111</data_item>
      <data_item mem_id="2140" data_id="8b8b">1000101110001011</data_item>
      <data_item mem_id="2150" data_id="abcb">1010101111001011</data_item>
      <data_item mem_id="2160" data_id="efae">1110111110101110</data_item>
      <data_item mem_id="2170" data_id="aeee">1010111011101110</data_item>
      <data_item mem_id="2180" data_id="ceaf">1100111010101111</data_item>
      <data_item mem_id="2190" data_id="8f8f">1000111110001111</data_item>
      <data_item mem_id="21a0" data_id="cf8f">1100111110001111</data_item>
      <data_item mem_id="21b0" data_id="cfcf">1100111111001111</data_item>
      <data_item mem_id="21c0" data_id="cfcf">1100111111001111</data_item>
      <data_item mem_id="21d0" data_id="cf8f">1100111110001111</data_item>
      <data_item mem_id="21e0" data_id="cf8f">1100111110001111</data_item>
      <data_item mem_id="21f0" data_id="8f8f">1000111110001111</data_item>
      <data_item mem_id="2200" data_id="cfcf">1100111111001111</data_item>
      <data_item mem_id="2210" data_id="cfcf">1100111111001111</data_item>
      <data_item mem_id="2220" data_id="cf8f">1100111110001111</data_item>
      <data_item mem_id="2230" data_id="8f8f">1000111110001111</data_item>
      <data_item mem_id="2240" data_id="8fcf">1000111111001111</data_item>
      <data_item mem_id="2250" data_id="cfcf">1100111111001111</data_item>
      <data_item mem_id="2260" data_id="cfcf">1100111111001111</data_item>
      <data_item mem_id="2270" data_id="8fcf">1000111111001111</data_item>
      <data_item mem_id="2280" data_id="8f8e">1000111110001110</data_item>
      <data_item mem_id="2290" data_id="cfcf">1100111111001111</data_item>
      <data_item mem_id="22a0" data_id="8f8f">1000111110001111</data_item>
      <data_item mem_id="22b0" data_id="cf87">1100111110000111</data_item>
      <data_item mem_id="22c0" data_id="cfcf">1100111111001111</data_item>
      <data_item mem_id="22d0" data_id="cf8d">1100111110001101</data_item>
      <data_item mem_id="22e0" data_id="cdcd">1100110111001101</data_item>
      <data_item mem_id="22f0" data_id="cdcf">1100110111001111</data_item>
      <data_item mem_id="2300" data_id="8f8f">1000111110001111</data_item>
      <data_item mem_id="2310" data_id="cf8b">1100111110001011</data_item>
      <data_item mem_id="2320" data_id="cb8f">1100101110001111</data_item>
      <data_item mem_id="2330" data_id="8f8f">1000111110001111</data_item>
      <data_item mem_id="2340" data_id="8fcf">1000111111001111</data_item>
      <data_item mem_id="2350" data_id="cf8f">1100111110001111</data_item>
      <data_item mem_id="2360" data_id="8f0f">1000111100001111</data_item>
      <data_item mem_id="2370" data_id="8d8d">1000110110001101</data_item>
      <data_item mem_id="2380" data_id="8f8f">1000111110001111</data_item>
      <data_item mem_id="2390" data_id="0fcf">0000111111001111</data_item>
      <data_item mem_id="23a0" data_id="8f4b">1000111101001011</data_item>
      <data_item mem_id="23b0" data_id="8f0f">1000111100001111</data_item>
      <data_item mem_id="23c0" data_id="8f8e">1000111110001110</data_item>
      <data_item mem_id="23d0" data_id="8e8e">1000111010001110</data_item>
      <data_item mem_id="23e0" data_id="0ecf">0000111011001111</data_item>
      <data_item mem_id="23f0" data_id="cfcf">1100111111001111</data_item>
      <data_item mem_id="2400" data_id="8f8d">1000111110001101</data_item>
      <data_item mem_id="2410" data_id="8dcd">1000110111001101</data_item>
      <data_item mem_id="2420" data_id="8d8f">1000110110001111</data_item>
      <data_item mem_id="2430" data_id="8fcf">1000111111001111</data_item>
      <data_item mem_id="2440" data_id="cf8f">1100111110001111</data_item>
      <data_item mem_id="2450" data_id="cf8b">1100111110001011</data_item>
      <data_item mem_id="2460" data_id="cfcf">1100111111001111</data_item>
      <data_item mem_id="2470" data_id="ce8e">1100111010001110</data_item>
      <data_item mem_id="2480" data_id="cfcf">1100111111001111</data_item>
      <data_item mem_id="2490" data_id="8f8f">1000111110001111</data_item>
      <data_item mem_id="24a0" data_id="8f8f">1000111110001111</data_item>
      <data_item mem_id="24b0" data_id="8f8f">1000111110001111</data_item>
      <data_item mem_id="24c0" data_id="0fcf">0000111111001111</data_item>
      <data_item mem_id="24d0" data_id="0f8f">0000111110001111</data_item>
      <data_item mem_id="24e0" data_id="8b8f">1000101110001111</data_item>
      <data_item mem_id="24f0" data_id="8b8e">1000101110001110</data_item>
      <data_item mem_id="2500" data_id="8ece">1000111011001110</data_item>
      <data_item mem_id="2510" data_id="8ecf">1000111011001111</data_item>
      <data_item mem_id="2520" data_id="8f8f">1000111110001111</data_item>
      <data_item mem_id="2530" data_id="8f8f">1000111110001111</data_item>
      <data_item mem_id="2540" data_id="8f8f">1000111110001111</data_item>
      <data_item mem_id="2550" data_id="cfcf">1100111111001111</data_item>
      <data_item mem_id="2560" data_id="8fcf">1000111111001111</data_item>
      <data_item mem_id="2570" data_id="cf8f">1100111110001111</data_item>
      <data_item mem_id="2580" data_id="8f8f">1000111110001111</data_item>
      <data_item mem_id="2590" data_id="8fcf">1000111111001111</data_item>
      <data_item mem_id="25a0" data_id="8fcf">1000111111001111</data_item>
      <data_item mem_id="25b0" data_id="8fcf">1000111111001111</data_item>
      <data_item mem_id="25c0" data_id="cfcf">1100111111001111</data_item>
      <data_item mem_id="25d0" data_id="cf0f">1100111100001111</data_item>
      <data_item mem_id="25e0" data_id="cfcf">1100111111001111</data_item>
      <data_item mem_id="25f0" data_id="cfcf">1100111111001111</data_item>
      <data_item mem_id="2600" data_id="cfcf">1100111111001111</data_item>
      <data_item mem_id="2610" data_id="8f8f">1000111110001111</data_item>
      <data_item mem_id="2620" data_id="8f8f">1000111110001111</data_item>
      <data_item mem_id="2630" data_id="8f4f">1000111101001111</data_item>
      <data_item mem_id="2640" data_id="8fcf">1000111111001111</data_item>
      <data_item mem_id="2650" data_id="8dcf">1000110111001111</data_item>
      <data_item mem_id="2660" data_id="8f8f">1000111110001111</data_item>
      <data_item mem_id="2670" data_id="0f8f">0000111110001111</data_item>
      <data_item mem_id="2680" data_id="cfcf">1100111111001111</data_item>
      <data_item mem_id="2690" data_id="cfcf">1100111111001111</data_item>
      <data_item mem_id="26a0" data_id="cf8f">1100111110001111</data_item>
      <data_item mem_id="26b0" data_id="cf8f">1100111110001111</data_item>
      <data_item mem_id="26c0" data_id="cb4f">1100101101001111</data_item>
      <data_item mem_id="26d0" data_id="ce8e">1100111010001110</data_item>
      <data_item mem_id="26e0" data_id="cece">1100111011001110</data_item>
      <data_item mem_id="26f0" data_id="cccf">1100110011001111</data_item>
      <data_item mem_id="2700" data_id="cf8f">1100111110001111</data_item>
      <data_item mem_id="2710" data_id="0fcf">0000111111001111</data_item>
      <data_item mem_id="2720" data_id="cf8f">1100111110001111</data_item>
      <data_item mem_id="2730" data_id="cfcf">1100111111001111</data_item>
      <data_item mem_id="2740" data_id="8f4f">1000111101001111</data_item>
      <data_item mem_id="2750" data_id="cf8f">1100111110001111</data_item>
      <data_item mem_id="2760" data_id="8f4f">1000111101001111</data_item>
      <data_item mem_id="2770" data_id="cfcf">1100111111001111</data_item>
      <data_item mem_id="2780" data_id="cfcf">1100111111001111</data_item>
      <data_item mem_id="2790" data_id="8f8f">1000111110001111</data_item>
      <data_item mem_id="27a0" data_id="8f8f">1000111110001111</data_item>
      <data_item mem_id="27b0" data_id="8d8d">1000110110001101</data_item>
      <data_item mem_id="27c0" data_id="8d8f">1000110110001111</data_item>
      <data_item mem_id="27d0" data_id="4f4f">0100111101001111</data_item>
      <data_item mem_id="27e0" data_id="cf8b">1100111110001011</data_item>
      <data_item mem_id="27f0" data_id="8f8f">1000111110001111</data_item>
   </data>
 </resultfile>
