<?xml version="1.0" encoding="ISO-8859-1"?>
 <resultfile>
   <header>
      <link id="30-24">
        <source_moteid>30</source_moteid>
        <dest_moteid>24</dest_moteid>
      </link>
      <filedate>Thu Jul 21 17:01:20 2011</filedate>
      <channels>
        <num_channels>16</num_channels>
        <channel_ids>11.12.13.14.15.16.17.18.19.20.21.22.23.24.25.26</channel_ids>
      </channels>
   </header>
   <data>
      <data_item mem_id="0000" data_id="0000">0000000000000000</data_item>
      <data_item mem_id="0010" data_id="0000">0000000000000000</data_item>
      <data_item mem_id="0020" data_id="0000">0000000000000000</data_item>
      <data_item mem_id="0030" data_id="0000">0000000000000000</data_item>
      <data_item mem_id="0040" data_id="0000">0000000000000000</data_item>
      <data_item mem_id="0050" data_id="0000">0000000000000000</data_item>
      <data_item mem_id="0060" data_id="0000">0000000000000000</data_item>
      <data_item mem_id="0070" data_id="0000">0000000000000000</data_item>
      <data_item mem_id="0080" data_id="0000">0000000000000000</data_item>
      <data_item mem_id="0090" data_id="0000">0000000000000000</data_item>
      <data_item mem_id="00a0" data_id="0000">0000000000000000</data_item>
      <data_item mem_id="00b0" data_id="0000">0000000000000000</data_item>
      <data_item mem_id="00c0" data_id="0000">0000000000000000</data_item>
      <data_item mem_id="00d0" data_id="0000">0000000000000000</data_item>
      <data_item mem_id="00e0" data_id="0000">0000000000000000</data_item>
      <data_item mem_id="00f0" data_id="0000">0000000000000000</data_item>
      <data_item mem_id="0100" data_id="83df">1000001111011111</data_item>
      <data_item mem_id="0110" data_id="03df">0000001111011111</data_item>
      <data_item mem_id="0120" data_id="01cf">0000000111001111</data_item>
      <data_item mem_id="0130" data_id="01f6">0000000111110110</data_item>
      <data_item mem_id="0140" data_id="0372">0000001101110010</data_item>
      <data_item mem_id="0150" data_id="03da">0000001111011010</data_item>
      <data_item mem_id="0160" data_id="03df">0000001111011111</data_item>
      <data_item mem_id="0170" data_id="43ee">0100001111101110</data_item>
      <data_item mem_id="0180" data_id="02c6">0000001011000110</data_item>
      <data_item mem_id="0190" data_id="02f6">0000001011110110</data_item>
      <data_item mem_id="01a0" data_id="43de">0100001111011110</data_item>
      <data_item mem_id="01b0" data_id="03de">0000001111011110</data_item>
      <data_item mem_id="01c0" data_id="01ce">0000000111001110</data_item>
      <data_item mem_id="01d0" data_id="01ef">0000000111101111</data_item>
      <data_item mem_id="01e0" data_id="036b">0000001101101011</data_item>
      <data_item mem_id="01f0" data_id="035a">0000001101011010</data_item>
      <data_item mem_id="0200" data_id="43de">0100001111011110</data_item>
      <data_item mem_id="0210" data_id="41ce">0100000111001110</data_item>
      <data_item mem_id="0220" data_id="02f6">0000001011110110</data_item>
      <data_item mem_id="0230" data_id="00df">0000000011011111</data_item>
      <data_item mem_id="0240" data_id="02de">0000001011011110</data_item>
      <data_item mem_id="0250" data_id="03de">0000001111011110</data_item>
      <data_item mem_id="0260" data_id="03f6">0000001111110110</data_item>
      <data_item mem_id="0270" data_id="03e7">0000001111100111</data_item>
      <data_item mem_id="0280" data_id="43fb">0100001111111011</data_item>
      <data_item mem_id="0290" data_id="03df">0000001111011111</data_item>
      <data_item mem_id="02a0" data_id="436f">0100001101101111</data_item>
      <data_item mem_id="02b0" data_id="00e7">0000000011100111</data_item>
      <data_item mem_id="02c0" data_id="02f6">0000001011110110</data_item>
      <data_item mem_id="02d0" data_id="01fe">0000000111111110</data_item>
      <data_item mem_id="02e0" data_id="02df">0000001011011111</data_item>
      <data_item mem_id="02f0" data_id="01cf">0000000111001111</data_item>
      <data_item mem_id="0300" data_id="81ee">1000000111101110</data_item>
      <data_item mem_id="0310" data_id="0372">0000001101110010</data_item>
      <data_item mem_id="0320" data_id="437a">0100001101111010</data_item>
      <data_item mem_id="0330" data_id="43de">0100001111011110</data_item>
      <data_item mem_id="0340" data_id="03df">0000001111011111</data_item>
      <data_item mem_id="0350" data_id="02d7">0000001011010111</data_item>
      <data_item mem_id="0360" data_id="02f7">0000001011110111</data_item>
      <data_item mem_id="0370" data_id="02fe">0000001011111110</data_item>
      <data_item mem_id="0380" data_id="03df">0000001111011111</data_item>
      <data_item mem_id="0390" data_id="01cf">0000000111001111</data_item>
      <data_item mem_id="03a0" data_id="01ff">0000000111111111</data_item>
      <data_item mem_id="03b0" data_id="43ff">0100001111111111</data_item>
      <data_item mem_id="03c0" data_id="03fe">0000001111111110</data_item>
      <data_item mem_id="03d0" data_id="436e">0100001101101110</data_item>
      <data_item mem_id="03e0" data_id="43ef">0100001111101111</data_item>
      <data_item mem_id="03f0" data_id="03f7">0000001111110111</data_item>
      <data_item mem_id="0400" data_id="03fe">0000001111111110</data_item>
      <data_item mem_id="0410" data_id="02de">0000001011011110</data_item>
      <data_item mem_id="0420" data_id="01cf">0000000111001111</data_item>
      <data_item mem_id="0430" data_id="81ce">1000000111001110</data_item>
      <data_item mem_id="0440" data_id="0372">0000001101110010</data_item>
      <data_item mem_id="0450" data_id="0152">0000000101010010</data_item>
      <data_item mem_id="0460" data_id="43d7">0100001111010111</data_item>
      <data_item mem_id="0470" data_id="43cf">0100001111001111</data_item>
      <data_item mem_id="0480" data_id="02e6">0000001011100110</data_item>
      <data_item mem_id="0490" data_id="02d6">0000001011010110</data_item>
      <data_item mem_id="04a0" data_id="02de">0000001011011110</data_item>
      <data_item mem_id="04b0" data_id="01fe">0000000111111110</data_item>
      <data_item mem_id="04c0" data_id="01ef">0000000111101111</data_item>
      <data_item mem_id="04d0" data_id="01cf">0000000111001111</data_item>
      <data_item mem_id="04e0" data_id="01de">0000000111011110</data_item>
      <data_item mem_id="04f0" data_id="036a">0000001101101010</data_item>
      <data_item mem_id="0500" data_id="435f">0100001101011111</data_item>
      <data_item mem_id="0510" data_id="01ee">0000000111101110</data_item>
      <data_item mem_id="0520" data_id="03ff">0000001111111111</data_item>
      <data_item mem_id="0530" data_id="02fe">0000001011111110</data_item>
      <data_item mem_id="0540" data_id="02df">0000001011011111</data_item>
      <data_item mem_id="0550" data_id="03df">0000001111011111</data_item>
      <data_item mem_id="0560" data_id="03ce">0000001111001110</data_item>
      <data_item mem_id="0570" data_id="03d7">0000001111010111</data_item>
      <data_item mem_id="0580" data_id="0173">0000000101110011</data_item>
      <data_item mem_id="0590" data_id="03df">0000001111011111</data_item>
      <data_item mem_id="05a0" data_id="03d7">0000001111010111</data_item>
      <data_item mem_id="05b0" data_id="4247">0100001001000111</data_item>
      <data_item mem_id="05c0" data_id="02c7">0000001011000111</data_item>
      <data_item mem_id="05d0" data_id="02df">0000001011011111</data_item>
      <data_item mem_id="05e0" data_id="03ff">0000001111111111</data_item>
      <data_item mem_id="05f0" data_id="01cf">0000000111001111</data_item>
      <data_item mem_id="0600" data_id="01ce">0000000111001110</data_item>
      <data_item mem_id="0610" data_id="01f7">0000000111110111</data_item>
      <data_item mem_id="0620" data_id="035b">0000001101011011</data_item>
      <data_item mem_id="0630" data_id="035b">0000001101011011</data_item>
      <data_item mem_id="0640" data_id="03de">0000001111011110</data_item>
      <data_item mem_id="0650" data_id="03df">0000001111011111</data_item>
      <data_item mem_id="0660" data_id="02d6">0000001011010110</data_item>
      <data_item mem_id="0670" data_id="02fe">0000001011111110</data_item>
      <data_item mem_id="0680" data_id="03de">0000001111011110</data_item>
      <data_item mem_id="0690" data_id="83ff">1000001111111111</data_item>
      <data_item mem_id="06a0" data_id="01f7">0000000111110111</data_item>
      <data_item mem_id="06b0" data_id="01d7">0000000111010111</data_item>
      <data_item mem_id="06c0" data_id="03fe">0000001111111110</data_item>
      <data_item mem_id="06d0" data_id="03de">0000001111011110</data_item>
      <data_item mem_id="06e0" data_id="43ee">0100001111101110</data_item>
      <data_item mem_id="06f0" data_id="02e6">0000001011100110</data_item>
      <data_item mem_id="0700" data_id="02fe">0000001011111110</data_item>
      <data_item mem_id="0710" data_id="03ff">0000001111111111</data_item>
      <data_item mem_id="0720" data_id="01cf">0000000111001111</data_item>
      <data_item mem_id="0730" data_id="014f">0000000101001111</data_item>
      <data_item mem_id="0740" data_id="01f6">0000000111110110</data_item>
      <data_item mem_id="0750" data_id="0372">0000001101110010</data_item>
      <data_item mem_id="0760" data_id="03db">0000001111011011</data_item>
      <data_item mem_id="0770" data_id="03df">0000001111011111</data_item>
      <data_item mem_id="0780" data_id="03ef">0000001111101111</data_item>
      <data_item mem_id="0790" data_id="02f6">0000001011110110</data_item>
      <data_item mem_id="07a0" data_id="0276">0000001001110110</data_item>
      <data_item mem_id="07b0" data_id="03ff">0000001111111111</data_item>
      <data_item mem_id="07c0" data_id="03df">0000001111011111</data_item>
      <data_item mem_id="07d0" data_id="01ce">0000000111001110</data_item>
      <data_item mem_id="07e0" data_id="01e6">0000000111100110</data_item>
      <data_item mem_id="07f0" data_id="037b">0000001101111011</data_item>
      <data_item mem_id="0800" data_id="01ff">0000000111111111</data_item>
      <data_item mem_id="0810" data_id="03ef">0000001111101111</data_item>
      <data_item mem_id="0820" data_id="03ef">0000001111101111</data_item>
      <data_item mem_id="0830" data_id="03ff">0000001111111111</data_item>
      <data_item mem_id="0840" data_id="03fe">0000001111111110</data_item>
      <data_item mem_id="0850" data_id="03df">0000001111011111</data_item>
      <data_item mem_id="0860" data_id="03ce">0000001111001110</data_item>
      <data_item mem_id="0870" data_id="01f7">0000000111110111</data_item>
      <data_item mem_id="0880" data_id="0373">0000001101110011</data_item>
      <data_item mem_id="0890" data_id="03db">0000001111011011</data_item>
      <data_item mem_id="08a0" data_id="01de">0000000111011110</data_item>
      <data_item mem_id="08b0" data_id="03ef">0000001111101111</data_item>
      <data_item mem_id="08c0" data_id="02e6">0000001011100110</data_item>
      <data_item mem_id="08d0" data_id="02f7">0000001011110111</data_item>
      <data_item mem_id="08e0" data_id="03df">0000001111011111</data_item>
      <data_item mem_id="08f0" data_id="83cf">1000001111001111</data_item>
      <data_item mem_id="0900" data_id="01ef">0000000111101111</data_item>
      <data_item mem_id="0910" data_id="01ee">0000000111101110</data_item>
      <data_item mem_id="0920" data_id="437b">0100001101111011</data_item>
      <data_item mem_id="0930" data_id="037b">0000001101111011</data_item>
      <data_item mem_id="0940" data_id="43df">0100001111011111</data_item>
      <data_item mem_id="0950" data_id="43cf">0100001111001111</data_item>
      <data_item mem_id="0960" data_id="02f7">0000001011110111</data_item>
      <data_item mem_id="0970" data_id="02de">0000001011011110</data_item>
      <data_item mem_id="0980" data_id="02df">0000001011011111</data_item>
      <data_item mem_id="0990" data_id="03df">0000001111011111</data_item>
      <data_item mem_id="09a0" data_id="01f6">0000000111110110</data_item>
      <data_item mem_id="09b0" data_id="03d7">0000001111010111</data_item>
      <data_item mem_id="09c0" data_id="43da">0100001111011010</data_item>
      <data_item mem_id="09d0" data_id="03df">0000001111011111</data_item>
      <data_item mem_id="09e0" data_id="016f">0000000101101111</data_item>
      <data_item mem_id="09f0" data_id="02e6">0000001011100110</data_item>
      <data_item mem_id="0a00" data_id="02f7">0000001011110111</data_item>
      <data_item mem_id="0a10" data_id="03ff">0000001111111111</data_item>
      <data_item mem_id="0a20" data_id="43df">0100001111011111</data_item>
      <data_item mem_id="0a30" data_id="01ce">0000000111001110</data_item>
      <data_item mem_id="0a40" data_id="01ce">0000000111001110</data_item>
      <data_item mem_id="0a50" data_id="0373">0000001101110011</data_item>
      <data_item mem_id="0a60" data_id="017b">0000000101111011</data_item>
      <data_item mem_id="0a70" data_id="03df">0000001111011111</data_item>
      <data_item mem_id="0a80" data_id="01de">0000000111011110</data_item>
      <data_item mem_id="0a90" data_id="4057">0100000001010111</data_item>
      <data_item mem_id="0aa0" data_id="00f6">0000000011110110</data_item>
      <data_item mem_id="0ab0" data_id="02de">0000001011011110</data_item>
      <data_item mem_id="0ac0" data_id="015f">0000000101011111</data_item>
      <data_item mem_id="0ad0" data_id="01ee">0000000111101110</data_item>
      <data_item mem_id="0ae0" data_id="01e7">0000000111100111</data_item>
      <data_item mem_id="0af0" data_id="01df">0000000111011111</data_item>
      <data_item mem_id="0b00" data_id="43fe">0100001111111110</data_item>
      <data_item mem_id="0b10" data_id="036e">0000001101101110</data_item>
      <data_item mem_id="0b20" data_id="01ef">0000000111101111</data_item>
      <data_item mem_id="0b30" data_id="02d6">0000001011010110</data_item>
      <data_item mem_id="0b40" data_id="00f7">0000000011110111</data_item>
      <data_item mem_id="0b50" data_id="02df">0000001011011111</data_item>
      <data_item mem_id="0b60" data_id="01cf">0000000111001111</data_item>
      <data_item mem_id="0b70" data_id="01ef">0000000111101111</data_item>
      <data_item mem_id="0b80" data_id="0373">0000001101110011</data_item>
      <data_item mem_id="0b90" data_id="0172">0000000101110010</data_item>
      <data_item mem_id="0ba0" data_id="43df">0100001111011111</data_item>
      <data_item mem_id="0bb0" data_id="03de">0000001111011110</data_item>
      <data_item mem_id="0bc0" data_id="02e7">0000001011100111</data_item>
      <data_item mem_id="0bd0" data_id="42e6">0100001011100110</data_item>
      <data_item mem_id="0be0" data_id="00ff">0000000011111111</data_item>
      <data_item mem_id="0bf0" data_id="03de">0000001111011110</data_item>
      <data_item mem_id="0c00" data_id="01cf">0000000111001111</data_item>
      <data_item mem_id="0c10" data_id="01ef">0000000111101111</data_item>
      <data_item mem_id="0c20" data_id="01fe">0000000111111110</data_item>
      <data_item mem_id="0c30" data_id="437b">0100001101111011</data_item>
      <data_item mem_id="0c40" data_id="435a">0100001101011010</data_item>
      <data_item mem_id="0c50" data_id="03ce">0000001111001110</data_item>
      <data_item mem_id="0c60" data_id="03de">0000001111011110</data_item>
      <data_item mem_id="0c70" data_id="02f7">0000001011110111</data_item>
      <data_item mem_id="0c80" data_id="02df">0000001011011111</data_item>
      <data_item mem_id="0c90" data_id="03de">0000001111011110</data_item>
      <data_item mem_id="0ca0" data_id="c3ce">1100001111001110</data_item>
      <data_item mem_id="0cb0" data_id="02de">0000001011011110</data_item>
      <data_item mem_id="0cc0" data_id="0152">0000000101010010</data_item>
      <data_item mem_id="0cd0" data_id="435f">0100001101011111</data_item>
      <data_item mem_id="0ce0" data_id="43df">0100001111011111</data_item>
      <data_item mem_id="0cf0" data_id="02c6">0000001011000110</data_item>
      <data_item mem_id="0d00" data_id="02c7">0000001011000111</data_item>
      <data_item mem_id="0d10" data_id="02ff">0000001011111111</data_item>
      <data_item mem_id="0d20" data_id="01de">0000000111011110</data_item>
      <data_item mem_id="0d30" data_id="01cf">0000000111001111</data_item>
      <data_item mem_id="0d40" data_id="01ce">0000000111001110</data_item>
      <data_item mem_id="0d50" data_id="01f7">0000000111110111</data_item>
      <data_item mem_id="0d60" data_id="435a">0100001101011010</data_item>
      <data_item mem_id="0d70" data_id="43db">0100001111011011</data_item>
      <data_item mem_id="0d80" data_id="03df">0000001111011111</data_item>
      <data_item mem_id="0d90" data_id="03df">0000001111011111</data_item>
      <data_item mem_id="0da0" data_id="02d6">0000001011010110</data_item>
      <data_item mem_id="0db0" data_id="00f7">0000000011110111</data_item>
      <data_item mem_id="0dc0" data_id="01c3">0000000111000011</data_item>
      <data_item mem_id="0dd0" data_id="03ff">0000001111111111</data_item>
      <data_item mem_id="0de0" data_id="01e6">0000000111100110</data_item>
      <data_item mem_id="0df0" data_id="01f7">0000000111110111</data_item>
      <data_item mem_id="0e00" data_id="43ff">0100001111111111</data_item>
      <data_item mem_id="0e10" data_id="03fe">0000001111111110</data_item>
      <data_item mem_id="0e20" data_id="43ef">0100001111101111</data_item>
      <data_item mem_id="0e30" data_id="42c6">0100001011000110</data_item>
      <data_item mem_id="0e40" data_id="02de">0000001011011110</data_item>
      <data_item mem_id="0e50" data_id="03fe">0000001111111110</data_item>
      <data_item mem_id="0e60" data_id="01ce">0000000111001110</data_item>
      <data_item mem_id="0e70" data_id="00cf">0000000011001111</data_item>
      <data_item mem_id="0e80" data_id="01f7">0000000111110111</data_item>
      <data_item mem_id="0e90" data_id="0352">0000001101010010</data_item>
      <data_item mem_id="0ea0" data_id="03da">0000001111011010</data_item>
      <data_item mem_id="0eb0" data_id="03de">0000001111011110</data_item>
      <data_item mem_id="0ec0" data_id="03ef">0000001111101111</data_item>
      <data_item mem_id="0ed0" data_id="02f6">0000001011110110</data_item>
      <data_item mem_id="0ee0" data_id="02f6">0000001011110110</data_item>
      <data_item mem_id="0ef0" data_id="03df">0000001111011111</data_item>
      <data_item mem_id="0f00" data_id="41de">0100000111011110</data_item>
      <data_item mem_id="0f10" data_id="01ee">0000000111101110</data_item>
      <data_item mem_id="0f20" data_id="01e6">0000000111100110</data_item>
      <data_item mem_id="0f30" data_id="437a">0100001101111010</data_item>
      <data_item mem_id="0f40" data_id="03fa">0000001111111010</data_item>
      <data_item mem_id="0f50" data_id="03c6">0000001111000110</data_item>
      <data_item mem_id="0f60" data_id="03ce">0000001111001110</data_item>
      <data_item mem_id="0f70" data_id="43fe">0100001111111110</data_item>
      <data_item mem_id="0f80" data_id="02ff">0000001011111111</data_item>
      <data_item mem_id="0f90" data_id="03df">0000001111011111</data_item>
      <data_item mem_id="0fa0" data_id="01ef">0000000111101111</data_item>
      <data_item mem_id="0fb0" data_id="03f6">0000001111110110</data_item>
      <data_item mem_id="0fc0" data_id="0372">0000001101110010</data_item>
      <data_item mem_id="0fd0" data_id="03da">0000001111011010</data_item>
      <data_item mem_id="0fe0" data_id="43de">0100001111011110</data_item>
      <data_item mem_id="0ff0" data_id="034f">0000001101001111</data_item>
      <data_item mem_id="1000" data_id="42e7">0100001011100111</data_item>
      <data_item mem_id="1010" data_id="02f6">0000001011110110</data_item>
      <data_item mem_id="1020" data_id="03ff">0000001111111111</data_item>
      <data_item mem_id="1030" data_id="03de">0000001111011110</data_item>
      <data_item mem_id="1040" data_id="01ce">0000000111001110</data_item>
      <data_item mem_id="1050" data_id="01ce">0000000111001110</data_item>
      <data_item mem_id="1060" data_id="037a">0000001101111010</data_item>
      <data_item mem_id="1070" data_id="437e">0100001101111110</data_item>
      <data_item mem_id="1080" data_id="01de">0000000111011110</data_item>
      <data_item mem_id="1090" data_id="03ce">0000001111001110</data_item>
      <data_item mem_id="10a0" data_id="42f7">0100001011110111</data_item>
      <data_item mem_id="10b0" data_id="02f6">0000001011110110</data_item>
      <data_item mem_id="10c0" data_id="02de">0000001011011110</data_item>
      <data_item mem_id="10d0" data_id="03df">0000001111011111</data_item>
      <data_item mem_id="10e0" data_id="01e6">0000000111100110</data_item>
      <data_item mem_id="10f0" data_id="01f6">0000000111110110</data_item>
      <data_item mem_id="1100" data_id="43f6">0100001111110110</data_item>
      <data_item mem_id="1110" data_id="c2fe">1100001011111110</data_item>
      <data_item mem_id="1120" data_id="036f">0000001101101111</data_item>
      <data_item mem_id="1130" data_id="42c6">0100001011000110</data_item>
      <data_item mem_id="1140" data_id="42c7">0100001011000111</data_item>
      <data_item mem_id="1150" data_id="03df">0000001111011111</data_item>
      <data_item mem_id="1160" data_id="02cf">0000001011001111</data_item>
      <data_item mem_id="1170" data_id="0146">0000000101000110</data_item>
      <data_item mem_id="1180" data_id="00ef">0000000011101111</data_item>
      <data_item mem_id="1190" data_id="0353">0000001101010011</data_item>
      <data_item mem_id="11a0" data_id="0352">0000001101010010</data_item>
      <data_item mem_id="11b0" data_id="425e">0100001001011110</data_item>
      <data_item mem_id="11c0" data_id="02df">0000001011011111</data_item>
      <data_item mem_id="11d0" data_id="42e6">0100001011100110</data_item>
      <data_item mem_id="11e0" data_id="02f6">0000001011110110</data_item>
      <data_item mem_id="11f0" data_id="02ff">0000001011111111</data_item>
      <data_item mem_id="1200" data_id="03ff">0000001111111111</data_item>
      <data_item mem_id="1210" data_id="014f">0000000101001111</data_item>
      <data_item mem_id="1220" data_id="01ef">0000000111101111</data_item>
      <data_item mem_id="1230" data_id="41fe">0100000111111110</data_item>
      <data_item mem_id="1240" data_id="03fe">0000001111111110</data_item>
      <data_item mem_id="1250" data_id="41ce">0100000111001110</data_item>
      <data_item mem_id="1260" data_id="01ef">0000000111101111</data_item>
      <data_item mem_id="1270" data_id="43fe">0100001111111110</data_item>
      <data_item mem_id="1280" data_id="03f7">0000001111110111</data_item>
      <data_item mem_id="1290" data_id="02de">0000001011011110</data_item>
      <data_item mem_id="12a0" data_id="01ce">0000000111001110</data_item>
      <data_item mem_id="12b0" data_id="01ef">0000000111101111</data_item>
      <data_item mem_id="12c0" data_id="0352">0000001101010010</data_item>
      <data_item mem_id="12d0" data_id="0373">0000001101110011</data_item>
      <data_item mem_id="12e0" data_id="03df">0000001111011111</data_item>
      <data_item mem_id="12f0" data_id="43df">0100001111011111</data_item>
      <data_item mem_id="1300" data_id="02c7">0000001011000111</data_item>
      <data_item mem_id="1310" data_id="42c6">0100001011000110</data_item>
      <data_item mem_id="1320" data_id="02de">0000001011011110</data_item>
      <data_item mem_id="1330" data_id="02fe">0000001011111110</data_item>
      <data_item mem_id="1340" data_id="01ce">0000000111001110</data_item>
      <data_item mem_id="1350" data_id="01ee">0000000111101110</data_item>
      <data_item mem_id="1360" data_id="41ff">0100000111111111</data_item>
      <data_item mem_id="1370" data_id="417b">0100000101111011</data_item>
      <data_item mem_id="1380" data_id="035a">0000001101011010</data_item>
      <data_item mem_id="1390" data_id="41cf">0100000111001111</data_item>
      <data_item mem_id="13a0" data_id="43ff">0100001111111111</data_item>
      <data_item mem_id="13b0" data_id="02f7">0000001011110111</data_item>
      <data_item mem_id="13c0" data_id="02de">0000001011011110</data_item>
      <data_item mem_id="13d0" data_id="03de">0000001111011110</data_item>
      <data_item mem_id="13e0" data_id="43ee">0100001111101110</data_item>
      <data_item mem_id="13f0" data_id="01de">0000000111011110</data_item>
      <data_item mem_id="1400" data_id="0177">0000000101110111</data_item>
      <data_item mem_id="1410" data_id="03fe">0000001111111110</data_item>
      <data_item mem_id="1420" data_id="43de">0100001111011110</data_item>
      <data_item mem_id="1430" data_id="00e6">0000000011100110</data_item>
      <data_item mem_id="1440" data_id="42e7">0100001011100111</data_item>
      <data_item mem_id="1450" data_id="82fe">1000001011111110</data_item>
      <data_item mem_id="1460" data_id="03fe">0000001111111110</data_item>
      <data_item mem_id="1470" data_id="01cf">0000000111001111</data_item>
      <data_item mem_id="1480" data_id="00ce">0000000011001110</data_item>
      <data_item mem_id="1490" data_id="01f6">0000000111110110</data_item>
      <data_item mem_id="14a0" data_id="0352">0000001101010010</data_item>
      <data_item mem_id="14b0" data_id="035a">0000001101011010</data_item>
      <data_item mem_id="14c0" data_id="03de">0000001111011110</data_item>
      <data_item mem_id="14d0" data_id="03de">0000001111011110</data_item>
      <data_item mem_id="14e0" data_id="02f7">0000001011110111</data_item>
      <data_item mem_id="14f0" data_id="02f6">0000001011110110</data_item>
      <data_item mem_id="1500" data_id="43de">0100001111011110</data_item>
      <data_item mem_id="1510" data_id="03de">0000001111011110</data_item>
      <data_item mem_id="1520" data_id="01e6">0000000111100110</data_item>
      <data_item mem_id="1530" data_id="01d7">0000000111010111</data_item>
      <data_item mem_id="1540" data_id="43fb">0100001111111011</data_item>
      <data_item mem_id="1550" data_id="42de">0100001011011110</data_item>
      <data_item mem_id="1560" data_id="03ee">0000001111101110</data_item>
      <data_item mem_id="1570" data_id="42ce">0100001011001110</data_item>
      <data_item mem_id="1580" data_id="02cf">0000001011001111</data_item>
      <data_item mem_id="1590" data_id="03de">0000001111011110</data_item>
      <data_item mem_id="15a0" data_id="01cf">0000000111001111</data_item>
      <data_item mem_id="15b0" data_id="01ce">0000000111001110</data_item>
      <data_item mem_id="15c0" data_id="01fe">0000000111111110</data_item>
      <data_item mem_id="15d0" data_id="03d3">0000001111010011</data_item>
      <data_item mem_id="15e0" data_id="435a">0100001101011010</data_item>
      <data_item mem_id="15f0" data_id="03c7">0000001111000111</data_item>
      <data_item mem_id="1600" data_id="03ee">0000001111101110</data_item>
      <data_item mem_id="1610" data_id="40e6">0100000011100110</data_item>
      <data_item mem_id="1620" data_id="02d6">0000001011010110</data_item>
      <data_item mem_id="1630" data_id="43de">0100001111011110</data_item>
      <data_item mem_id="1640" data_id="03de">0000001111011110</data_item>
      <data_item mem_id="1650" data_id="01ce">0000000111001110</data_item>
      <data_item mem_id="1660" data_id="01cf">0000000111001111</data_item>
      <data_item mem_id="1670" data_id="037a">0000001101111010</data_item>
      <data_item mem_id="1680" data_id="436a">0100001101101010</data_item>
      <data_item mem_id="1690" data_id="03ce">0000001111001110</data_item>
      <data_item mem_id="16a0" data_id="03ee">0000001111101110</data_item>
      <data_item mem_id="16b0" data_id="01f6">0000000111110110</data_item>
      <data_item mem_id="16c0" data_id="02fe">0000001011111110</data_item>
      <data_item mem_id="16d0" data_id="03df">0000001111011111</data_item>
      <data_item mem_id="16e0" data_id="01df">0000000111011111</data_item>
      <data_item mem_id="16f0" data_id="03ff">0000001111111111</data_item>
      <data_item mem_id="1700" data_id="03f7">0000001111110111</data_item>
      <data_item mem_id="1710" data_id="43ff">0100001111111111</data_item>
      <data_item mem_id="1720" data_id="03de">0000001111011110</data_item>
      <data_item mem_id="1730" data_id="436e">0100001101101110</data_item>
      <data_item mem_id="1740" data_id="02c7">0000001011000111</data_item>
      <data_item mem_id="1750" data_id="02d7">0000001011010111</data_item>
      <data_item mem_id="1760" data_id="43fe">0100001111111110</data_item>
      <data_item mem_id="1770" data_id="43df">0100001111011111</data_item>
      <data_item mem_id="1780" data_id="01cf">0000000111001111</data_item>
      <data_item mem_id="1790" data_id="00ce">0000000011001110</data_item>
      <data_item mem_id="17a0" data_id="0353">0000001101010011</data_item>
      <data_item mem_id="17b0" data_id="435b">0100001101011011</data_item>
      <data_item mem_id="17c0" data_id="43de">0100001111011110</data_item>
      <data_item mem_id="17d0" data_id="43df">0100001111011111</data_item>
      <data_item mem_id="17e0" data_id="42d7">0100001011010111</data_item>
      <data_item mem_id="17f0" data_id="02f6">0000001011110110</data_item>
      <data_item mem_id="1800" data_id="02de">0000001011011110</data_item>
      <data_item mem_id="1810" data_id="03df">0000001111011111</data_item>
      <data_item mem_id="1820" data_id="01cf">0000000111001111</data_item>
      <data_item mem_id="1830" data_id="01e6">0000000111100110</data_item>
      <data_item mem_id="1840" data_id="435f">0100001101011111</data_item>
      <data_item mem_id="1850" data_id="01ff">0000000111111111</data_item>
      <data_item mem_id="1860" data_id="43cf">0100001111001111</data_item>
      <data_item mem_id="1870" data_id="02ef">0000001011101111</data_item>
      <data_item mem_id="1880" data_id="00e6">0000000011100110</data_item>
      <data_item mem_id="1890" data_id="03ce">0000001111001110</data_item>
      <data_item mem_id="18a0" data_id="42cf">0100001011001111</data_item>
      <data_item mem_id="18b0" data_id="00ce">0000000011001110</data_item>
      <data_item mem_id="18c0" data_id="01ee">0000000111101110</data_item>
      <data_item mem_id="18d0" data_id="837b">1000001101111011</data_item>
      <data_item mem_id="18e0" data_id="025f">0000001001011111</data_item>
      <data_item mem_id="18f0" data_id="43df">0100001111011111</data_item>
      <data_item mem_id="1900" data_id="03de">0000001111011110</data_item>
      <data_item mem_id="1910" data_id="02e6">0000001011100110</data_item>
      <data_item mem_id="1920" data_id="02d7">0000001011010111</data_item>
      <data_item mem_id="1930" data_id="02fe">0000001011111110</data_item>
      <data_item mem_id="1940" data_id="03ff">0000001111111111</data_item>
      <data_item mem_id="1950" data_id="01ee">0000000111101110</data_item>
      <data_item mem_id="1960" data_id="01ee">0000000111101110</data_item>
      <data_item mem_id="1970" data_id="03ff">0000001111111111</data_item>
      <data_item mem_id="1980" data_id="015b">0000000101011011</data_item>
      <data_item mem_id="1990" data_id="435e">0100001101011110</data_item>
      <data_item mem_id="19a0" data_id="43df">0100001111011111</data_item>
      <data_item mem_id="19b0" data_id="03fe">0000001111111110</data_item>
      <data_item mem_id="19c0" data_id="03df">0000001111011111</data_item>
      <data_item mem_id="19d0" data_id="83df">1000001111011111</data_item>
      <data_item mem_id="19e0" data_id="01de">0000000111011110</data_item>
      <data_item mem_id="19f0" data_id="01ee">0000000111101110</data_item>
      <data_item mem_id="1a00" data_id="0173">0000000101110011</data_item>
      <data_item mem_id="1a10" data_id="0053">0000000001010011</data_item>
      <data_item mem_id="1a20" data_id="43df">0100001111011111</data_item>
      <data_item mem_id="1a30" data_id="415e">0100000101011110</data_item>
      <data_item mem_id="1a40" data_id="02e6">0000001011100110</data_item>
      <data_item mem_id="1a50" data_id="02c6">0000001011000110</data_item>
      <data_item mem_id="1a60" data_id="00de">0000000011011110</data_item>
      <data_item mem_id="1a70" data_id="03cf">0000001111001111</data_item>
      <data_item mem_id="1a80" data_id="01df">0000000111011111</data_item>
      <data_item mem_id="1a90" data_id="01ef">0000000111101111</data_item>
      <data_item mem_id="1aa0" data_id="01df">0000000111011111</data_item>
      <data_item mem_id="1ab0" data_id="437a">0100001101111010</data_item>
      <data_item mem_id="1ac0" data_id="435b">0100001101011011</data_item>
      <data_item mem_id="1ad0" data_id="03df">0000001111011111</data_item>
      <data_item mem_id="1ae0" data_id="03ce">0000001111001110</data_item>
      <data_item mem_id="1af0" data_id="02f6">0000001011110110</data_item>
      <data_item mem_id="1b00" data_id="02df">0000001011011111</data_item>
      <data_item mem_id="1b10" data_id="43df">0100001111011111</data_item>
      <data_item mem_id="1b20" data_id="03fe">0000001111111110</data_item>
      <data_item mem_id="1b30" data_id="01f6">0000000111110110</data_item>
      <data_item mem_id="1b40" data_id="0377">0000001101110111</data_item>
      <data_item mem_id="1b50" data_id="03ff">0000001111111111</data_item>
      <data_item mem_id="1b60" data_id="01de">0000000111011110</data_item>
      <data_item mem_id="1b70" data_id="02ee">0000001011101110</data_item>
      <data_item mem_id="1b80" data_id="40d6">0100000011010110</data_item>
      <data_item mem_id="1b90" data_id="02ff">0000001011111111</data_item>
      <data_item mem_id="1ba0" data_id="03ff">0000001111111111</data_item>
      <data_item mem_id="1bb0" data_id="01cf">0000000111001111</data_item>
      <data_item mem_id="1bc0" data_id="01ce">0000000111001110</data_item>
      <data_item mem_id="1bd0" data_id="01f7">0000000111110111</data_item>
      <data_item mem_id="1be0" data_id="0173">0000000101110011</data_item>
      <data_item mem_id="1bf0" data_id="035b">0000001101011011</data_item>
      <data_item mem_id="1c00" data_id="00de">0000000011011110</data_item>
      <data_item mem_id="1c10" data_id="03ee">0000001111101110</data_item>
      <data_item mem_id="1c20" data_id="02f7">0000001011110111</data_item>
      <data_item mem_id="1c30" data_id="02d6">0000001011010110</data_item>
      <data_item mem_id="1c40" data_id="03df">0000001111011111</data_item>
      <data_item mem_id="1c50" data_id="03ff">0000001111111111</data_item>
      <data_item mem_id="1c60" data_id="01ce">0000000111001110</data_item>
      <data_item mem_id="1c70" data_id="01c7">0000000111000111</data_item>
      <data_item mem_id="1c80" data_id="015b">0000000101011011</data_item>
      <data_item mem_id="1c90" data_id="03cf">0000001111001111</data_item>
      <data_item mem_id="1ca0" data_id="03cf">0000001111001111</data_item>
      <data_item mem_id="1cb0" data_id="01ce">0000000111001110</data_item>
      <data_item mem_id="1cc0" data_id="03ff">0000001111111111</data_item>
      <data_item mem_id="1cd0" data_id="01df">0000000111011111</data_item>
      <data_item mem_id="1ce0" data_id="01de">0000000111011110</data_item>
      <data_item mem_id="1cf0" data_id="01ce">0000000111001110</data_item>
      <data_item mem_id="1d00" data_id="01de">0000000111011110</data_item>
      <data_item mem_id="1d10" data_id="0372">0000001101110010</data_item>
      <data_item mem_id="1d20" data_id="0353">0000001101010011</data_item>
      <data_item mem_id="1d30" data_id="43df">0100001111011111</data_item>
      <data_item mem_id="1d40" data_id="43cf">0100001111001111</data_item>
      <data_item mem_id="1d50" data_id="42e6">0100001011100110</data_item>
      <data_item mem_id="1d60" data_id="02f7">0000001011110111</data_item>
      <data_item mem_id="1d70" data_id="03fe">0000001111111110</data_item>
      <data_item mem_id="1d80" data_id="03de">0000001111011110</data_item>
      <data_item mem_id="1d90" data_id="01cf">0000000111001111</data_item>
      <data_item mem_id="1da0" data_id="01ee">0000000111101110</data_item>
      <data_item mem_id="1db0" data_id="035b">0000001101011011</data_item>
      <data_item mem_id="1dc0" data_id="0352">0000001101010010</data_item>
      <data_item mem_id="1dd0" data_id="43df">0100001111011111</data_item>
      <data_item mem_id="1de0" data_id="02cf">0000001011001111</data_item>
      <data_item mem_id="1df0" data_id="02f7">0000001011110111</data_item>
      <data_item mem_id="1e00" data_id="03ff">0000001111111111</data_item>
      <data_item mem_id="1e10" data_id="03de">0000001111011110</data_item>
      <data_item mem_id="1e20" data_id="03de">0000001111011110</data_item>
      <data_item mem_id="1e30" data_id="03d7">0000001111010111</data_item>
      <data_item mem_id="1e40" data_id="0356">0000001101010110</data_item>
      <data_item mem_id="1e50" data_id="437b">0100001101111011</data_item>
      <data_item mem_id="1e60" data_id="43df">0100001111011111</data_item>
      <data_item mem_id="1e70" data_id="016f">0000000101101111</data_item>
      <data_item mem_id="1e80" data_id="03c7">0000001111000111</data_item>
      <data_item mem_id="1e90" data_id="02c6">0000001011000110</data_item>
      <data_item mem_id="1ea0" data_id="43fe">0100001111111110</data_item>
      <data_item mem_id="1eb0" data_id="43de">0100001111011110</data_item>
      <data_item mem_id="1ec0" data_id="01ce">0000000111001110</data_item>
      <data_item mem_id="1ed0" data_id="01ef">0000000111101111</data_item>
      <data_item mem_id="1ee0" data_id="0367">0000001101100111</data_item>
      <data_item mem_id="1ef0" data_id="435b">0100001101011011</data_item>
      <data_item mem_id="1f00" data_id="43df">0100001111011111</data_item>
      <data_item mem_id="1f10" data_id="43df">0100001111011111</data_item>
      <data_item mem_id="1f20" data_id="42d7">0100001011010111</data_item>
      <data_item mem_id="1f30" data_id="02d7">0000001011010111</data_item>
      <data_item mem_id="1f40" data_id="02ff">0000001011111111</data_item>
      <data_item mem_id="1f50" data_id="03df">0000001111011111</data_item>
      <data_item mem_id="1f60" data_id="018f">0000000110001111</data_item>
      <data_item mem_id="1f70" data_id="01d7">0000000111010111</data_item>
      <data_item mem_id="1f80" data_id="43ff">0100001111111111</data_item>
      <data_item mem_id="1f90" data_id="43fb">0100001111111011</data_item>
      <data_item mem_id="1fa0" data_id="43ef">0100001111101111</data_item>
      <data_item mem_id="1fb0" data_id="40c7">0100000011000111</data_item>
      <data_item mem_id="1fc0" data_id="40ff">0100000011111111</data_item>
      <data_item mem_id="1fd0" data_id="03ff">0000001111111111</data_item>
      <data_item mem_id="1fe0" data_id="42ce">0100001011001110</data_item>
      <data_item mem_id="1ff0" data_id="01ce">0000000111001110</data_item>
      <data_item mem_id="2000" data_id="01ef">0000000111101111</data_item>
      <data_item mem_id="2010" data_id="0373">0000001101110011</data_item>
      <data_item mem_id="2020" data_id="0373">0000001101110011</data_item>
      <data_item mem_id="2030" data_id="03de">0000001111011110</data_item>
      <data_item mem_id="2040" data_id="02df">0000001011011111</data_item>
      <data_item mem_id="2050" data_id="02c6">0000001011000110</data_item>
      <data_item mem_id="2060" data_id="00d7">0000000011010111</data_item>
      <data_item mem_id="2070" data_id="02df">0000001011011111</data_item>
      <data_item mem_id="2080" data_id="03ff">0000001111111111</data_item>
      <data_item mem_id="2090" data_id="01ef">0000000111101111</data_item>
      <data_item mem_id="20a0" data_id="01cf">0000000111001111</data_item>
      <data_item mem_id="20b0" data_id="41df">0100000111011111</data_item>
      <data_item mem_id="20c0" data_id="037b">0000001101111011</data_item>
      <data_item mem_id="20d0" data_id="035a">0000001101011010</data_item>
      <data_item mem_id="20e0" data_id="43cf">0100001111001111</data_item>
      <data_item mem_id="20f0" data_id="43fe">0100001111111110</data_item>
      <data_item mem_id="2100" data_id="00ff">0000000011111111</data_item>
      <data_item mem_id="2110" data_id="01de">0000000111011110</data_item>
      <data_item mem_id="2120" data_id="02df">0000001011011111</data_item>
      <data_item mem_id="2130" data_id="01fe">0000000111111110</data_item>
      <data_item mem_id="2140" data_id="0157">0000000101010111</data_item>
      <data_item mem_id="2150" data_id="015b">0000000101011011</data_item>
      <data_item mem_id="2160" data_id="03de">0000001111011110</data_item>
      <data_item mem_id="2170" data_id="43df">0100001111011111</data_item>
      <data_item mem_id="2180" data_id="02c7">0000001011000111</data_item>
      <data_item mem_id="2190" data_id="02e7">0000001011100111</data_item>
      <data_item mem_id="21a0" data_id="03ff">0000001111111111</data_item>
      <data_item mem_id="21b0" data_id="03d6">0000001111010110</data_item>
      <data_item mem_id="21c0" data_id="15cf">0001010111001111</data_item>
      <data_item mem_id="21d0" data_id="81ef">1000000111101111</data_item>
      <data_item mem_id="21e0" data_id="05f7">0000010111110111</data_item>
      <data_item mem_id="21f0" data_id="017b">0000000101111011</data_item>
      <data_item mem_id="2200" data_id="435b">0100001101011011</data_item>
      <data_item mem_id="2210" data_id="43df">0100001111011111</data_item>
      <data_item mem_id="2220" data_id="43ef">0100001111101111</data_item>
      <data_item mem_id="2230" data_id="02d7">0000001011010111</data_item>
      <data_item mem_id="2240" data_id="82f7">1000001011110111</data_item>
      <data_item mem_id="2250" data_id="01de">0000000111011110</data_item>
      <data_item mem_id="2260" data_id="43ff">0100001111111111</data_item>
      <data_item mem_id="2270" data_id="80f6">1000000011110110</data_item>
      <data_item mem_id="2280" data_id="01d7">0000000111010111</data_item>
      <data_item mem_id="2290" data_id="41de">0100000111011110</data_item>
      <data_item mem_id="22a0" data_id="c3ff">1100001111111111</data_item>
      <data_item mem_id="22b0" data_id="02ee">0000001011101110</data_item>
      <data_item mem_id="22c0" data_id="48c6">0100100011000110</data_item>
      <data_item mem_id="22d0" data_id="82de">1000001011011110</data_item>
      <data_item mem_id="22e0" data_id="808e">1000000010001110</data_item>
      <data_item mem_id="22f0" data_id="80cf">1000000011001111</data_item>
      <data_item mem_id="2300" data_id="38ee">0011100011101110</data_item>
      <data_item mem_id="2310" data_id="21d6">0010000111010110</data_item>
      <data_item mem_id="2320" data_id="33fb">0011001111111011</data_item>
      <data_item mem_id="2330" data_id="435b">0100001101011011</data_item>
      <data_item mem_id="2340" data_id="42df">0100001011011111</data_item>
      <data_item mem_id="2350" data_id="03cf">0000001111001111</data_item>
      <data_item mem_id="2360" data_id="86f6">1000011011110110</data_item>
      <data_item mem_id="2370" data_id="92f7">1001001011110111</data_item>
      <data_item mem_id="2380" data_id="e0ff">1110000011111111</data_item>
      <data_item mem_id="2390" data_id="c1ff">1100000111111111</data_item>
      <data_item mem_id="23a0" data_id="01ef">0000000111101111</data_item>
      <data_item mem_id="23b0" data_id="01e7">0000000111100111</data_item>
      <data_item mem_id="23c0" data_id="03fb">0000001111111011</data_item>
      <data_item mem_id="23d0" data_id="4bff">0100101111111111</data_item>
      <data_item mem_id="23e0" data_id="03cf">0000001111001111</data_item>
      <data_item mem_id="23f0" data_id="03cf">0000001111001111</data_item>
      <data_item mem_id="2400" data_id="03fe">0000001111111110</data_item>
      <data_item mem_id="2410" data_id="03fe">0000001111111110</data_item>
      <data_item mem_id="2420" data_id="09fe">0000100111111110</data_item>
      <data_item mem_id="2430" data_id="61ce">0110000111001110</data_item>
      <data_item mem_id="2440" data_id="81d6">1000000111010110</data_item>
      <data_item mem_id="2450" data_id="0152">0000000101010010</data_item>
      <data_item mem_id="2460" data_id="e9db">1110100111011011</data_item>
      <data_item mem_id="2470" data_id="0bdf">0000101111011111</data_item>
      <data_item mem_id="2480" data_id="0bce">0000101111001110</data_item>
      <data_item mem_id="2490" data_id="4ac7">0100101011000111</data_item>
      <data_item mem_id="24a0" data_id="42f7">0100001011110111</data_item>
      <data_item mem_id="24b0" data_id="41de">0100000111011110</data_item>
      <data_item mem_id="24c0" data_id="435e">0100001101011110</data_item>
      <data_item mem_id="24d0" data_id="81ee">1000000111101110</data_item>
      <data_item mem_id="24e0" data_id="01ee">0000000111101110</data_item>
      <data_item mem_id="24f0" data_id="497a">0100100101111010</data_item>
      <data_item mem_id="2500" data_id="0b5a">0000101101011010</data_item>
      <data_item mem_id="2510" data_id="0bde">0000101111011110</data_item>
      <data_item mem_id="2520" data_id="00c7">0000000011000111</data_item>
      <data_item mem_id="2530" data_id="50f7">0101000011110111</data_item>
      <data_item mem_id="2540" data_id="02f6">0000001011110110</data_item>
      <data_item mem_id="2550" data_id="03de">0000001111011110</data_item>
      <data_item mem_id="2560" data_id="01de">0000000111011110</data_item>
      <data_item mem_id="2570" data_id="01f6">0000000111110110</data_item>
      <data_item mem_id="2580" data_id="01f6">0000000111110110</data_item>
      <data_item mem_id="2590" data_id="417f">0100000101111111</data_item>
      <data_item mem_id="25a0" data_id="83db">1000001111011011</data_item>
      <data_item mem_id="25b0" data_id="03cf">0000001111001111</data_item>
      <data_item mem_id="25c0" data_id="42c7">0100001011000111</data_item>
      <data_item mem_id="25d0" data_id="82d7">1000001011010111</data_item>
      <data_item mem_id="25e0" data_id="43c6">0100001111000110</data_item>
      <data_item mem_id="25f0" data_id="02df">0000001011011111</data_item>
      <data_item mem_id="2600" data_id="01cf">0000000111001111</data_item>
      <data_item mem_id="2610" data_id="00ef">0000000011101111</data_item>
      <data_item mem_id="2620" data_id="0373">0000001101110011</data_item>
      <data_item mem_id="2630" data_id="417b">0100000101111011</data_item>
      <data_item mem_id="2640" data_id="43df">0100001111011111</data_item>
      <data_item mem_id="2650" data_id="03df">0000001111011111</data_item>
      <data_item mem_id="2660" data_id="82f7">1000001011110111</data_item>
      <data_item mem_id="2670" data_id="02f7">0000001011110111</data_item>
      <data_item mem_id="2680" data_id="02df">0000001011011111</data_item>
      <data_item mem_id="2690" data_id="035e">0000001101011110</data_item>
      <data_item mem_id="26a0" data_id="01ef">0000000111101111</data_item>
      <data_item mem_id="26b0" data_id="01e7">0000000111100111</data_item>
      <data_item mem_id="26c0" data_id="41ff">0100000111111111</data_item>
      <data_item mem_id="26d0" data_id="41ff">0100000111111111</data_item>
      <data_item mem_id="26e0" data_id="43cf">0100001111001111</data_item>
      <data_item mem_id="26f0" data_id="03ee">0000001111101110</data_item>
      <data_item mem_id="2700" data_id="02df">0000001011011111</data_item>
      <data_item mem_id="2710" data_id="03fe">0000001111111110</data_item>
      <data_item mem_id="2720" data_id="03de">0000001111011110</data_item>
      <data_item mem_id="2730" data_id="01cf">0000000111001111</data_item>
      <data_item mem_id="2740" data_id="01cf">0000000111001111</data_item>
      <data_item mem_id="2750" data_id="0373">0000001101110011</data_item>
      <data_item mem_id="2760" data_id="0153">0000000101010011</data_item>
      <data_item mem_id="2770" data_id="41df">0100000111011111</data_item>
      <data_item mem_id="2780" data_id="43de">0100001111011110</data_item>
      <data_item mem_id="2790" data_id="02c6">0000001011000110</data_item>
      <data_item mem_id="27a0" data_id="82e7">1000001011100111</data_item>
      <data_item mem_id="27b0" data_id="02ff">0000001011111111</data_item>
      <data_item mem_id="27c0" data_id="83df">1000001111011111</data_item>
      <data_item mem_id="27d0" data_id="01ce">0000000111001110</data_item>
      <data_item mem_id="27e0" data_id="01ce">0000000111001110</data_item>
      <data_item mem_id="27f0" data_id="01fe">0000000111111110</data_item>
   </data>
 </resultfile>
